genome	rank	taxon	parent_taxon	crown_node	crown_support	crown_descendants	target_seeds	primary_seeds	assignment_confidence	decision
AAA795-A20	Family	Pelagibacteraceae	NA	563	1	10	7	7	topology_high	topology_high
AAA795-D22	Family	Pelagibacteraceae	NA	706	1	109	65	65	topology_high	topology_high
AG-313-A04	Family	Cosmipelagibacteraceae	NA	993	1	3	3	3	topology_high	topology_high
AG-325-C18	Family	Pelagibacteraceae	NA	717	1	98	60	60	topology_high	topology_high
AG-325-C21	Family	Pelagibacteraceae	NA	548	1	317	210	206	topology_high	topology_high
AG-325-E08	Family	Pelagibacteraceae	NA	752	1	2	2	2	topology_high	topology_high
AG-325-E13	Family	Cosmipelagibacteraceae	NA	1020	1	5	3	3	topology_high	topology_high
AG-325-E20	Family	Cosmipelagibacteraceae	NA	1025	1	5	3	3	topology_high	topology_high
AG-325-G21	Family	Pelagibacteraceae	NA	548	1	317	210	206	topology_high	topology_high
AG-325-L02	Family	Pelagibacteraceae	NA	744	1	71	42	42	topology_high	topology_high
AG-325-L05	Family	Pelagibacteraceae	NA	744	1	71	42	42	topology_high	topology_high
AG-333-A04	Family	Pelagibacteraceae	NA	557	1	106	90	90	topology_high	topology_high
AG-333-D08	Family	Pelagibacteraceae	NA	744	1	71	42	42	topology_high	topology_high
AG-333-K06	Family	Pelagibacteraceae	NA	547	1	416	269	264	topology_high	topology_high
AG-333-N15	Family	Pelagibacteraceae	NA	548	1	317	210	206	topology_high	topology_high
AG-337-C09	Family	Pelagibacteraceae	NA	877	1	12	7	7	topology_high	topology_high
AG-337-C19	Family	Pelagibacteraceae	NA	957	1	3	2	2	topology_high	topology_high
AG-337-D16	Family	Pelagibacteraceae	NA	908	0.99	2	2	2	topology_high	topology_high
AG-337-D17	Family	Pelagibacteraceae	NA	728	1	4	4	4	topology_high	topology_high
AG-337-E15	Family	Cosmipelagibacteraceae	NA	1006	0.98	8	5	5	topology_high	topology_high
AG-337-G04	Family	Pelagibacteraceae	NA	880	0.98	9	6	6	topology_high	topology_high
AG-337-G11	Family	Pelagibacteraceae	NA	768	1	10	8	8	topology_high	topology_high
AG-343-E17	Family	Cosmipelagibacteraceae	NA	1034	1	2	2	2	topology_high	topology_high
AG-349-I05	Family	Pelagibacteraceae	NA	860	1	5	3	3	topology_high	topology_high
AG-349-L17	Family	Pelagibacteraceae	NA	563	1	10	7	7	topology_high	topology_high
AG-349-O05	Family	Pelagibacteraceae	NA	560	0.99	46	34	34	topology_high	topology_high
AG-359-B05	Family	Pelagibacteraceae	NA	941	1	2	2	2	topology_high	topology_high
AG-359-C09	Family	Pelagibacteraceae	NA	666	1	12	12	9	topology_high	topology_high
AG-359-D09	Family	Pelagibacteraceae	NA	805	1	3	3	3	topology_high	topology_high
AG-359-F04	Family	Pelagibacteraceae	NA	744	1	71	42	42	topology_high	topology_high
AG-359-G17	Family	Pelagibacteraceae	NA	901	1	44	30	29	topology_high	topology_high
AG-359-G22	Family	Pelagibacteraceae	NA	737	1	4	3	3	topology_high	topology_high
AG-359-M21	Family	Pelagibacteraceae	NA	670	1	2	2	2	topology_high	topology_high
AG-359-O11	Family	Pelagibacteraceae	NA	944	1	2	2	2	topology_high	topology_high
AG-359-P18	Family	Pelagibacteraceae	NA	717	1	98	60	60	topology_high	topology_high
AG-365-B19	Family	Cosmipelagibacteraceae	NA	1032	0.99	7	4	4	topology_high	topology_high
AG-365-D07	Family	Pelagibacteraceae	NA	546	1	441	284	278	topology_high	topology_high
AG-365-L04	Family	Pelagibacteraceae	NA	548	1	317	210	206	topology_high	topology_high
AG-365-O14	Family	Pelagibacteraceae	NA	548	1	317	210	206	topology_high	topology_high
AG-390-C17	Family	Pelagibacteraceae	NA	612	0.99	3	2	2	topology_high	topology_high
AG-390-C19	Family	Pelagibacteraceae	NA	546	1	441	284	278	topology_high	topology_high
AG-390-C22	Family	Cosmipelagibacteraceae	NA	1020	1	5	3	3	topology_high	topology_high
AG-390-D02	Family	Pelagibacteraceae	NA	749	1	7	4	4	topology_high	topology_high
AG-390-D15	Family	Pelagibacteraceae	NA	754	0.99	2	2	2	topology_high	topology_high
AG-390-E04	Family	Pelagibacteraceae	NA	802	1	10	4	4	topology_high	topology_high
AG-390-G11	Family	Pelagibacteraceae	NA	698	1	4	2	2	topology_high	topology_high
AG-390-G13	Family	Pelagibacteraceae	NA	548	1	317	210	206	topology_high	topology_high
AG-390-G23	Family	Pelagibacteraceae	NA	560	0.99	46	34	34	topology_high	topology_high
AG-390-I15	Family	Pelagibacteraceae	NA	690	0.98	4	2	2	topology_high	topology_high
AG-390-J13	Family	Pelagibacteraceae	NA	749	1	7	4	4	topology_high	topology_high
AG-390-J21	Family	Pelagibacteraceae	NA	782	0.99	3	2	2	topology_high	topology_high
AG-390-L03	Family	Pelagibacteraceae	NA	698	1	4	2	2	topology_high	topology_high
AG-390-M02	Family	Pelagibacteraceae	NA	749	1	7	4	4	topology_high	topology_high
AG-390-M07	Family	Pelagibacteraceae	NA	744	1	71	42	42	topology_high	topology_high
AG-390-M14	Family	Pelagibacteraceae	NA	579	1	2	2	2	topology_high	topology_high
AG-390-M15	Family	Cosmipelagibacteraceae	NA	1023	1	2	2	2	topology_high	topology_high
AG-390-O04	Family	Pelagibacteraceae	NA	706	1	109	65	65	topology_high	topology_high
AG-404-B04	Family	Pelagibacteraceae	NA	547	1	416	269	264	topology_high	topology_high
AG-404-J20	Family	Pelagibacteraceae	NA	547	1	416	269	264	topology_high	topology_high
AG-404-O05	Family	Pelagibacteraceae	NA	548	1	317	210	206	topology_high	topology_high
AG-404-O18	Family	Pelagibacteraceae	NA	548	1	317	210	206	topology_high	topology_high
AG-404-P13	Family	Pelagibacteraceae	NA	877	1	12	7	7	topology_high	topology_high
AG-410-K05	Family	Pelagibacteraceae	NA	744	1	71	42	42	topology_high	topology_high
AG-410-L19	Family	Pelagibacteraceae	NA	802	1	10	4	4	topology_high	topology_high
AG-410-O02	Family	Pelagibacteraceae	NA	601	0.99	2	2	2	topology_high	topology_high
AG-414-B08	Family	Pelagibacteraceae	NA	547	1	416	269	264	topology_high	topology_high
AG-414-B15	Family	Cosmipelagibacteraceae	NA	1034	1	2	2	2	topology_high	topology_high
AG-414-L04	Family	Pelagibacteraceae	NA	548	1	317	210	206	topology_high	topology_high
AG-414-M23	Family	Pelagibacteraceae	NA	546	1	441	284	278	topology_high	topology_high
AG-414-O09	Family	Pelagibacteraceae	NA	883	1	4	3	3	topology_high	topology_high
AG-414-O11	Family	Pelagibacteraceae	NA	676	0.99	2	2	1	topology_high	topology_high
AG-422-A21	Family	Cosmipelagibacteraceae	NA	1036	0.99	3	2	2	topology_high	topology_high
AG-422-B22	Family	Pelagibacteraceae	NA	602	1	3	3	3	topology_high	topology_high
AG-422-C13	Family	Pelagibacteraceae	NA	802	1	10	4	4	topology_high	topology_high
AG-422-C20	Family	Pelagibacteraceae	NA	563	1	10	7	7	topology_high	topology_high
AG-422-D23	Family	Pelagibacteraceae	NA	560	0.99	46	34	34	topology_high	topology_high
AG-422-E09	Family	Pelagibacteraceae	NA	560	0.99	46	34	34	topology_high	topology_high
AG-422-F15	Family	Cosmipelagibacteraceae	NA	998	1	2	2	2	topology_high	topology_high
AG-422-G03	Family	Pelagibacteraceae	NA	563	1	10	7	7	topology_high	topology_high
AG-422-K17	Family	Cosmipelagibacteraceae	NA	1006	0.98	8	5	5	topology_high	topology_high
AG-422-L15	Family	Cosmipelagibacteraceae	NA	1027	1	3	2	2	topology_high	topology_high
AG-422-N14	Family	Pelagibacteraceae	NA	546	1	441	284	278	topology_high	topology_high
AG-422-N15	Family	Pelagibacteraceae	NA	548	1	317	210	206	topology_high	topology_high
AG-426-C04	Family	Pelagibacteraceae	NA	547	1	416	269	264	topology_high	topology_high
AG-426-D09	Family	Pelagibacteraceae	NA	739	1	2	2	2	topology_high	topology_high
AG-426-E13	Family	Pelagibacteraceae	NA	901	1	44	30	29	topology_high	topology_high
AG-426-E17	Family	Pelagibacteraceae	NA	970	1	3	3	2	topology_high	topology_high
AG-426-F15	Family	Pelagibacteraceae	NA	876	1	23	15	15	topology_high	topology_high
AG-426-G09	Family	Pelagibacteraceae	NA	546	1	441	284	278	topology_high	topology_high
AG-426-I10	Family	Pelagibacteraceae	NA	744	1	71	42	42	topology_high	topology_high
AG-426-I15	Family	Cosmipelagibacteraceae	NA	1036	0.99	3	2	2	topology_high	topology_high
AG-426-K09	Family	Pelagibacteraceae	NA	876	1	23	15	15	topology_high	topology_high
AG-426-M05	Family	Pelagibacteraceae	NA	601	0.99	2	2	2	topology_high	topology_high
AG-426-M19	Family	Pelagibacteraceae	NA	915	1	2	2	2	topology_high	topology_high
AG-426-O05	Family	Cosmipelagibacteraceae	NA	1036	0.99	3	2	2	topology_high	topology_high
AG-426-P08	Family	Pelagibacteraceae	NA	706	1	109	65	65	topology_high	topology_high
AG-430-A11	Family	Pelagibacteraceae	NA	555	1	150	128	124	topology_high	topology_high
AG-430-B09	Family	Pelagibacteraceae	NA	551	1	294	207	203	topology_high	topology_high
AG-430-E20	Family	Pelagibacteraceae	NA	681	1	4	4	4	topology_high	topology_high
AG-430-F03	Family	Cosmipelagibacteraceae	NA	1031	0.99	8	5	5	topology_high	topology_high
AG-430-F16	Family	Pelagibacteraceae	NA	983	1	2	2	2	topology_high	topology_high
AG-430-G11	Family	Pelagibacteraceae	NA	548	1	317	210	206	topology_high	topology_high
AG-430-I18	Family	Pelagibacteraceae	NA	861	1	4	2	2	topology_high	topology_high
AG-430-J04	Family	Pelagibacteraceae	NA	980	1	7	5	5	topology_high	topology_high
AG-430-J21	Family	Pelagibacteraceae	NA	547	1	416	269	264	topology_high	topology_high
AG-430-K07	Family	Pelagibacteraceae	NA	548	1	317	210	206	topology_high	topology_high
AG-439-B12	Family	Pelagibacteraceae	NA	547	1	416	269	264	topology_high	topology_high
AG-439-C08	Family	Cosmipelagibacteraceae	NA	1032	0.99	7	4	4	topology_high	topology_high
AG-439-C18	Family	Pelagibacteraceae	NA	548	1	317	210	206	topology_high	topology_high
AG-439-E23	Family	Pelagibacteraceae	NA	547	1	416	269	264	topology_high	topology_high
AG-439-G19	Family	Pelagibacteraceae	NA	547	1	416	269	264	topology_high	topology_high
AG-439-O15	Family	Pelagibacteraceae	NA	546	1	441	284	278	topology_high	topology_high
AG-447-B22	Family	Pelagibacteraceae	NA	717	1	98	60	60	topology_high	topology_high
AG-447-C08	Family	Pelagibacteraceae	NA	573	0.96	2	2	2	topology_high	topology_high
AG-447-E19	Family	Pelagibacteraceae	NA	560	0.99	46	34	34	topology_high	topology_high
AG-447-F10	Family	Pelagibacteraceae	NA	733	1	2	2	2	topology_high	topology_high
AG-447-K09	Family	Pelagibacteraceae	NA	802	1	10	4	4	topology_high	topology_high
AG-447-K11	Family	Pelagibacteraceae	NA	612	0.99	3	2	2	topology_high	topology_high
AG-447-L03	Family	Pelagibacteraceae	NA	560	0.99	46	34	34	topology_high	topology_high
AG-447-L10	Family	Pelagibacteraceae	NA	599	0.99	7	6	6	topology_high	topology_high
AG-447-L14	Family	Pelagibacteraceae	NA	744	1	71	42	42	topology_high	topology_high
AG-447-M05	Family	Pelagibacteraceae	NA	701	1	4	4	4	topology_high	topology_high
AG-447-M10	Family	Pelagibacteraceae	NA	563	1	10	7	7	topology_high	topology_high
AG-447-N08	Family	Pelagibacteraceae	NA	744	1	71	42	42	topology_high	topology_high
AG-447-N18	Family	Pelagibacteraceae	NA	784	0.98	4	4	4	topology_high	topology_high
AG-447-N21	Family	Pelagibacteraceae	NA	547	1	416	269	264	topology_high	topology_high
AG-447-O23	Family	Pelagibacteraceae	NA	706	1	109	65	65	topology_high	topology_high
AG-447-P03	Family	Pelagibacteraceae	NA	593	1	6	3	3	topology_high	topology_high
AG-447-P22	Family	Pelagibacteraceae	NA	737	1	4	3	3	topology_high	topology_high
AG-453-G04	Family	Cosmipelagibacteraceae	NA	1001	1	2	2	2	topology_high	topology_high
AG-453-K22	Family	Pelagibacteraceae	NA	980	1	7	5	5	topology_high	topology_high
AG-457-B14	Family	Pelagibacteraceae	NA	690	0.98	4	2	2	topology_high	topology_high
AG-461-E04	Family	Cosmipelagibacteraceae	NA	1020	1	5	3	3	topology_high	topology_high
AG-461-L09	Family	Pelagibacteraceae	NA	887	1	2	2	2	topology_high	topology_high
AG-461-M18	Family	Pelagibacteraceae	NA	972	1	9	7	7	topology_high	topology_high
AG-464-P13	Family	Pelagibacteraceae	NA	548	1	317	210	206	topology_high	topology_high
AG-470-D02	Family	Pelagibacteraceae	NA	690	0.98	4	2	2	topology_high	topology_high
AG-891-A05	Family	Pelagibacteraceae	NA	603	1	2	2	2	topology_high	topology_high
AG-891-C15	Family	Pelagibacteraceae	NA	797	1	2	2	2	topology_high	topology_high
AG-891-E06	Family	Pelagibacteraceae	NA	971	1	2	2	1	topology_high	topology_high
AG-891-G02	Family	Pelagibacteraceae	NA	612	0.99	3	2	2	topology_high	topology_high
AG-891-I18	Family	Pelagibacteraceae	NA	560	0.99	46	34	34	topology_high	topology_high
AG-891-J07	Family	Pelagibacteraceae	NA	690	0.98	4	2	2	topology_high	topology_high
AG-891-N03	Family	Pelagibacteraceae	NA	901	1	44	30	29	topology_high	topology_high
AG-891-O15	Family	Cosmipelagibacteraceae	NA	1002	1	2	2	2	topology_high	topology_high
AG-892-A22	Family	Pelagibacteraceae	NA	598	1	2	2	2	topology_high	topology_high
AG-892-B11	Family	Pelagibacteraceae	NA	941	1	2	2	2	topology_high	topology_high
AG-892-C18	Family	Pelagibacteraceae	NA	744	1	71	42	42	topology_high	topology_high
AG-892-E08	Family	Pelagibacteraceae	NA	678	1	2	2	1	topology_high	topology_high
AG-892-F02	Family	Pelagibacteraceae	NA	593	1	6	3	3	topology_high	topology_high
AG-892-F15	Family	Pelagibacteraceae	NA	910	0.99	3	3	3	topology_high	topology_high
AG-892-J03	Family	Pelagibacteraceae	NA	901	1	44	30	29	topology_high	topology_high
AG-892-K05	Family	Pelagibacteraceae	NA	774	1	2	2	2	topology_high	topology_high
AG-892-K09	Family	Pelagibacteraceae	NA	547	1	416	269	264	topology_high	topology_high
AG-892-L05	Family	Pelagibacteraceae	NA	548	1	317	210	206	topology_high	topology_high
AG-892-L17	Family	Pelagibacteraceae	NA	593	1	6	3	3	topology_high	topology_high
AG-893-F11	Family	Pelagibacteraceae	NA	770	1	8	7	7	topology_high	topology_high
AG-893-I20	Family	Pelagibacteraceae	NA	735	1	3	2	2	topology_high	topology_high
AG-893-J08	Family	Pelagibacteraceae	NA	900	1	45	31	30	topology_high	topology_high
AG-893-K09	Family	Pelagibacteraceae	NA	975	1	2	2	2	topology_high	topology_high
AG-893-L07	Family	Pelagibacteraceae	NA	885	1	2	2	2	topology_high	topology_high
AG-893-L13	Family	Pelagibacteraceae	NA	959	1	2	2	2	topology_high	topology_high
AG-893-M22	Family	Pelagibacteraceae	NA	925	1	3	2	2	topology_high	topology_high
AG-893-N07	Family	Pelagibacteraceae	NA	901	1	44	30	29	topology_high	topology_high
AG-893-P02	Family	Pelagibacteraceae	NA	957	1	3	2	2	topology_high	topology_high
AG-893-P10	Family	Pelagibacteraceae	NA	744	1	71	42	42	topology_high	topology_high
AG-894-A03	Family	Pelagibacteraceae	NA	901	1	44	30	29	topology_high	topology_high
AG-894-A09	Family	Fontibacteriaceae	NA	1042	1	12	8	8	topology_high	topology_high
AG-894-B06	Family	Pelagibacteraceae	NA	916	1	2	2	2	topology_high	topology_high
AG-894-B07	Family	Pelagibacteraceae	NA	795	1	5	5	5	topology_high	topology_high
AG-894-C14	Family	Pelagibacteraceae	NA	685	1	3	3	3	topology_high	topology_high
AG-894-E10	Family	Pelagibacteraceae	NA	940	1	3	3	3	topology_high	topology_high
AG-894-F15	Family	Pelagibacteraceae	NA	901	1	44	30	29	topology_high	topology_high
AG-894-K14	Family	Pelagibacteraceae	NA	730	1	2	2	2	topology_high	topology_high
AG-894-K15	Family	Pelagibacteraceae	NA	768	1	10	8	8	topology_high	topology_high
AG-894-L13	Family	Pelagibacteraceae	NA	776	1	2	2	2	topology_high	topology_high
AG-894-L17	Family	Pelagibacteraceae	NA	887	1	2	2	2	topology_high	topology_high
AG-894-L19	Family	Pelagibacteraceae	NA	901	1	44	30	29	topology_high	topology_high
AG-894-O09	Family	Pelagibacteraceae	NA	560	0.99	46	34	34	topology_high	topology_high
AG-894-P23	Family	Pelagibacteraceae	NA	593	1	6	3	3	topology_high	topology_high
AG-895-F17	Family	Pelagibacteraceae	NA	579	1	2	2	2	topology_high	topology_high
AG-895-G15	Family	Pelagibacteraceae	NA	547	1	416	269	264	topology_high	topology_high
AG-895-J19	Family	Pelagibacteraceae	NA	776	1	2	2	2	topology_high	topology_high
AG-895-K10	Family	Pelagibacteraceae	NA	761	1	2	2	2	topology_high	topology_high
AG-896-C18	Family	Pelagibacteraceae	NA	802	1	10	4	4	topology_high	topology_high
AG-896-F06	Family	Pelagibacteraceae	NA	881	0.99	8	5	5	topology_high	topology_high
AG-896-G07	Family	Pelagibacteraceae	NA	901	1	44	30	29	topology_high	topology_high
AG-896-K10	Family	Pelagibacteraceae	NA	797	1	2	2	2	topology_high	topology_high
AG-896-L20	Family	Pelagibacteraceae	NA	735	1	3	2	2	topology_high	topology_high
AG-896-O18	Family	Pelagibacteraceae	NA	598	1	2	2	2	topology_high	topology_high
AG-897-G09	Family	Pelagibacteraceae	NA	901	1	44	30	29	topology_high	topology_high
AG-897-G15	Family	Pelagibacteraceae	NA	730	1	2	2	2	topology_high	topology_high
AG-897-O16	Family	Pelagibacteraceae	NA	908	0.99	2	2	2	topology_high	topology_high
AG-898-C07	Family	Pelagibacteraceae	NA	624	0.98	2	2	2	topology_high	topology_high
AG-898-G21	Family	Pelagibacteraceae	NA	911	1	2	2	2	topology_high	topology_high
AG-898-P13	Family	Pelagibacteraceae	NA	547	1	416	269	264	topology_high	topology_high
AG-899-A06	Family	Pelagibacteraceae	NA	901	1	44	30	29	topology_high	topology_high
AG-899-B09	Family	Pelagibacteraceae	NA	949	1	4	2	2	topology_high	topology_high
AG-899-D19	Family	Pelagibacteraceae	NA	949	1	4	2	2	topology_high	topology_high
AG-899-E14	Family	Cosmipelagibacteraceae	NA	1013	0.98	7	4	4	topology_high	topology_high
AG-899-G02	Family	Pelagibacteraceae	NA	772	1	5	4	4	topology_high	topology_high
AG-899-J02	Family	Pelagibacteraceae	NA	662	1	32	30	26	topology_high	topology_high
AG-899-J23	Family	Pelagibacteraceae	NA	727	1	5	5	5	topology_high	topology_high
AG-899-M07	Family	Pelagibacteraceae	NA	762	1	2	2	2	topology_high	topology_high
AG-899-M19	Family	Pelagibacteraceae	NA	959	1	2	2	2	topology_high	topology_high
AG-899-N21	Family	Pelagibacteraceae	NA	678	1	2	2	1	topology_high	topology_high
AG-899-O04	Family	Pelagibacteraceae	NA	901	1	44	30	29	topology_high	topology_high
AG-900-G16	Family	Pelagibacteraceae	NA	925	1	3	2	2	topology_high	topology_high
AG-900-I13	Family	Pelagibacteraceae	NA	901	1	44	30	29	topology_high	topology_high
AG-900-I19	Family	Pelagibacteraceae	NA	937	1	2	2	2	topology_high	topology_high
AG-900-K21	Family	Pelagibacteraceae	NA	775	1	2	2	2	topology_high	topology_high
AG-901-I06	Family	Pelagibacteraceae	NA	876	1	23	15	15	topology_high	topology_high
AG-901-I21	Family	Pelagibacteraceae	NA	975	1	2	2	2	topology_high	topology_high
AG-903-C11	Family	Pelagibacteraceae	NA	916	1	2	2	2	topology_high	topology_high
AG-903-D02	Family	Pelagibacteraceae	NA	681	1	4	4	4	topology_high	topology_high
AG-903-F09	Family	Pelagibacteraceae	NA	782	0.99	3	2	2	topology_high	topology_high
AG-903-K07	Family	Pelagibacteraceae	NA	983	1	2	2	2	topology_high	topology_high
AG-903-L07	Family	Pelagibacteraceae	NA	893	1	2	2	2	topology_high	topology_high
AG-903-M21	Family	Cosmipelagibacteraceae	NA	1019	1	2	2	2	topology_high	topology_high
AG-903-O08	Family	Pelagibacteraceae	NA	789	1	3	3	3	topology_high	topology_high
AG-904-F11	Family	Cosmipelagibacteraceae	NA	1027	1	3	2	2	topology_high	topology_high
AG-904-F17	Family	Pelagibacteraceae	NA	679	1	2	2	2	topology_high	topology_high
AG-904-K03	Family	Pelagibacteraceae	NA	885	1	2	2	2	topology_high	topology_high
AG-905-A07	Family	Pelagibacteraceae	NA	762	1	2	2	2	topology_high	topology_high
AG-905-E10	Family	Pelagibacteraceae	NA	767	1	36	30	30	topology_high	topology_high
AG-905-E11	Family	Pelagibacteraceae	NA	876	1	23	15	15	topology_high	topology_high
AG-905-G04	Family	Pelagibacteraceae	NA	767	1	36	30	30	topology_high	topology_high
AG-905-M05	Family	Pelagibacteraceae	NA	957	1	3	2	2	topology_high	topology_high
AG-905-O08	Family	Pelagibacteraceae	NA	893	1	2	2	2	topology_high	topology_high
AG-907-B09	Family	Fontibacteriaceae	NA	1042	1	12	8	8	topology_high	topology_high
AG-907-C04	Family	Pelagibacteraceae	NA	733	1	2	2	2	topology_high	topology_high
AG-907-E04	Family	Pelagibacteraceae	NA	985	1	2	2	2	topology_high	topology_high
AG-907-F09	Family	Pelagibacteraceae	NA	877	1	12	7	7	topology_high	topology_high
AG-908-C18	Family	Pelagibacteraceae	NA	585	1	3	2	2	topology_high	topology_high
AG-908-F18	Family	Pelagibacteraceae	NA	883	1	4	3	3	topology_high	topology_high
AG-908-F20	Family	Pelagibacteraceae	NA	775	1	2	2	2	topology_high	topology_high
AG-908-L09	Family	Pelagibacteraceae	NA	942	1	2	2	2	topology_high	topology_high
AG-909-A17	Family	Pelagibacteraceae	NA	973	1	8	6	6	topology_high	topology_high
AG-909-F14	Family	Pelagibacteraceae	NA	917	1	2	2	2	topology_high	topology_high
AG-909-G08	Family	Pelagibacteraceae	NA	725	1	13	11	11	topology_high	topology_high
AG-909-J05	Family	Pelagibacteraceae	NA	732	1	6	4	4	topology_high	topology_high
AG-910-B05	Family	Pelagibacteraceae	NA	739	1	2	2	2	topology_high	topology_high
AG-910-G11	Family	Cosmipelagibacteraceae	NA	998	1	2	2	2	topology_high	topology_high
AG-911-E04	Family	Pelagibacteraceae	NA	723	1	19	15	15	topology_high	topology_high
AG-911-G03	Family	Pelagibacteraceae	NA	667	0.99	11	11	8	topology_high	topology_high
AG-911-G13	Family	Cosmipelagibacteraceae	NA	1017	0.98	3	3	3	topology_high	topology_high
AG-911-N14	Family	Pelagibacteraceae	NA	861	1	4	2	2	topology_high	topology_high
AG-912-A14	Family	Pelagibacteraceae	NA	901	1	44	30	29	topology_high	topology_high
AG-912-C08	Family	Pelagibacteraceae	NA	774	1	2	2	2	topology_high	topology_high
AG-912-D10	Family	Cosmipelagibacteraceae	NA	1024	1	6	4	4	topology_high	topology_high
AG-912-F16	Family	Pelagibacteraceae	NA	681	1	4	4	4	topology_high	topology_high
AG-912-I02	Family	Pelagibacteraceae	NA	917	1	2	2	2	topology_high	topology_high
AG-912-L11	Family	Pelagibacteraceae	NA	563	1	10	7	7	topology_high	topology_high
AG-912-P19	Family	Cosmipelagibacteraceae	NA	1011	1	2	2	2	topology_high	topology_high
AG-913-A04	Family	Pelagibacteraceae	NA	667	0.99	11	11	8	topology_high	topology_high
AG-913-C02	Family	Pelagibacteraceae	NA	548	1	317	210	206	topology_high	topology_high
AG-913-C03	Family	Pelagibacteraceae	NA	672	1	2	2	2	topology_high	topology_high
AG-913-F03	Family	Pelagibacteraceae	NA	560	0.99	46	34	34	topology_high	topology_high
AG-913-G10	Family	Pelagibacteraceae	NA	901	1	44	30	29	topology_high	topology_high
AG-913-I06	Family	Cosmipelagibacteraceae	NA	1006	0.98	8	5	5	topology_high	topology_high
AG-913-I09	Family	Pelagibacteraceae	NA	901	1	44	30	29	topology_high	topology_high
AG-913-I14	Family	Cosmipelagibacteraceae	NA	1013	0.98	7	4	4	topology_high	topology_high
AG-913-L03	Family	Pelagibacteraceae	NA	599	0.99	7	6	6	topology_high	topology_high
AG-913-M13	Family	Pelagibacteraceae	NA	560	0.99	46	34	34	topology_high	topology_high
AG-913-N09	Family	Pelagibacteraceae	NA	901	1	44	30	29	topology_high	topology_high
AG-913-O18	Family	Pelagibacteraceae	NA	876	1	23	15	15	topology_high	topology_high
AG-914-A09	Family	Pelagibacteraceae	NA	985	1	2	2	2	topology_high	topology_high
AG-914-B14	Family	Pelagibacteraceae	NA	603	1	2	2	2	topology_high	topology_high
AG-914-I16	Family	Cosmipelagibacteraceae	NA	1013	0.98	7	4	4	topology_high	topology_high
AG-914-J05	Family	Cosmipelagibacteraceae	NA	1018	1	2	2	2	topology_high	topology_high
AG-914-L04	Family	Pelagibacteraceae	NA	744	1	71	42	42	topology_high	topology_high
AG-914-L20	Family	Pelagibacteraceae	NA	861	1	4	2	2	topology_high	topology_high
AG-914-N11	Family	Cosmipelagibacteraceae	NA	1006	0.98	8	5	5	topology_high	topology_high
AG-914-P23	Family	Pelagibacteraceae	NA	676	0.99	2	2	1	topology_high	topology_high
AG-915-G13	Family	Pelagibacteraceae	NA	876	1	23	15	15	topology_high	topology_high
AG-915-G14	Family	Pelagibacteraceae	NA	944	1	2	2	2	topology_high	topology_high
AG-915-K13	Family	Pelagibacteraceae	NA	679	1	2	2	2	topology_high	topology_high
AG-916-A16	Family	Pelagibacteraceae	NA	735	1	3	2	2	topology_high	topology_high
AG-916-A21	Family	Pelagibacteraceae	NA	971	1	2	2	1	topology_high	topology_high
AG-916-B06	Family	Pelagibacteraceae	NA	901	1	44	30	29	topology_high	topology_high
AG-916-B15	Family	Pelagibacteraceae	NA	881	0.99	8	5	5	topology_high	topology_high
AG-916-D16	Family	Cosmipelagibacteraceae	NA	1025	1	5	3	3	topology_high	topology_high
AG-916-E17	Family	Cosmipelagibacteraceae	NA	1011	1	2	2	2	topology_high	topology_high
AG-916-E19	Family	Pelagibacteraceae	NA	915	1	2	2	2	topology_high	topology_high
AG-916-G03	Family	Cosmipelagibacteraceae	NA	987	1	52	36	36	topology_high	topology_high
AG-916-G09	Family	Pelagibacteraceae	NA	894	1	2	2	2	topology_high	topology_high
AG-916-G19	Family	Pelagibacteraceae	NA	754	0.99	2	2	2	topology_high	topology_high
AG-916-J11	Family	Pelagibacteraceae	NA	548	1	317	210	206	topology_high	topology_high
AG-916-L11	Family	Pelagibacteraceae	NA	901	1	44	30	29	topology_high	topology_high
AG-916-M15	Family	Pelagibacteraceae	NA	688	1	2	2	2	topology_high	topology_high
AG-916-N14	Family	Pelagibacteraceae	NA	560	0.99	46	34	34	topology_high	topology_high
AG-916-O13	Family	Pelagibacteraceae	NA	982	0.96	3	3	3	topology_high	topology_high
AG-916-O20	Family	Pelagibacteraceae	NA	876	1	23	15	15	topology_high	topology_high
AG-917-B07	Family	Pelagibacteraceae	NA	977	1	2	2	2	topology_high	topology_high
AG-917-C08	Family	Pelagibacteraceae	NA	672	1	2	2	2	topology_high	topology_high
AG-917-C11	Family	Pelagibacteraceae	NA	667	0.99	11	11	8	topology_high	topology_high
AG-917-D03	Family	Pelagibacteraceae	NA	901	1	44	30	29	topology_high	topology_high
AG-917-D09	Family	Pelagibacteraceae	NA	949	1	4	2	2	topology_high	topology_high
AG-917-D14	Family	Pelagibacteraceae	NA	942	1	2	2	2	topology_high	topology_high
AG-917-D23	Family	Pelagibacteraceae	NA	901	1	44	30	29	topology_high	topology_high
AG-917-E05	Family	Pelagibacteraceae	NA	952	1	2	2	2	topology_high	topology_high
AG-917-E14	Family	Cosmipelagibacteraceae	NA	1013	0.98	7	4	4	topology_high	topology_high
AG-917-F16	Family	Pelagibacteraceae	NA	956	1	4	3	3	topology_high	topology_high
AG-917-F18	Family	Cosmipelagibacteraceae	NA	1000	1	3	3	3	topology_high	topology_high
AG-917-I17	Family	Pelagibacteraceae	NA	687	1	3	3	3	topology_high	topology_high
AG-917-J06	Family	Pelagibacteraceae	NA	563	1	10	7	7	topology_high	topology_high
AG-917-K06	Family	Pelagibacteraceae	NA	767	1	36	30	30	topology_high	topology_high
AG-917-K20	Family	Cosmipelagibacteraceae	NA	999	1	2	2	2	topology_high	topology_high
AG-917-M15	Family	Pelagibacteraceae	NA	973	1	8	6	6	topology_high	topology_high
AG-917-M22	Family	Pelagibacteraceae	NA	667	0.99	11	11	8	topology_high	topology_high
AG-917-O20	Family	Pelagibacteraceae	NA	767	1	36	30	30	topology_high	topology_high
AG-917-P07	Family	Pelagibacteraceae	NA	667	0.99	11	11	8	topology_high	topology_high
AG-918-B06	Family	Pelagibacteraceae	NA	894	1	2	2	2	topology_high	topology_high
AG-918-E02	Family	Pelagibacteraceae	NA	901	1	44	30	29	topology_high	topology_high
AG-918-G06	Family	Pelagibacteraceae	NA	782	0.99	3	2	2	topology_high	topology_high
AG-918-G15	Family	Pelagibacteraceae	NA	949	1	4	2	2	topology_high	topology_high
AG-918-G22	Family	Pelagibacteraceae	NA	937	1	2	2	2	topology_high	topology_high
AG-918-K09	Family	Pelagibacteraceae	NA	686	1	2	2	2	topology_high	topology_high
AG-918-K13	Family	Pelagibacteraceae	NA	901	1	44	30	29	topology_high	topology_high
AG-918-L07	Family	Pelagibacteraceae	NA	670	1	2	2	2	topology_high	topology_high
AG-918-L21	Family	Pelagibacteraceae	NA	686	1	2	2	2	topology_high	topology_high
AG-918-M15	Family	Cosmipelagibacteraceae	NA	1018	1	2	2	2	topology_high	topology_high
AG-918-N23	Family	Cosmipelagibacteraceae	NA	994	1	2	2	2	topology_high	topology_high
AG-919-A21	Family	Pelagibacteraceae	NA	717	1	98	60	60	topology_high	topology_high
AG-919-C02	Family	Pelagibacteraceae	NA	801	1	2	2	2	topology_high	topology_high
AG-919-F03	Family	Pelagibacteraceae	NA	761	1	2	2	2	topology_high	topology_high
AG-919-F21	Family	Cosmipelagibacteraceae	NA	1001	1	2	2	2	topology_high	topology_high
AG-919-I13	Family	Cosmipelagibacteraceae	NA	1006	0.98	8	5	5	topology_high	topology_high
AG-919-L02	Family	Pelagibacteraceae	NA	790	1	2	2	2	topology_high	topology_high
AG-919-M05	Family	Cosmipelagibacteraceae	NA	1006	0.98	8	5	5	topology_high	topology_high
AG-919-O02	Family	Pelagibacteraceae	NA	717	1	98	60	60	topology_high	topology_high
AG-920-D05	Family	Pelagibacteraceae	NA	563	1	10	7	7	topology_high	topology_high
AG-920-I06	Family	Pelagibacteraceae	NA	973	1	8	6	6	topology_high	topology_high
AG-920-I23	Family	Pelagibacteraceae	NA	547	1	416	269	264	topology_high	topology_high
AG-920-J04	Family	Pelagibacteraceae	NA	688	1	2	2	2	topology_high	topology_high
AG-920-L07	Family	Cosmipelagibacteraceae	NA	1027	1	3	2	2	topology_high	topology_high
AG-920-L19	Family	Pelagibacteraceae	NA	977	1	2	2	2	topology_high	topology_high
AG-920-L20	Family	Pelagibacteraceae	NA	925	1	3	2	2	topology_high	topology_high
AH-287-B07	Family	Pelagibacteraceae	NA	606	0.95	2	2	2	topology_high	topology_high
AH-287-C13	Family	Cosmipelagibacteraceae	NA	999	1	2	2	2	topology_high	topology_high
AH-287-E08	Family	Pelagibacteraceae	NA	802	1	10	4	4	topology_high	topology_high
AH-287-E17	Family	Pelagibacteraceae	NA	608	0.99	3	2	2	topology_high	topology_high
AH-287-E19	Family	Cosmipelagibacteraceae	NA	1019	1	2	2	2	topology_high	topology_high
AH-287-G05	Family	Pelagibacteraceae	NA	785	1	3	3	3	topology_high	topology_high
AH-287-J18	Family	Pelagibacteraceae	NA	743	1	2	2	2	topology_high	topology_high
AH-287-O09	Family	Pelagibacteraceae	NA	952	1	2	2	2	topology_high	topology_high
AH-321-A17	Family	Pelagibacteraceae	NA	605	0.99	6	4	4	topology_high	topology_high
AH-321-D17	Family	Pelagibacteraceae	NA	786	0.99	2	2	2	topology_high	topology_high
AH-321-I23	Family	Cosmipelagibacteraceae	NA	991	1	30	23	23	topology_high	topology_high
AH-321-L23	Family	Pelagibacteraceae	NA	806	1	2	2	2	topology_high	topology_high
AH-321-M13	Family	Pelagibacteraceae	NA	786	0.99	2	2	2	topology_high	topology_high
AH-321-N11	Family	Pelagibacteraceae	NA	706	1	109	65	65	topology_high	topology_high
AH-321-P04	Family	Pelagibacteraceae	NA	806	1	2	2	2	topology_high	topology_high
AH-324-B10	Family	Pelagibacteraceae	NA	976	1	3	3	3	topology_high	topology_high
AH-324-E14	Family	Pelagibacteraceae	NA	861	1	4	2	2	topology_high	topology_high
AH-324-F03	Family	Pelagibacteraceae	NA	608	0.99	3	2	2	topology_high	topology_high
AH-324-J07	Family	Pelagibacteraceae	NA	606	0.95	2	2	2	topology_high	topology_high
AH-324-K07	Family	Pelagibacteraceae	NA	706	1	109	65	65	topology_high	topology_high
AH-324-K09	Family	Pelagibacteraceae	NA	898	0.99	56	39	38	topology_high	topology_high
AH-324-N03	Family	Pelagibacteraceae	NA	608	0.99	3	2	2	topology_high	topology_high
BACL5_MAG-120820-bin39	Family	Pelagibacteraceae	NA	553	1	262	193	189	topology_high	topology_high
BACL5_MAG-121015-bin10	Family	Pelagibacteraceae	NA	553	1	262	193	189	topology_high	topology_high
Baikal-G1	Family	Pelagibacteraceae	NA	553	1	262	193	189	topology_high	topology_high
CPC289	Family	Fontibacteriaceae	NA	1046	1	8	6	6	topology_high	topology_high
ETNP2013_S02_SV82_300m_MAG_01	Family	Cosmipelagibacteraceae	NA	1030	1	9	6	6	topology_high	topology_high
FZCC0015	Family	Pelagibacteraceae	NA	573	0.96	2	2	2	topology_high	topology_high
GOM-A1	Family	Pelagibacteraceae	NA	911	1	2	2	2	topology_high	topology_high
HIMB058	Family	Cosmipelagibacteraceae	NA	994	1	2	2	2	topology_high	topology_high
HIMB083	Family	Pelagibacteraceae	NA	563	1	10	7	7	topology_high	topology_high
HIMB109	Family	Fontibacteriaceae	NA	1051	1	3	3	3	topology_high	topology_high
HIMB114	Family	Fontibacteriaceae	NA	1052	1	2	2	2	topology_high	topology_high
HIMB122	Family	Pelagibacteraceae	NA	618	0.98	39	39	39	topology_high	topology_high
HIMB123	Family	Pelagibacteraceae	NA	597	0.99	2	2	2	topology_high	topology_high
HIMB1321	Family	Pelagibacteraceae	NA	714	1	2	2	2	topology_high	topology_high
HIMB140	Family	Pelagibacteraceae	NA	647	0.95	4	4	4	topology_high	topology_high
HIMB1402	Family	Pelagibacteraceae	NA	798	1	2	2	2	topology_high	topology_high
HIMB1409	Family	Pelagibacteraceae	NA	585	1	3	2	2	topology_high	topology_high
HIMB1412	Family	Pelagibacteraceae	NA	814	1	7	7	7	topology_high	topology_high
HIMB1413	Family	Pelagibacteraceae	NA	585	1	3	2	2	topology_high	topology_high
HIMB1420	Family	Pelagibacteraceae	NA	815	1	6	6	6	topology_high	topology_high
HIMB1427	Family	Pelagibacteraceae	NA	816	1	5	5	5	topology_high	topology_high
HIMB1430	Family	Pelagibacteraceae	NA	649	1	2	2	2	topology_high	topology_high
HIMB1436	Family	Pelagibacteraceae	NA	731	1	7	5	5	topology_high	topology_high
HIMB1437	Family	Pelagibacteraceae	NA	767	1	36	30	30	topology_high	topology_high
HIMB1444	Family	Pelagibacteraceae	NA	590	0.99	2	2	2	topology_high	topology_high
HIMB1456	Family	Pelagibacteraceae	NA	563	1	10	7	7	topology_high	topology_high
HIMB1463	Family	Pelagibacteraceae	NA	818	1	2	2	2	topology_high	topology_high
HIMB1483	Family	Pelagibacteraceae	NA	802	1	10	4	4	topology_high	topology_high
HIMB1485	Family	Pelagibacteraceae	NA	622	0.98	4	4	4	topology_high	topology_high
HIMB1488	Family	Pelagibacteraceae	NA	626	1	3	3	3	topology_high	topology_high
HIMB1490	Family	Pelagibacteraceae	NA	657	0.98	2	2	2	topology_high	topology_high
HIMB1491	Family	Pelagibacteraceae	NA	657	0.98	2	2	2	topology_high	topology_high
HIMB1492	Family	Pelagibacteraceae	NA	634	1	4	4	4	topology_high	topology_high
HIMB1493	Family	Pelagibacteraceae	NA	636	0.99	2	2	2	topology_high	topology_high
HIMB1494	Family	Pelagibacteraceae	NA	656	1	2	2	2	topology_high	topology_high
HIMB1495	Family	Pelagibacteraceae	NA	656	1	2	2	2	topology_high	topology_high
HIMB1505	Family	Pelagibacteraceae	NA	715	1	2	2	2	topology_high	topology_high
HIMB1506	Family	Pelagibacteraceae	NA	627	1	2	2	2	topology_high	topology_high
HIMB1507	Family	Pelagibacteraceae	NA	618	0.98	39	39	39	topology_high	topology_high
HIMB1509	Family	Pelagibacteraceae	NA	618	0.98	39	39	39	topology_high	topology_high
HIMB1513	Family	Pelagibacteraceae	NA	652	1	2	2	2	topology_high	topology_high
HIMB1517	Family	Fontibacteriaceae	NA	1050	1	4	4	4	topology_high	topology_high
HIMB1518	Family	Pelagibacteraceae	NA	635	1	3	3	3	topology_high	topology_high
HIMB1520	Family	Pelagibacteraceae	NA	819	1	2	2	2	topology_high	topology_high
HIMB1521	Family	Pelagibacteraceae	NA	652	1	2	2	2	topology_high	topology_high
HIMB1526	Family	Pelagibacteraceae	NA	641	0.96	5	5	5	topology_high	topology_high
HIMB1527	Family	Pelagibacteraceae	NA	714	1	2	2	2	topology_high	topology_high
HIMB1542	Family	Pelagibacteraceae	NA	654	1	2	2	2	topology_high	topology_high
HIMB1549	Family	Pelagibacteraceae	NA	712	1	5	5	5	topology_high	topology_high
HIMB1552	Family	Pelagibacteraceae	NA	641	0.96	5	5	5	topology_high	topology_high
HIMB1556	Family	Pelagibacteraceae	NA	645	1	2	2	2	topology_high	topology_high
HIMB1559	Family	Pelagibacteraceae	NA	659	1	3	3	3	topology_high	topology_high
HIMB1564	Family	Pelagibacteraceae	NA	818	1	2	2	2	topology_high	topology_high
HIMB1565	Family	Fontibacteriaceae	NA	1052	1	2	2	2	topology_high	topology_high
HIMB1573	Family	Pelagibacteraceae	NA	651	1	3	3	3	topology_high	topology_high
HIMB1577	Family	Pelagibacteraceae	NA	655	1	2	2	2	topology_high	topology_high
HIMB1587	Family	Pelagibacteraceae	NA	660	1	2	2	2	topology_high	topology_high
HIMB1593	Family	Pelagibacteraceae	NA	617	0.98	40	40	40	topology_high	topology_high
HIMB1597	Family	Pelagibacteraceae	NA	660	1	2	2	2	topology_high	topology_high
HIMB1602	Family	Pelagibacteraceae	NA	624	0.98	2	2	2	topology_high	topology_high
HIMB1611	Family	Pelagibacteraceae	NA	648	1	3	3	3	topology_high	topology_high
HIMB1623	Family	Pelagibacteraceae	NA	661	1	2	2	2	topology_high	topology_high
HIMB1631	Family	Pelagibacteraceae	NA	655	1	2	2	2	topology_high	topology_high
HIMB1636	Family	Pelagibacteraceae	NA	641	0.96	5	5	5	topology_high	topology_high
HIMB1641	Family	Pelagibacteraceae	NA	641	0.96	5	5	5	topology_high	topology_high
HIMB1662	Family	Pelagibacteraceae	NA	638	1	9	9	9	topology_high	topology_high
HIMB1685	Family	Pelagibacteraceae	NA	658	0.99	4	4	4	topology_high	topology_high
HIMB1695	Family	Pelagibacteraceae	NA	654	1	2	2	2	topology_high	topology_high
HIMB1701	Family	Pelagibacteraceae	NA	618	0.98	39	39	39	topology_high	topology_high
HIMB1702	Family	Pelagibacteraceae	NA	645	1	2	2	2	topology_high	topology_high
HIMB1709	Family	Pelagibacteraceae	NA	661	1	2	2	2	topology_high	topology_high
HIMB1710	Family	Pelagibacteraceae	NA	641	0.96	5	5	5	topology_high	topology_high
HIMB1715	Family	Pelagibacteraceae	NA	623	0.98	3	3	3	topology_high	topology_high
HIMB1723	Family	Pelagibacteraceae	NA	637	1	10	10	10	topology_high	topology_high
HIMB1746	Family	Pelagibacteraceae	NA	653	1	3	3	3	topology_high	topology_high
HIMB1748	Family	Pelagibacteraceae	NA	640	1	6	6	6	topology_high	topology_high
HIMB1758	Family	Pelagibacteraceae	NA	649	1	2	2	2	topology_high	topology_high
HIMB1765	Family	Pelagibacteraceae	NA	621	0.98	5	5	5	topology_high	topology_high
HIMB1770	Family	Pelagibacteraceae	NA	636	0.99	2	2	2	topology_high	topology_high
HIMB1782	Family	Pelagibacteraceae	NA	618	0.98	39	39	39	topology_high	topology_high
HIMB1835	Family	Pelagibacteraceae	NA	790	1	2	2	2	topology_high	topology_high
HIMB1838	Family	Pelagibacteraceae	NA	798	1	2	2	2	topology_high	topology_high
HIMB1863	Family	Pelagibacteraceae	NA	767	1	36	30	30	topology_high	topology_high
HIMB2104	Family	Pelagibacteraceae	NA	767	1	36	30	30	topology_high	topology_high
HIMB2187	Family	Pelagibacteraceae	NA	743	1	2	2	2	topology_high	topology_high
HIMB2200	Family	Pelagibacteraceae	NA	788	1	4	4	4	topology_high	topology_high
HIMB2201	Family	Pelagibacteraceae	NA	590	0.99	2	2	2	topology_high	topology_high
HIMB2204	Family	Pelagibacteraceae	NA	801	1	2	2	2	topology_high	topology_high
HIMB2211	Family	Pelagibacteraceae	NA	627	1	2	2	2	topology_high	topology_high
HIMB2215	Family	Pelagibacteraceae	NA	767	1	36	30	30	topology_high	topology_high
HIMB2226	Family	Pelagibacteraceae	NA	723	1	19	15	15	topology_high	topology_high
HIMB2250	Family	Pelagibacteraceae	NA	560	0.99	46	34	34	topology_high	topology_high
HIMB2304	Family	Pelagibacteraceae	NA	597	0.99	2	2	2	topology_high	topology_high
HIMB2305	Family	Pelagibacteraceae	NA	946	1	8	6	6	topology_high	topology_high
HIMB4	Family	Pelagibacteraceae	NA	715	1	2	2	2	topology_high	topology_high
HIMB5	Family	Pelagibacteraceae	NA	819	1	2	2	2	topology_high	topology_high
HTCC1002	Family	Pelagibacteraceae	NA	834	1	3	3	3	topology_high	topology_high
HTCC1013	Family	Pelagibacteraceae	NA	835	1	2	2	2	topology_high	topology_high
HTCC1016	Family	Pelagibacteraceae	NA	833	1	4	4	4	topology_high	topology_high
HTCC1040	Family	Pelagibacteraceae	NA	832	1	5	5	5	topology_high	topology_high
HTCC1062	Family	Pelagibacteraceae	NA	835	1	2	2	2	topology_high	topology_high
HTCC7211	Family	Pelagibacteraceae	NA	703	1	2	2	2	topology_high	topology_high
HTCC7214	Family	Pelagibacteraceae	NA	702	1	3	3	3	topology_high	topology_high
HTCC7217	Family	Pelagibacteraceae	NA	703	1	2	2	2	topology_high	topology_high
HTCC8051	Family	Pelagibacteraceae	NA	697	1	5	3	3	topology_high	topology_high
HTCC9022	Family	Pelagibacteraceae	NA	696	1	6	4	4	topology_high	topology_high
HTCC9565	Family	Pelagibacteraceae	NA	822	0.97	23	7	7	topology_high	topology_high
IMCC9063	Family	Fontibacteriaceae	NA	1053	1	2	2	2	topology_high	topology_high
LSUCC0261	Family	Fontibacteriaceae	NA	1053	1	2	2	2	topology_high	topology_high
LSUCC0530	Family	Fontibacteriaceae	NA	1054	1	8	8	8	topology_high	topology_high
LSUCC0664	Family	Fontibacteriaceae	NA	1045	1	9	7	7	topology_high	topology_high
LSUCC0723	Family	Fontibacteriaceae	NA	1049	1	5	5	5	topology_high	topology_high
ME-17	Family	Fontibacteriaceae	NA	1058	0.99	2	2	2	topology_high	topology_high
ME-18	Family	Fontibacteriaceae	NA	1059	1	2	2	2	topology_high	topology_high
ME-20	Family	Fontibacteriaceae	NA	1059	1	2	2	2	topology_high	topology_high
ME-31	Family	Fontibacteriaceae	NA	1058	0.99	2	2	2	topology_high	topology_high
ME-33	Family	Fontibacteriaceae	NA	1057	0.99	3	3	3	topology_high	topology_high
MED-G40	Family	Cosmipelagibacteraceae	NA	987	1	52	36	36	topology_high	topology_high
MED1116	Family	Fontibacteriaceae	NA	1046	1	8	6	6	topology_high	topology_high
MED602	Family	Fontibacteriaceae	NA	1042	1	12	8	8	topology_high	topology_high
MKE-138	Family	Fontibacteriaceae	NA	1060	1	2	2	2	topology_high	topology_high
MiE-29	Family	Fontibacteriaceae	NA	1060	1	2	2	2	topology_high	topology_high
NP1	Family	Pelagibacteraceae	NA	831	1	6	6	6	topology_high	topology_high
RIS-SAG-41	Family	Pelagibacteraceae	NA	822	0.97	23	7	7	topology_high	topology_high
RS39	Family	Pelagibacteraceae	NA	729	1	3	3	3	topology_high	topology_high
RS40	Family	Pelagibacteraceae	NA	948	1	5	3	3	topology_high	topology_high
SAG-MED01	Family	Pelagibacteraceae	NA	744	1	71	42	42	topology_high	topology_high
SAG-MED05	Family	Cosmipelagibacteraceae	NA	1023	1	2	2	2	topology_high	topology_high
SAG-MED06	Family	Pelagibacteraceae	NA	698	1	4	2	2	topology_high	topology_high
SAG-MED08	Family	Pelagibacteraceae	NA	681	1	4	4	4	topology_high	topology_high
SAG-MED11	Family	Pelagibacteraceae	NA	752	1	2	2	2	topology_high	topology_high
SAG-MED13	Family	Pelagibacteraceae	NA	717	1	98	60	60	topology_high	topology_high
SAG-MED15	Family	Pelagibacteraceae	NA	548	1	317	210	206	topology_high	topology_high
SAG-MED22	Family	Pelagibacteraceae	NA	689	1	5	3	3	topology_high	topology_high
SAG-MED28	Family	Cosmipelagibacteraceae	NA	1002	1	2	2	2	topology_high	topology_high
SAG-MED47	Family	Pelagibacteraceae	NA	744	1	71	42	42	topology_high	topology_high
SAG-MED49	Family	Pelagibacteraceae	NA	694	1	11	8	8	topology_high	topology_high
SAG-MED50	Family	Pelagibacteraceae	NA	698	1	4	2	2	topology_high	topology_high
SP27	Family	Fontibacteriaceae	NA	1046	1	8	6	6	topology_high	topology_high
Uisw_090	Family	Pelagibacteraceae	NA	822	0.97	23	7	7	topology_high	topology_high
Uisw_092	Family	Pelagibacteraceae	NA	822	0.97	23	7	7	topology_high	topology_high
Uisw_094	Family	Pelagibacteraceae	NA	822	0.97	23	7	7	topology_high	topology_high
Uisw_099_02	Family	Pelagibacteraceae	NA	822	0.97	23	7	7	topology_high	topology_high
Uisw_101	Family	Pelagibacteraceae	NA	822	0.97	23	7	7	topology_high	topology_high
Uisw_104	Family	Pelagibacteraceae	NA	822	0.97	23	7	7	topology_high	topology_high
Uisw_106	Family	Pelagibacteraceae	NA	822	0.97	23	7	7	topology_high	topology_high
Uisw_113	Family	Pelagibacteraceae	NA	822	0.97	23	7	7	topology_high	topology_high
Uisw_114	Family	Pelagibacteraceae	NA	822	0.97	23	7	7	topology_high	topology_high
Uisw_116	Family	Pelagibacteraceae	NA	822	0.97	23	7	7	topology_high	topology_high
Uisw_121	Family	Pelagibacteraceae	NA	822	0.97	23	7	7	topology_high	topology_high
Uisw_127	Family	Pelagibacteraceae	NA	822	0.97	23	7	7	topology_high	topology_high
Uisw_130	Family	Pelagibacteraceae	NA	822	0.97	23	7	7	topology_high	topology_high
Uisw_134_02	Family	Pelagibacteraceae	NA	551	1	294	207	203	topology_high	topology_high
Uisw_136	Family	Pelagibacteraceae	NA	822	0.97	23	7	7	topology_high	topology_high
Uisw_137	Family	Pelagibacteraceae	NA	822	0.97	23	7	7	topology_high	topology_high
AAA795-A20	Genus_Subclade	Ia.3.V	Pelagibacteraceae	563	1	10	7	7	topology_high	topology_high
AG-313-A04	Genus_Subclade	IIa.B	Cosmipelagibacteraceae	993	1	3	3	3	topology_high	topology_high
AG-325-E08	Genus_Subclade	Ia.4.N2	Pelagibacteraceae	752	1	2	2	2	topology_high	topology_high
AG-325-E13	Genus_Subclade	IIa.B	Cosmipelagibacteraceae	1021	1	4	4	4	topology_high	topology_high
AG-337-C09	Genus_Subclade	Ib.2.I	Pelagibacteraceae	877	1	12	7	7	topology_high	topology_high
AG-337-C19	Genus_Subclade	Ib.N10	Pelagibacteraceae	957	1	3	2	2	topology_high	topology_high
AG-337-D16	Genus_Subclade	Ib.1.III	Pelagibacteraceae	908	0.99	2	2	2	topology_high	topology_high
AG-337-D17	Genus_Subclade	Ia.4.N5	Pelagibacteraceae	728	1	4	4	4	topology_high	topology_high
AG-337-E15	Genus_Subclade	IIa.B	Cosmipelagibacteraceae	1006	0.98	8	8	8	topology_high	topology_high
AG-337-G04	Genus_Subclade	Ib.2.I	Pelagibacteraceae	880	0.98	9	6	6	topology_high	topology_high
AG-337-G11	Genus_Subclade	Ia.4.N3	Pelagibacteraceae	768	1	10	8	8	topology_high	topology_high
AG-349-I05	Genus_Subclade	Ib.N11	Pelagibacteraceae	860	1	5	3	3	topology_high	topology_high
AG-349-L17	Genus_Subclade	Ia.3.V	Pelagibacteraceae	563	1	10	7	7	topology_high	topology_high
AG-349-O05	Genus_Subclade	Ia.3.V	Pelagibacteraceae	560	0.99	46	34	34	topology_high	topology_high
AG-359-B05	Genus_Subclade	Ib.1.III	Pelagibacteraceae	941	1	2	2	2	topology_high	topology_high
AG-359-C09	Genus_Subclade	Ia.3.VII	Pelagibacteraceae	666	1	12	12	9	topology_high	topology_high
AG-359-D09	Genus_Subclade	Ia.4.N4	Pelagibacteraceae	805	1	3	3	3	topology_high	topology_high
AG-359-G17	Genus_Subclade	Ib.1.III	Pelagibacteraceae	901	1	44	30	29	topology_high	topology_high
AG-359-G22	Genus_Subclade	Ia.4.N5	Pelagibacteraceae	737	1	4	3	3	topology_high	topology_high
AG-359-M21	Genus_Subclade	Ia.3.VII	Pelagibacteraceae	670	1	2	2	2	topology_high	topology_high
AG-359-O11	Genus_Subclade	Ib.1.III	Pelagibacteraceae	944	1	2	2	2	topology_high	topology_high
AG-390-C17	Genus_Subclade	Ia.3.VI	Pelagibacteraceae	612	0.99	3	2	2	topology_high	topology_high
AG-390-C22	Genus_Subclade	IIa.B	Cosmipelagibacteraceae	1022	1	3	3	3	topology_high	topology_high
AG-390-D02	Genus_Subclade	Ia.4.N2	Pelagibacteraceae	749	1	7	4	4	topology_high	topology_high
AG-390-D15	Genus_Subclade	Ia.4.N2	Pelagibacteraceae	754	0.99	2	2	2	topology_high	topology_high
AG-390-G11	Genus_Subclade	Ia.3.IV	Pelagibacteraceae	698	1	4	2	2	topology_high	topology_high
AG-390-G23	Genus_Subclade	Ia.3.V	Pelagibacteraceae	560	0.99	46	34	34	topology_high	topology_high
AG-390-I15	Genus_Subclade	Ia.3.VII	Pelagibacteraceae	690	0.98	4	2	2	topology_high	topology_high
AG-390-J13	Genus_Subclade	Ia.4.N2	Pelagibacteraceae	749	1	7	4	4	topology_high	topology_high
AG-390-J21	Genus_Subclade	Ia.4.II	Pelagibacteraceae	782	0.99	3	2	2	topology_high	topology_high
AG-390-L03	Genus_Subclade	Ia.3.IV	Pelagibacteraceae	698	1	4	2	2	topology_high	topology_high
AG-390-M02	Genus_Subclade	Ia.4.N2	Pelagibacteraceae	749	1	7	4	4	topology_high	topology_high
AG-390-M14	Genus_Subclade	Ia.3.V	Pelagibacteraceae	579	1	2	2	2	topology_high	topology_high
AG-390-M15	Genus_Subclade	IIa.B	Cosmipelagibacteraceae	1023	1	2	2	2	topology_high	topology_high
AG-404-P13	Genus_Subclade	Ib.2.I	Pelagibacteraceae	877	1	12	7	7	topology_high	topology_high
AG-410-O02	Genus_Subclade	Ia.3.V	Pelagibacteraceae	601	0.99	2	2	2	topology_high	topology_high
AG-414-O09	Genus_Subclade	Ib.2.I	Pelagibacteraceae	883	1	4	3	3	topology_high	topology_high
AG-414-O11	Genus_Subclade	Ia.3.VII	Pelagibacteraceae	676	0.99	2	2	1	topology_high	topology_high
AG-422-B22	Genus_Subclade	Ia.3.V	Pelagibacteraceae	602	1	3	3	3	topology_high	topology_high
AG-422-C20	Genus_Subclade	Ia.3.V	Pelagibacteraceae	563	1	10	7	7	topology_high	topology_high
AG-422-D23	Genus_Subclade	Ia.3.V	Pelagibacteraceae	560	0.99	46	34	34	topology_high	topology_high
AG-422-E09	Genus_Subclade	Ia.3.V	Pelagibacteraceae	560	0.99	46	34	34	topology_high	topology_high
AG-422-F15	Genus_Subclade	IIa.B	Cosmipelagibacteraceae	998	1	2	2	2	topology_high	topology_high
AG-422-G03	Genus_Subclade	Ia.3.V	Pelagibacteraceae	563	1	10	7	7	topology_high	topology_high
AG-422-K17	Genus_Subclade	IIa.B	Cosmipelagibacteraceae	1008	0.98	2	2	2	topology_high	topology_high
AG-426-D09	Genus_Subclade	Ia.4.N5	Pelagibacteraceae	739	1	2	2	2	topology_high	topology_high
AG-426-E13	Genus_Subclade	Ib.1.III	Pelagibacteraceae	901	1	44	30	29	topology_high	topology_high
AG-426-E17	Genus_Subclade	Ib.4.I	Pelagibacteraceae	970	1	3	3	2	topology_high	topology_high
AG-426-M05	Genus_Subclade	Ia.3.V	Pelagibacteraceae	601	0.99	2	2	2	topology_high	topology_high
AG-426-M19	Genus_Subclade	Ib.1.III	Pelagibacteraceae	915	1	2	2	2	topology_high	topology_high
AG-430-E20	Genus_Subclade	Ia.3.VII	Pelagibacteraceae	681	1	4	4	4	topology_high	topology_high
AG-430-I18	Genus_Subclade	Ib.N11	Pelagibacteraceae	861	1	4	2	2	topology_high	topology_high
AG-447-C08	Genus_Subclade	Ia.3.V	Pelagibacteraceae	573	0.96	2	2	2	topology_high	topology_high
AG-447-E19	Genus_Subclade	Ia.3.V	Pelagibacteraceae	560	0.99	46	34	34	topology_high	topology_high
AG-447-F10	Genus_Subclade	Ia.4.N5	Pelagibacteraceae	733	1	2	2	2	topology_high	topology_high
AG-447-K11	Genus_Subclade	Ia.3.VI	Pelagibacteraceae	612	0.99	3	2	2	topology_high	topology_high
AG-447-L03	Genus_Subclade	Ia.3.V	Pelagibacteraceae	560	0.99	46	34	34	topology_high	topology_high
AG-447-L10	Genus_Subclade	Ia.3.V	Pelagibacteraceae	599	0.99	7	6	6	topology_high	topology_high
AG-447-M05	Genus_Subclade	Ia.3.I	Pelagibacteraceae	701	1	4	4	4	topology_high	topology_high
AG-447-M10	Genus_Subclade	Ia.3.V	Pelagibacteraceae	563	1	10	7	7	topology_high	topology_high
AG-447-N18	Genus_Subclade	Ia.4.II	Pelagibacteraceae	784	0.98	4	4	4	topology_high	topology_high
AG-447-P03	Genus_Subclade	Ia.3.V	Pelagibacteraceae	593	1	6	3	3	topology_high	topology_high
AG-447-P22	Genus_Subclade	Ia.4.N5	Pelagibacteraceae	737	1	4	3	3	topology_high	topology_high
AG-453-G04	Genus_Subclade	IIa.B	Cosmipelagibacteraceae	1001	1	2	2	2	topology_high	topology_high
AG-457-B14	Genus_Subclade	Ia.3.VII	Pelagibacteraceae	690	0.98	4	2	2	topology_high	topology_high
AG-461-E04	Genus_Subclade	IIa.B	Cosmipelagibacteraceae	1020	1	5	5	5	topology_high	topology_high
AG-461-L09	Genus_Subclade	Ib.2.I	Pelagibacteraceae	887	1	2	2	2	topology_high	topology_high
AG-461-M18	Genus_Subclade	Ib.4.N8	Pelagibacteraceae	972	1	9	7	7	topology_high	topology_high
AG-470-D02	Genus_Subclade	Ia.3.VII	Pelagibacteraceae	690	0.98	4	2	2	topology_high	topology_high
AG-891-A05	Genus_Subclade	Ia.3.V	Pelagibacteraceae	603	1	2	2	2	topology_high	topology_high
AG-891-C15	Genus_Subclade	Ia.4.II	Pelagibacteraceae	797	1	2	2	2	topology_high	topology_high
AG-891-E06	Genus_Subclade	Ib.4.I	Pelagibacteraceae	971	1	2	2	1	topology_high	topology_high
AG-891-G02	Genus_Subclade	Ia.3.VI	Pelagibacteraceae	612	0.99	3	2	2	topology_high	topology_high
AG-891-I18	Genus_Subclade	Ia.3.V	Pelagibacteraceae	560	0.99	46	34	34	topology_high	topology_high
AG-891-J07	Genus_Subclade	Ia.3.VII	Pelagibacteraceae	690	0.98	4	2	2	topology_high	topology_high
AG-891-N03	Genus_Subclade	Ib.1.III	Pelagibacteraceae	901	1	44	30	29	topology_high	topology_high
AG-891-O15	Genus_Subclade	IIa.B	Cosmipelagibacteraceae	1002	1	2	2	2	topology_high	topology_high
AG-892-A22	Genus_Subclade	Ia.3.V	Pelagibacteraceae	598	1	2	2	2	topology_high	topology_high
AG-892-B11	Genus_Subclade	Ib.1.III	Pelagibacteraceae	941	1	2	2	2	topology_high	topology_high
AG-892-E08	Genus_Subclade	Ia.3.VII	Pelagibacteraceae	678	1	2	2	1	topology_high	topology_high
AG-892-F02	Genus_Subclade	Ia.3.V	Pelagibacteraceae	593	1	6	3	3	topology_high	topology_high
AG-892-F15	Genus_Subclade	Ib.1.III	Pelagibacteraceae	910	0.99	3	3	3	topology_high	topology_high
AG-892-J03	Genus_Subclade	Ib.1.III	Pelagibacteraceae	901	1	44	30	29	topology_high	topology_high
AG-892-K05	Genus_Subclade	Ia.4.N3	Pelagibacteraceae	774	1	2	2	2	topology_high	topology_high
AG-892-L17	Genus_Subclade	Ia.3.V	Pelagibacteraceae	593	1	6	3	3	topology_high	topology_high
AG-893-F11	Genus_Subclade	Ia.4.N3	Pelagibacteraceae	770	1	8	7	7	topology_high	topology_high
AG-893-I20	Genus_Subclade	Ia.4.N5	Pelagibacteraceae	735	1	3	2	2	topology_high	topology_high
AG-893-J08	Genus_Subclade	Ib.1.III	Pelagibacteraceae	900	1	45	31	30	topology_high	topology_high
AG-893-K09	Genus_Subclade	Ib.4.N8	Pelagibacteraceae	975	1	2	2	2	topology_high	topology_high
AG-893-L07	Genus_Subclade	Ib.2.I	Pelagibacteraceae	885	1	2	2	2	topology_high	topology_high
AG-893-L13	Genus_Subclade	Ib.N10	Pelagibacteraceae	959	1	2	2	2	topology_high	topology_high
AG-893-M22	Genus_Subclade	Ib.1.III	Pelagibacteraceae	925	1	3	2	2	topology_high	topology_high
AG-893-N07	Genus_Subclade	Ib.1.III	Pelagibacteraceae	901	1	44	30	29	topology_high	topology_high
AG-893-P02	Genus_Subclade	Ib.N10	Pelagibacteraceae	957	1	3	2	2	topology_high	topology_high
AG-894-A03	Genus_Subclade	Ib.1.III	Pelagibacteraceae	901	1	44	30	29	topology_high	topology_high
AG-894-B06	Genus_Subclade	Ib.1.III	Pelagibacteraceae	916	1	2	2	2	topology_high	topology_high
AG-894-B07	Genus_Subclade	Ia.4.II	Pelagibacteraceae	795	1	5	5	5	topology_high	topology_high
AG-894-C14	Genus_Subclade	Ia.3.VII	Pelagibacteraceae	685	1	3	3	3	topology_high	topology_high
AG-894-E10	Genus_Subclade	Ib.1.III	Pelagibacteraceae	940	1	3	3	3	topology_high	topology_high
AG-894-F15	Genus_Subclade	Ib.1.III	Pelagibacteraceae	901	1	44	30	29	topology_high	topology_high
AG-894-K14	Genus_Subclade	Ia.4.N5	Pelagibacteraceae	730	1	2	2	2	topology_high	topology_high
AG-894-K15	Genus_Subclade	Ia.4.N3	Pelagibacteraceae	768	1	10	8	8	topology_high	topology_high
AG-894-L13	Genus_Subclade	Ia.4.N3	Pelagibacteraceae	776	1	2	2	2	topology_high	topology_high
AG-894-L17	Genus_Subclade	Ib.2.I	Pelagibacteraceae	887	1	2	2	2	topology_high	topology_high
AG-894-L19	Genus_Subclade	Ib.1.III	Pelagibacteraceae	901	1	44	30	29	topology_high	topology_high
AG-894-O09	Genus_Subclade	Ia.3.V	Pelagibacteraceae	560	0.99	46	34	34	topology_high	topology_high
AG-894-P23	Genus_Subclade	Ia.3.V	Pelagibacteraceae	593	1	6	3	3	topology_high	topology_high
AG-895-F17	Genus_Subclade	Ia.3.V	Pelagibacteraceae	579	1	2	2	2	topology_high	topology_high
AG-895-J19	Genus_Subclade	Ia.4.N3	Pelagibacteraceae	776	1	2	2	2	topology_high	topology_high
AG-895-K10	Genus_Subclade	Ia.4.N6	Pelagibacteraceae	761	1	2	2	2	topology_high	topology_high
AG-896-F06	Genus_Subclade	Ib.2.I	Pelagibacteraceae	881	0.99	8	5	5	topology_high	topology_high
AG-896-G07	Genus_Subclade	Ib.1.III	Pelagibacteraceae	901	1	44	30	29	topology_high	topology_high
AG-896-K10	Genus_Subclade	Ia.4.II	Pelagibacteraceae	797	1	2	2	2	topology_high	topology_high
AG-896-L20	Genus_Subclade	Ia.4.N5	Pelagibacteraceae	735	1	3	2	2	topology_high	topology_high
AG-896-O18	Genus_Subclade	Ia.3.V	Pelagibacteraceae	598	1	2	2	2	topology_high	topology_high
AG-897-G09	Genus_Subclade	Ib.1.III	Pelagibacteraceae	901	1	44	30	29	topology_high	topology_high
AG-897-G15	Genus_Subclade	Ia.4.N5	Pelagibacteraceae	730	1	2	2	2	topology_high	topology_high
AG-897-O16	Genus_Subclade	Ib.1.III	Pelagibacteraceae	908	0.99	2	2	2	topology_high	topology_high
AG-898-C07	Genus_Subclade	Ia.3.VI	Pelagibacteraceae	624	0.98	2	2	2	topology_high	topology_high
AG-898-G21	Genus_Subclade	Ib.1.III	Pelagibacteraceae	911	1	2	2	2	topology_high	topology_high
AG-899-A06	Genus_Subclade	Ib.1.III	Pelagibacteraceae	901	1	44	30	29	topology_high	topology_high
AG-899-B09	Genus_Subclade	Ib.1	Pelagibacteraceae	949	1	4	2	2	topology_high	topology_high
AG-899-D19	Genus_Subclade	Ib.1	Pelagibacteraceae	949	1	4	2	2	topology_high	topology_high
AG-899-E14	Genus_Subclade	IIa.B	Cosmipelagibacteraceae	1015	1	2	2	2	topology_high	topology_high
AG-899-G02	Genus_Subclade	Ia.4.N3	Pelagibacteraceae	772	1	5	4	4	topology_high	topology_high
AG-899-J02	Genus_Subclade	Ia.3.VII	Pelagibacteraceae	662	1	32	30	26	topology_high	topology_high
AG-899-J23	Genus_Subclade	Ia.4.N5	Pelagibacteraceae	727	1	5	5	5	topology_high	topology_high
AG-899-M07	Genus_Subclade	Ia.4.N6	Pelagibacteraceae	762	1	2	2	2	topology_high	topology_high
AG-899-M19	Genus_Subclade	Ib.N10	Pelagibacteraceae	959	1	2	2	2	topology_high	topology_high
AG-899-N21	Genus_Subclade	Ia.3.VII	Pelagibacteraceae	678	1	2	2	1	topology_high	topology_high
AG-899-O04	Genus_Subclade	Ib.1.III	Pelagibacteraceae	901	1	44	30	29	topology_high	topology_high
AG-900-G16	Genus_Subclade	Ib.1.III	Pelagibacteraceae	925	1	3	2	2	topology_high	topology_high
AG-900-I13	Genus_Subclade	Ib.1.III	Pelagibacteraceae	901	1	44	30	29	topology_high	topology_high
AG-900-I19	Genus_Subclade	Ib.1.III	Pelagibacteraceae	937	1	2	2	2	topology_high	topology_high
AG-900-K21	Genus_Subclade	Ia.4.N3	Pelagibacteraceae	775	1	2	2	2	topology_high	topology_high
AG-901-I21	Genus_Subclade	Ib.4.N8	Pelagibacteraceae	975	1	2	2	2	topology_high	topology_high
AG-903-C11	Genus_Subclade	Ib.1.III	Pelagibacteraceae	916	1	2	2	2	topology_high	topology_high
AG-903-D02	Genus_Subclade	Ia.3.VII	Pelagibacteraceae	681	1	4	4	4	topology_high	topology_high
AG-903-F09	Genus_Subclade	Ia.4.II	Pelagibacteraceae	782	0.99	3	2	2	topology_high	topology_high
AG-903-L07	Genus_Subclade	Ib.2.N7	Pelagibacteraceae	893	1	2	2	2	topology_high	topology_high
AG-903-M21	Genus_Subclade	IIa.B	Cosmipelagibacteraceae	1019	1	2	2	2	topology_high	topology_high
AG-903-O08	Genus_Subclade	Ia.4.II	Pelagibacteraceae	789	1	3	3	3	topology_high	topology_high
AG-904-F17	Genus_Subclade	Ia.3.VII	Pelagibacteraceae	679	1	2	2	2	topology_high	topology_high
AG-904-K03	Genus_Subclade	Ib.2.I	Pelagibacteraceae	885	1	2	2	2	topology_high	topology_high
AG-905-A07	Genus_Subclade	Ia.4.N6	Pelagibacteraceae	762	1	2	2	2	topology_high	topology_high
AG-905-M05	Genus_Subclade	Ib.N10	Pelagibacteraceae	957	1	3	2	2	topology_high	topology_high
AG-905-O08	Genus_Subclade	Ib.2.N7	Pelagibacteraceae	893	1	2	2	2	topology_high	topology_high
AG-907-C04	Genus_Subclade	Ia.4.N5	Pelagibacteraceae	733	1	2	2	2	topology_high	topology_high
AG-907-E04	Genus_Subclade	Ib.2.N9	Pelagibacteraceae	985	1	2	2	2	topology_high	topology_high
AG-907-F09	Genus_Subclade	Ib.2.I	Pelagibacteraceae	877	1	12	7	7	topology_high	topology_high
AG-908-C18	Genus_Subclade	Ia.3.V	Pelagibacteraceae	585	1	3	2	2	topology_high	topology_high
AG-908-F18	Genus_Subclade	Ib.2.I	Pelagibacteraceae	883	1	4	3	3	topology_high	topology_high
AG-908-F20	Genus_Subclade	Ia.4.N3	Pelagibacteraceae	775	1	2	2	2	topology_high	topology_high
AG-908-L09	Genus_Subclade	Ib.1.III	Pelagibacteraceae	942	1	2	2	2	topology_high	topology_high
AG-909-A17	Genus_Subclade	Ib.4.N8	Pelagibacteraceae	973	1	8	6	6	topology_high	topology_high
AG-909-F14	Genus_Subclade	Ib.1.III	Pelagibacteraceae	917	1	2	2	2	topology_high	topology_high
AG-909-G08	Genus_Subclade	Ia.4.N5	Pelagibacteraceae	725	1	13	11	11	topology_high	topology_high
AG-909-J05	Genus_Subclade	Ia.4.N5	Pelagibacteraceae	732	1	6	4	4	topology_high	topology_high
AG-910-B05	Genus_Subclade	Ia.4.N5	Pelagibacteraceae	739	1	2	2	2	topology_high	topology_high
AG-910-G11	Genus_Subclade	IIa.B	Cosmipelagibacteraceae	998	1	2	2	2	topology_high	topology_high
AG-911-E04	Genus_Subclade	Ia.4.N5	Pelagibacteraceae	723	1	19	15	15	topology_high	topology_high
AG-911-G03	Genus_Subclade	Ia.3.VII	Pelagibacteraceae	667	0.99	11	11	8	topology_high	topology_high
AG-911-G13	Genus_Subclade	IIa.B	Cosmipelagibacteraceae	1017	0.98	3	3	3	topology_high	topology_high
AG-911-N14	Genus_Subclade	Ib.N11	Pelagibacteraceae	861	1	4	2	2	topology_high	topology_high
AG-912-A14	Genus_Subclade	Ib.1.III	Pelagibacteraceae	901	1	44	30	29	topology_high	topology_high
AG-912-C08	Genus_Subclade	Ia.4.N3	Pelagibacteraceae	774	1	2	2	2	topology_high	topology_high
AG-912-F16	Genus_Subclade	Ia.3.VII	Pelagibacteraceae	681	1	4	4	4	topology_high	topology_high
AG-912-I02	Genus_Subclade	Ib.1.III	Pelagibacteraceae	917	1	2	2	2	topology_high	topology_high
AG-912-L11	Genus_Subclade	Ia.3.V	Pelagibacteraceae	563	1	10	7	7	topology_high	topology_high
AG-912-P19	Genus_Subclade	IIa.B	Cosmipelagibacteraceae	1011	1	2	2	2	topology_high	topology_high
AG-913-A04	Genus_Subclade	Ia.3.VII	Pelagibacteraceae	667	0.99	11	11	8	topology_high	topology_high
AG-913-C03	Genus_Subclade	Ia.3.VII	Pelagibacteraceae	672	1	2	2	2	topology_high	topology_high
AG-913-F03	Genus_Subclade	Ia.3.V	Pelagibacteraceae	560	0.99	46	34	34	topology_high	topology_high
AG-913-G10	Genus_Subclade	Ib.1.III	Pelagibacteraceae	901	1	44	30	29	topology_high	topology_high
AG-913-I06	Genus_Subclade	IIa.B	Cosmipelagibacteraceae	1012	1	2	2	2	topology_high	topology_high
AG-913-I09	Genus_Subclade	Ib.1.III	Pelagibacteraceae	901	1	44	30	29	topology_high	topology_high
AG-913-I14	Genus_Subclade	IIa.B	Cosmipelagibacteraceae	1014	0.99	3	3	3	topology_high	topology_high
AG-913-L03	Genus_Subclade	Ia.3.V	Pelagibacteraceae	599	0.99	7	6	6	topology_high	topology_high
AG-913-M13	Genus_Subclade	Ia.3.V	Pelagibacteraceae	560	0.99	46	34	34	topology_high	topology_high
AG-913-N09	Genus_Subclade	Ib.1.III	Pelagibacteraceae	901	1	44	30	29	topology_high	topology_high
AG-914-A09	Genus_Subclade	Ib.2.N9	Pelagibacteraceae	985	1	2	2	2	topology_high	topology_high
AG-914-B14	Genus_Subclade	Ia.3.V	Pelagibacteraceae	603	1	2	2	2	topology_high	topology_high
AG-914-I16	Genus_Subclade	IIa.B	Cosmipelagibacteraceae	1016	0.98	4	4	4	topology_high	topology_high
AG-914-J05	Genus_Subclade	IIa.B	Cosmipelagibacteraceae	1018	1	2	2	2	topology_high	topology_high
AG-914-L20	Genus_Subclade	Ib.N11	Pelagibacteraceae	861	1	4	2	2	topology_high	topology_high
AG-914-N11	Genus_Subclade	IIa.B	Cosmipelagibacteraceae	1006	0.98	8	8	8	topology_high	topology_high
AG-914-P23	Genus_Subclade	Ia.3.VII	Pelagibacteraceae	676	0.99	2	2	1	topology_high	topology_high
AG-915-G14	Genus_Subclade	Ib.1.III	Pelagibacteraceae	944	1	2	2	2	topology_high	topology_high
AG-915-K13	Genus_Subclade	Ia.3.VII	Pelagibacteraceae	679	1	2	2	2	topology_high	topology_high
AG-916-A16	Genus_Subclade	Ia.4.N5	Pelagibacteraceae	735	1	3	2	2	topology_high	topology_high
AG-916-A21	Genus_Subclade	Ib.4.I	Pelagibacteraceae	971	1	2	2	1	topology_high	topology_high
AG-916-B06	Genus_Subclade	Ib.1.III	Pelagibacteraceae	901	1	44	30	29	topology_high	topology_high
AG-916-B15	Genus_Subclade	Ib.2.I	Pelagibacteraceae	881	0.99	8	5	5	topology_high	topology_high
AG-916-E17	Genus_Subclade	IIa.B	Cosmipelagibacteraceae	1011	1	2	2	2	topology_high	topology_high
AG-916-E19	Genus_Subclade	Ib.1.III	Pelagibacteraceae	915	1	2	2	2	topology_high	topology_high
AG-916-G09	Genus_Subclade	Ib.2.N7	Pelagibacteraceae	894	1	2	2	2	topology_high	topology_high
AG-916-G19	Genus_Subclade	Ia.4.N2	Pelagibacteraceae	754	0.99	2	2	2	topology_high	topology_high
AG-916-L11	Genus_Subclade	Ib.1.III	Pelagibacteraceae	901	1	44	30	29	topology_high	topology_high
AG-916-M15	Genus_Subclade	Ia.3.VII	Pelagibacteraceae	688	1	2	2	2	topology_high	topology_high
AG-916-N14	Genus_Subclade	Ia.3.V	Pelagibacteraceae	560	0.99	46	34	34	topology_high	topology_high
AG-917-B07	Genus_Subclade	Ib.4.N8	Pelagibacteraceae	977	1	2	2	2	topology_high	topology_high
AG-917-C08	Genus_Subclade	Ia.3.VII	Pelagibacteraceae	672	1	2	2	2	topology_high	topology_high
AG-917-C11	Genus_Subclade	Ia.3.VII	Pelagibacteraceae	667	0.99	11	11	8	topology_high	topology_high
AG-917-D03	Genus_Subclade	Ib.1.III	Pelagibacteraceae	901	1	44	30	29	topology_high	topology_high
AG-917-D09	Genus_Subclade	Ib.1	Pelagibacteraceae	949	1	4	2	2	topology_high	topology_high
AG-917-D14	Genus_Subclade	Ib.1.III	Pelagibacteraceae	942	1	2	2	2	topology_high	topology_high
AG-917-D23	Genus_Subclade	Ib.1.III	Pelagibacteraceae	901	1	44	30	29	topology_high	topology_high
AG-917-E05	Genus_Subclade	Ib.1	Pelagibacteraceae	952	1	2	2	2	topology_high	topology_high
AG-917-E14	Genus_Subclade	IIa.B	Cosmipelagibacteraceae	1015	1	2	2	2	topology_high	topology_high
AG-917-F16	Genus_Subclade	Ib.N10	Pelagibacteraceae	956	1	4	3	3	topology_high	topology_high
AG-917-F18	Genus_Subclade	IIa.B	Cosmipelagibacteraceae	1000	1	3	3	3	topology_high	topology_high
AG-917-I17	Genus_Subclade	Ia.3.VII	Pelagibacteraceae	687	1	3	3	3	topology_high	topology_high
AG-917-J06	Genus_Subclade	Ia.3.V	Pelagibacteraceae	563	1	10	7	7	topology_high	topology_high
AG-917-K20	Genus_Subclade	IIa.B	Cosmipelagibacteraceae	999	1	2	2	2	topology_high	topology_high
AG-917-M15	Genus_Subclade	Ib.4.N8	Pelagibacteraceae	973	1	8	6	6	topology_high	topology_high
AG-917-M22	Genus_Subclade	Ia.3.VII	Pelagibacteraceae	667	0.99	11	11	8	topology_high	topology_high
AG-917-P07	Genus_Subclade	Ia.3.VII	Pelagibacteraceae	667	0.99	11	11	8	topology_high	topology_high
AG-918-B06	Genus_Subclade	Ib.2.N7	Pelagibacteraceae	894	1	2	2	2	topology_high	topology_high
AG-918-E02	Genus_Subclade	Ib.1.III	Pelagibacteraceae	901	1	44	30	29	topology_high	topology_high
AG-918-G06	Genus_Subclade	Ia.4.II	Pelagibacteraceae	782	0.99	3	2	2	topology_high	topology_high
AG-918-G15	Genus_Subclade	Ib.1	Pelagibacteraceae	949	1	4	2	2	topology_high	topology_high
AG-918-G22	Genus_Subclade	Ib.1.III	Pelagibacteraceae	937	1	2	2	2	topology_high	topology_high
AG-918-K09	Genus_Subclade	Ia.3.VII	Pelagibacteraceae	686	1	2	2	2	topology_high	topology_high
AG-918-K13	Genus_Subclade	Ib.1.III	Pelagibacteraceae	901	1	44	30	29	topology_high	topology_high
AG-918-L07	Genus_Subclade	Ia.3.VII	Pelagibacteraceae	670	1	2	2	2	topology_high	topology_high
AG-918-L21	Genus_Subclade	Ia.3.VII	Pelagibacteraceae	686	1	2	2	2	topology_high	topology_high
AG-918-M15	Genus_Subclade	IIa.B	Cosmipelagibacteraceae	1018	1	2	2	2	topology_high	topology_high
AG-918-N23	Genus_Subclade	IIa.B	Cosmipelagibacteraceae	994	1	2	2	2	topology_high	topology_high
AG-919-C02	Genus_Subclade	Ia.4.II	Pelagibacteraceae	801	1	2	2	2	topology_high	topology_high
AG-919-F03	Genus_Subclade	Ia.4.N6	Pelagibacteraceae	761	1	2	2	2	topology_high	topology_high
AG-919-F21	Genus_Subclade	IIa.B	Cosmipelagibacteraceae	1001	1	2	2	2	topology_high	topology_high
AG-919-I13	Genus_Subclade	IIa.B	Cosmipelagibacteraceae	1012	1	2	2	2	topology_high	topology_high
AG-919-L02	Genus_Subclade	Ia.4.II	Pelagibacteraceae	790	1	2	2	2	topology_high	topology_high
AG-919-M05	Genus_Subclade	IIa.B	Cosmipelagibacteraceae	1008	0.98	2	2	2	topology_high	topology_high
AG-920-D05	Genus_Subclade	Ia.3.V	Pelagibacteraceae	563	1	10	7	7	topology_high	topology_high
AG-920-I06	Genus_Subclade	Ib.4.N8	Pelagibacteraceae	973	1	8	6	6	topology_high	topology_high
AG-920-J04	Genus_Subclade	Ia.3.VII	Pelagibacteraceae	688	1	2	2	2	topology_high	topology_high
AG-920-L19	Genus_Subclade	Ib.4.N8	Pelagibacteraceae	977	1	2	2	2	topology_high	topology_high
AG-920-L20	Genus_Subclade	Ib.1.III	Pelagibacteraceae	925	1	3	2	2	topology_high	topology_high
AH-287-B07	Genus_Subclade	Ia.3.V	Pelagibacteraceae	606	0.95	2	2	2	topology_high	topology_high
AH-287-C13	Genus_Subclade	IIa.B	Cosmipelagibacteraceae	999	1	2	2	2	topology_high	topology_high
AH-287-E17	Genus_Subclade	Ia.3.V	Pelagibacteraceae	608	0.99	3	2	2	topology_high	topology_high
AH-287-E19	Genus_Subclade	IIa.B	Cosmipelagibacteraceae	1019	1	2	2	2	topology_high	topology_high
AH-287-G05	Genus_Subclade	Ia.4.II	Pelagibacteraceae	785	1	3	3	3	topology_high	topology_high
AH-287-J18	Genus_Subclade	Ia.4.N5	Pelagibacteraceae	743	1	2	2	2	topology_high	topology_high
AH-287-O09	Genus_Subclade	Ib.1	Pelagibacteraceae	952	1	2	2	2	topology_high	topology_high
AH-321-A17	Genus_Subclade	Ia.3.V	Pelagibacteraceae	605	0.99	6	4	4	topology_high	topology_high
AH-321-D17	Genus_Subclade	Ia.4.II	Pelagibacteraceae	786	0.99	2	2	2	topology_high	topology_high
AH-321-I23	Genus_Subclade	IIa.B	Cosmipelagibacteraceae	1003	1	18	18	18	topology_high	topology_high
AH-321-L23	Genus_Subclade	Ia.4.N4	Pelagibacteraceae	806	1	2	2	2	topology_high	topology_high
AH-321-M13	Genus_Subclade	Ia.4.II	Pelagibacteraceae	786	0.99	2	2	2	topology_high	topology_high
AH-321-P04	Genus_Subclade	Ia.4.N4	Pelagibacteraceae	806	1	2	2	2	topology_high	topology_high
AH-324-B10	Genus_Subclade	Ib.4.N8	Pelagibacteraceae	976	1	3	3	3	topology_high	topology_high
AH-324-E14	Genus_Subclade	Ib.N11	Pelagibacteraceae	861	1	4	2	2	topology_high	topology_high
AH-324-F03	Genus_Subclade	Ia.3.V	Pelagibacteraceae	608	0.99	3	2	2	topology_high	topology_high
AH-324-J07	Genus_Subclade	Ia.3.V	Pelagibacteraceae	606	0.95	2	2	2	topology_high	topology_high
AH-324-N03	Genus_Subclade	Ia.3.V	Pelagibacteraceae	608	0.99	3	2	2	topology_high	topology_high
CPC289	Genus_Subclade	IIIa.1	Fontibacteriaceae	1046	1	8	3	3	topology_high	topology_high
FZCC0015	Genus_Subclade	Ia.3.V	Pelagibacteraceae	573	0.96	2	2	2	topology_high	topology_high
GOM-A1	Genus_Subclade	Ib.1.III	Pelagibacteraceae	911	1	2	2	2	topology_high	topology_high
HIMB058	Genus_Subclade	IIa.B	Cosmipelagibacteraceae	994	1	2	2	2	topology_high	topology_high
HIMB083	Genus_Subclade	Ia.3.V	Pelagibacteraceae	563	1	10	7	7	topology_high	topology_high
HIMB109	Genus_Subclade	IIIa.1	Fontibacteriaceae	1049	1	5	2	2	topology_high	topology_high
HIMB114	Genus_Subclade	IIIa.1	Fontibacteriaceae	1049	1	5	2	2	topology_high	topology_high
HIMB122	Genus_Subclade	Ia.3.VI	Pelagibacteraceae	618	0.98	39	39	39	topology_high	topology_high
HIMB123	Genus_Subclade	Ia.3.V	Pelagibacteraceae	597	0.99	2	2	2	topology_high	topology_high
HIMB1321	Genus_Subclade	Ia.3.III	Pelagibacteraceae	714	1	2	2	2	topology_high	topology_high
HIMB140	Genus_Subclade	Ia.3.VI	Pelagibacteraceae	647	0.95	4	4	4	topology_high	topology_high
HIMB1402	Genus_Subclade	Ia.4.II	Pelagibacteraceae	798	1	2	2	2	topology_high	topology_high
HIMB1409	Genus_Subclade	Ia.3.V	Pelagibacteraceae	585	1	3	2	2	topology_high	topology_high
HIMB1412	Genus_Subclade	Ia.3.II	Pelagibacteraceae	814	1	7	7	7	topology_high	topology_high
HIMB1413	Genus_Subclade	Ia.3.V	Pelagibacteraceae	585	1	3	2	2	topology_high	topology_high
HIMB1420	Genus_Subclade	Ia.3.II	Pelagibacteraceae	815	1	6	6	6	topology_high	topology_high
HIMB1427	Genus_Subclade	Ia.3.II	Pelagibacteraceae	816	1	5	5	5	topology_high	topology_high
HIMB1430	Genus_Subclade	Ia.3.VI	Pelagibacteraceae	649	1	2	2	2	topology_high	topology_high
HIMB1436	Genus_Subclade	Ia.4.N5	Pelagibacteraceae	731	1	7	5	5	topology_high	topology_high
HIMB1444	Genus_Subclade	Ia.3.V	Pelagibacteraceae	590	0.99	2	2	2	topology_high	topology_high
HIMB1456	Genus_Subclade	Ia.3.V	Pelagibacteraceae	563	1	10	7	7	topology_high	topology_high
HIMB1463	Genus_Subclade	Ia.3.II	Pelagibacteraceae	818	1	2	2	2	topology_high	topology_high
HIMB1485	Genus_Subclade	Ia.3.VI	Pelagibacteraceae	622	0.98	4	4	4	topology_high	topology_high
HIMB1488	Genus_Subclade	Ia.3.VI	Pelagibacteraceae	626	1	3	3	3	topology_high	topology_high
HIMB1490	Genus_Subclade	Ia.3.VI	Pelagibacteraceae	657	0.98	2	2	2	topology_high	topology_high
HIMB1491	Genus_Subclade	Ia.3.VI	Pelagibacteraceae	657	0.98	2	2	2	topology_high	topology_high
HIMB1492	Genus_Subclade	Ia.3.VI	Pelagibacteraceae	634	1	4	4	4	topology_high	topology_high
HIMB1493	Genus_Subclade	Ia.3.VI	Pelagibacteraceae	636	0.99	2	2	2	topology_high	topology_high
HIMB1494	Genus_Subclade	Ia.3.VI	Pelagibacteraceae	656	1	2	2	2	topology_high	topology_high
HIMB1495	Genus_Subclade	Ia.3.VI	Pelagibacteraceae	656	1	2	2	2	topology_high	topology_high
HIMB1505	Genus_Subclade	Ia.3.III	Pelagibacteraceae	715	1	2	2	2	topology_high	topology_high
HIMB1506	Genus_Subclade	Ia.3.VI	Pelagibacteraceae	627	1	2	2	2	topology_high	topology_high
HIMB1507	Genus_Subclade	Ia.3.VI	Pelagibacteraceae	618	0.98	39	39	39	topology_high	topology_high
HIMB1509	Genus_Subclade	Ia.3.VI	Pelagibacteraceae	618	0.98	39	39	39	topology_high	topology_high
HIMB1513	Genus_Subclade	Ia.3.VI	Pelagibacteraceae	652	1	2	2	2	topology_high	topology_high
HIMB1517	Genus_Subclade	IIIa.1	Fontibacteriaceae	1049	1	5	2	2	topology_high	topology_high
HIMB1518	Genus_Subclade	Ia.3.VI	Pelagibacteraceae	635	1	3	3	3	topology_high	topology_high
HIMB1520	Genus_Subclade	Ia.3.II	Pelagibacteraceae	819	1	2	2	2	topology_high	topology_high
HIMB1521	Genus_Subclade	Ia.3.VI	Pelagibacteraceae	652	1	2	2	2	topology_high	topology_high
HIMB1526	Genus_Subclade	Ia.3.VI	Pelagibacteraceae	641	0.96	5	5	5	topology_high	topology_high
HIMB1527	Genus_Subclade	Ia.3.III	Pelagibacteraceae	714	1	2	2	2	topology_high	topology_high
HIMB1542	Genus_Subclade	Ia.3.VI	Pelagibacteraceae	654	1	2	2	2	topology_high	topology_high
HIMB1549	Genus_Subclade	Ia.3.III	Pelagibacteraceae	712	1	5	5	5	topology_high	topology_high
HIMB1552	Genus_Subclade	Ia.3.VI	Pelagibacteraceae	641	0.96	5	5	5	topology_high	topology_high
HIMB1556	Genus_Subclade	Ia.3.VI	Pelagibacteraceae	645	1	2	2	2	topology_high	topology_high
HIMB1559	Genus_Subclade	Ia.3.VI	Pelagibacteraceae	659	1	3	3	3	topology_high	topology_high
HIMB1564	Genus_Subclade	Ia.3.II	Pelagibacteraceae	818	1	2	2	2	topology_high	topology_high
HIMB1565	Genus_Subclade	IIIa.1	Fontibacteriaceae	1049	1	5	2	2	topology_high	topology_high
HIMB1573	Genus_Subclade	Ia.3.VI	Pelagibacteraceae	651	1	3	3	3	topology_high	topology_high
HIMB1577	Genus_Subclade	Ia.3.VI	Pelagibacteraceae	655	1	2	2	2	topology_high	topology_high
HIMB1587	Genus_Subclade	Ia.3.VI	Pelagibacteraceae	660	1	2	2	2	topology_high	topology_high
HIMB1593	Genus_Subclade	Ia.3.VI	Pelagibacteraceae	617	0.98	40	40	40	topology_high	topology_high
HIMB1597	Genus_Subclade	Ia.3.VI	Pelagibacteraceae	660	1	2	2	2	topology_high	topology_high
HIMB1602	Genus_Subclade	Ia.3.VI	Pelagibacteraceae	624	0.98	2	2	2	topology_high	topology_high
HIMB1611	Genus_Subclade	Ia.3.VI	Pelagibacteraceae	648	1	3	3	3	topology_high	topology_high
HIMB1623	Genus_Subclade	Ia.3.VI	Pelagibacteraceae	661	1	2	2	2	topology_high	topology_high
HIMB1631	Genus_Subclade	Ia.3.VI	Pelagibacteraceae	655	1	2	2	2	topology_high	topology_high
HIMB1636	Genus_Subclade	Ia.3.VI	Pelagibacteraceae	641	0.96	5	5	5	topology_high	topology_high
HIMB1641	Genus_Subclade	Ia.3.VI	Pelagibacteraceae	641	0.96	5	5	5	topology_high	topology_high
HIMB1662	Genus_Subclade	Ia.3.VI	Pelagibacteraceae	638	1	9	9	9	topology_high	topology_high
HIMB1685	Genus_Subclade	Ia.3.VI	Pelagibacteraceae	658	0.99	4	4	4	topology_high	topology_high
HIMB1695	Genus_Subclade	Ia.3.VI	Pelagibacteraceae	654	1	2	2	2	topology_high	topology_high
HIMB1701	Genus_Subclade	Ia.3.VI	Pelagibacteraceae	618	0.98	39	39	39	topology_high	topology_high
HIMB1702	Genus_Subclade	Ia.3.VI	Pelagibacteraceae	645	1	2	2	2	topology_high	topology_high
HIMB1709	Genus_Subclade	Ia.3.VI	Pelagibacteraceae	661	1	2	2	2	topology_high	topology_high
HIMB1710	Genus_Subclade	Ia.3.VI	Pelagibacteraceae	641	0.96	5	5	5	topology_high	topology_high
HIMB1715	Genus_Subclade	Ia.3.VI	Pelagibacteraceae	623	0.98	3	3	3	topology_high	topology_high
HIMB1723	Genus_Subclade	Ia.3.VI	Pelagibacteraceae	637	1	10	10	10	topology_high	topology_high
HIMB1746	Genus_Subclade	Ia.3.VI	Pelagibacteraceae	653	1	3	3	3	topology_high	topology_high
HIMB1748	Genus_Subclade	Ia.3.VI	Pelagibacteraceae	640	1	6	6	6	topology_high	topology_high
HIMB1758	Genus_Subclade	Ia.3.VI	Pelagibacteraceae	649	1	2	2	2	topology_high	topology_high
HIMB1765	Genus_Subclade	Ia.3.VI	Pelagibacteraceae	621	0.98	5	5	5	topology_high	topology_high
HIMB1770	Genus_Subclade	Ia.3.VI	Pelagibacteraceae	636	0.99	2	2	2	topology_high	topology_high
HIMB1782	Genus_Subclade	Ia.3.VI	Pelagibacteraceae	618	0.98	39	39	39	topology_high	topology_high
HIMB1835	Genus_Subclade	Ia.4.II	Pelagibacteraceae	790	1	2	2	2	topology_high	topology_high
HIMB1838	Genus_Subclade	Ia.4.II	Pelagibacteraceae	798	1	2	2	2	topology_high	topology_high
HIMB2187	Genus_Subclade	Ia.4.N5	Pelagibacteraceae	743	1	2	2	2	topology_high	topology_high
HIMB2200	Genus_Subclade	Ia.4.II	Pelagibacteraceae	788	1	4	4	4	topology_high	topology_high
HIMB2201	Genus_Subclade	Ia.3.V	Pelagibacteraceae	590	0.99	2	2	2	topology_high	topology_high
HIMB2204	Genus_Subclade	Ia.4.II	Pelagibacteraceae	801	1	2	2	2	topology_high	topology_high
HIMB2211	Genus_Subclade	Ia.3.VI	Pelagibacteraceae	627	1	2	2	2	topology_high	topology_high
HIMB2226	Genus_Subclade	Ia.4.N5	Pelagibacteraceae	723	1	19	15	15	topology_high	topology_high
HIMB2250	Genus_Subclade	Ia.3.V	Pelagibacteraceae	560	0.99	46	34	34	topology_high	topology_high
HIMB2304	Genus_Subclade	Ia.3.V	Pelagibacteraceae	597	0.99	2	2	2	topology_high	topology_high
HIMB2305	Genus_Subclade	Ib.1	Pelagibacteraceae	946	1	8	6	6	topology_high	topology_high
HIMB4	Genus_Subclade	Ia.3.III	Pelagibacteraceae	715	1	2	2	2	topology_high	topology_high
HIMB5	Genus_Subclade	Ia.3.II	Pelagibacteraceae	819	1	2	2	2	topology_high	topology_high
HTCC1002	Genus_Subclade	Ia.1.I	Pelagibacteraceae	834	1	3	3	3	topology_high	topology_high
HTCC1013	Genus_Subclade	Ia.1.I	Pelagibacteraceae	835	1	2	2	2	topology_high	topology_high
HTCC1016	Genus_Subclade	Ia.1.I	Pelagibacteraceae	833	1	4	4	4	topology_high	topology_high
HTCC1040	Genus_Subclade	Ia.1.I	Pelagibacteraceae	832	1	5	5	5	topology_high	topology_high
HTCC1062	Genus_Subclade	Ia.1.I	Pelagibacteraceae	835	1	2	2	2	topology_high	topology_high
HTCC7211	Genus_Subclade	Ia.3.I	Pelagibacteraceae	703	1	2	2	2	topology_high	topology_high
HTCC7214	Genus_Subclade	Ia.3.I	Pelagibacteraceae	702	1	3	3	3	topology_high	topology_high
HTCC7217	Genus_Subclade	Ia.3.I	Pelagibacteraceae	703	1	2	2	2	topology_high	topology_high
HTCC8051	Genus_Subclade	Ia.3.IV	Pelagibacteraceae	697	1	5	3	3	topology_high	topology_high
HTCC9022	Genus_Subclade	Ia.3.IV	Pelagibacteraceae	696	1	6	4	4	topology_high	topology_high
HTCC9565	Genus_Subclade	Ia.1.I	Pelagibacteraceae	822	0.97	23	7	7	topology_high	topology_high
IMCC9063	Genus_Subclade	IIIa.3	Fontibacteriaceae	1053	1	2	2	2	topology_high	topology_high
LSUCC0261	Genus_Subclade	IIIa.3	Fontibacteriaceae	1053	1	2	2	2	topology_high	topology_high
LSUCC0664	Genus_Subclade	IIIa.1	Fontibacteriaceae	1045	1	9	4	4	topology_high	topology_high
LSUCC0723	Genus_Subclade	IIIa.1	Fontibacteriaceae	1049	1	5	2	2	topology_high	topology_high
ME-17	Genus_Subclade	IIIb.8	Fontibacteriaceae	1058	0.99	2	2	2	topology_high	topology_high
ME-18	Genus_Subclade	IIIb.8	Fontibacteriaceae	1059	1	2	2	2	topology_high	topology_high
ME-20	Genus_Subclade	IIIb.8	Fontibacteriaceae	1059	1	2	2	2	topology_high	topology_high
ME-31	Genus_Subclade	IIIb.8	Fontibacteriaceae	1058	0.99	2	2	2	topology_high	topology_high
ME-33	Genus_Subclade	IIIb.8	Fontibacteriaceae	1057	0.99	3	3	3	topology_high	topology_high
MED1116	Genus_Subclade	IIIa.1	Fontibacteriaceae	1046	1	8	3	3	topology_high	topology_high
MKE-138	Genus_Subclade	IIIb.9	Fontibacteriaceae	1060	1	2	2	2	topology_high	topology_high
MiE-29	Genus_Subclade	IIIb.9	Fontibacteriaceae	1060	1	2	2	2	topology_high	topology_high
NP1	Genus_Subclade	Ia.1.I	Pelagibacteraceae	831	1	6	6	6	topology_high	topology_high
RIS-SAG-41	Genus_Subclade	Ia.1.I	Pelagibacteraceae	822	0.97	23	7	7	topology_high	topology_high
RS39	Genus_Subclade	Ia.4.N5	Pelagibacteraceae	729	1	3	3	3	topology_high	topology_high
RS40	Genus_Subclade	Ib.1	Pelagibacteraceae	948	1	5	3	3	topology_high	topology_high
SAG-MED05	Genus_Subclade	IIa.B	Cosmipelagibacteraceae	1023	1	2	2	2	topology_high	topology_high
SAG-MED06	Genus_Subclade	Ia.3.IV	Pelagibacteraceae	698	1	4	2	2	topology_high	topology_high
SAG-MED08	Genus_Subclade	Ia.3.VII	Pelagibacteraceae	681	1	4	4	4	topology_high	topology_high
SAG-MED11	Genus_Subclade	Ia.4.N2	Pelagibacteraceae	752	1	2	2	2	topology_high	topology_high
SAG-MED22	Genus_Subclade	Ia.3.VII	Pelagibacteraceae	689	1	5	3	3	topology_high	topology_high
SAG-MED28	Genus_Subclade	IIa.B	Cosmipelagibacteraceae	1002	1	2	2	2	topology_high	topology_high
SAG-MED50	Genus_Subclade	Ia.3.IV	Pelagibacteraceae	698	1	4	2	2	topology_high	topology_high
SP27	Genus_Subclade	IIIa.1	Fontibacteriaceae	1046	1	8	3	3	topology_high	topology_high
Uisw_090	Genus_Subclade	Ia.1.I	Pelagibacteraceae	822	0.97	23	7	7	topology_high	topology_high
Uisw_092	Genus_Subclade	Ia.1.I	Pelagibacteraceae	822	0.97	23	7	7	topology_high	topology_high
Uisw_094	Genus_Subclade	Ia.1.I	Pelagibacteraceae	822	0.97	23	7	7	topology_high	topology_high
Uisw_099_02	Genus_Subclade	Ia.1.I	Pelagibacteraceae	822	0.97	23	7	7	topology_high	topology_high
Uisw_101	Genus_Subclade	Ia.1.I	Pelagibacteraceae	822	0.97	23	7	7	topology_high	topology_high
Uisw_104	Genus_Subclade	Ia.1.I	Pelagibacteraceae	822	0.97	23	7	7	topology_high	topology_high
Uisw_106	Genus_Subclade	Ia.1.I	Pelagibacteraceae	822	0.97	23	7	7	topology_high	topology_high
Uisw_113	Genus_Subclade	Ia.1.I	Pelagibacteraceae	822	0.97	23	7	7	topology_high	topology_high
Uisw_114	Genus_Subclade	Ia.1.I	Pelagibacteraceae	822	0.97	23	7	7	topology_high	topology_high
Uisw_116	Genus_Subclade	Ia.1.I	Pelagibacteraceae	822	0.97	23	7	7	topology_high	topology_high
Uisw_121	Genus_Subclade	Ia.1.I	Pelagibacteraceae	822	0.97	23	7	7	topology_high	topology_high
Uisw_127	Genus_Subclade	Ia.1.I	Pelagibacteraceae	822	0.97	23	7	7	topology_high	topology_high
Uisw_130	Genus_Subclade	Ia.1.I	Pelagibacteraceae	822	0.97	23	7	7	topology_high	topology_high
Uisw_136	Genus_Subclade	Ia.1.I	Pelagibacteraceae	822	0.97	23	7	7	topology_high	topology_high
Uisw_137	Genus_Subclade	Ia.1.I	Pelagibacteraceae	822	0.97	23	7	7	topology_high	topology_high
