genome	Clade1	type	rank	prior_value	Family	Genus	Subclade	Species	validation_reasons	eligible_in_any_tree	gap_category
AG-337-G06	IV	SAG	Family	NA	NA	NA	IV	NA	NA	NA	outside_harmonization_scope
AG-422-B15	IV	SAG	Family	NA	NA	NA	IV	NA	NA	NA	outside_harmonization_scope
AG-422-C21	IV	SAG	Family	NA	NA	NA	IV	NA	NA	NA	outside_harmonization_scope
AG-426-I21	IV	SAG	Family	NA	NA	NA	IV	NA	NA	NA	outside_harmonization_scope
AG-439-D15	IV	SAG	Family	NA	NA	NA	IV	NA	NA	NA	outside_harmonization_scope
AG-457-M14	IV	SAG	Family	NA	NA	NA	IV	NA	NA	NA	outside_harmonization_scope
AG-461-P14	IV	SAG	Family	NA	NA	NA	IV	NA	NA	NA	outside_harmonization_scope
AG-891-J04	IV	SAG	Family	NA	NA	NA	IV	NA	NA	NA	outside_harmonization_scope
AG-892-M06	IV	SAG	Family	NA	NA	NA	IV	NA	NA	NA	outside_harmonization_scope
AG-893-M03	IV	SAG	Family	NA	NA	NA	IV	NA	NA	NA	outside_harmonization_scope
AG-894-A11	IV	SAG	Family	NA	NA	NA	IV	NA	NA	NA	outside_harmonization_scope
AG-895-F07	IV	SAG	Family	NA	NA	NA	IV	NA	NA	NA	outside_harmonization_scope
AG-896-A02	IV	SAG	Family	NA	NA	NA	IV	NA	NA	NA	outside_harmonization_scope
AG-899-O02	IV	SAG	Family	NA	NA	NA	IV	NA	NA	NA	outside_harmonization_scope
AG-900-K14	IV	SAG	Family	NA	NA	NA	IV	NA	NA	NA	outside_harmonization_scope
AG-900-M14	IV	SAG	Family	NA	NA	NA	IV	NA	NA	NA	outside_harmonization_scope
AG-901-G03	IV	SAG	Family	NA	NA	NA	IV	NA	NA	NA	outside_harmonization_scope
AG-905-D16	IV	SAG	Family	NA	NA	NA	IV	NA	NA	NA	outside_harmonization_scope
AG-909-G09	IV	SAG	Family	NA	NA	NA	IV	NA	NA	NA	outside_harmonization_scope
AG-911-E02	IV	SAG	Family	NA	NA	NA	IV	NA	NA	NA	outside_harmonization_scope
AG-919-N17	IV	SAG	Family	NA	NA	NA	IV	NA	NA	NA	outside_harmonization_scope
AG-919-P09	IV	SAG	Family	NA	NA	NA	IV	NA	NA	NA	outside_harmonization_scope
AG-920-L11	IV	SAG	Family	NA	NA	NA	IV	NA	NA	NA	outside_harmonization_scope
AH-287-F15	IV	SAG	Family	NA	NA	NA	IV	NA	NA	NA	outside_harmonization_scope
AAA795-D22	I	SAG	Genus	NA	Pelagibacteraceae	NA	NA	NA	NA	NA	no_prior_label_and_no_supported_assignment
AG-325-C18	I	SAG	Genus	NA	Pelagibacteraceae	NA	NA	NA	NA	NA	no_prior_label_and_no_supported_assignment
AG-325-C21	I	SAG	Genus	NA	Pelagibacteraceae	NA	NA	NA	NA	NA	no_prior_label_and_no_supported_assignment
AG-325-G21	I	SAG	Genus	NA	Pelagibacteraceae	NA	NA	NA	NA	NA	no_prior_label_and_no_supported_assignment
AG-325-L02	I	SAG	Genus	NA	Pelagibacteraceae	NA	NA	NA	NA	NA	no_prior_label_and_no_supported_assignment
AG-325-L05	I	SAG	Genus	NA	Pelagibacteraceae	NA	NA	NA	NA	NA	no_prior_label_and_no_supported_assignment
AG-333-A04	I	SAG	Genus	NA	Pelagibacteraceae	NA	NA	NA	NA	NA	no_prior_label_and_no_supported_assignment
AG-333-D08	I	SAG	Genus	NA	Pelagibacteraceae	NA	NA	NA	NA	NA	no_prior_label_and_no_supported_assignment
AG-333-K06	I	SAG	Genus	NA	Pelagibacteraceae	NA	NA	NA	NA	NA	no_prior_label_and_no_supported_assignment
AG-333-N15	I	SAG	Genus	NA	Pelagibacteraceae	NA	NA	NA	NA	NA	no_prior_label_and_no_supported_assignment
AG-359-F04	I	SAG	Genus	NA	Pelagibacteraceae	NA	NA	NA	NA	NA	no_prior_label_and_no_supported_assignment
AG-359-P18	I	SAG	Genus	NA	Pelagibacteraceae	NA	NA	NA	NA	NA	no_prior_label_and_no_supported_assignment
AG-365-D07	I	SAG	Genus	NA	Pelagibacteraceae	NA	NA	NA	NA	NA	no_prior_label_and_no_supported_assignment
AG-365-L04	I	SAG	Genus	NA	Pelagibacteraceae	NA	NA	NA	NA	NA	no_prior_label_and_no_supported_assignment
AG-365-O14	I	SAG	Genus	NA	Pelagibacteraceae	NA	NA	NA	NA	NA	no_prior_label_and_no_supported_assignment
AG-390-C19	I	SAG	Genus	NA	Pelagibacteraceae	NA	NA	NA	NA	NA	no_prior_label_and_no_supported_assignment
AG-390-E04	I	SAG	Genus	NA	Pelagibacteraceae	NA	NA	NA	NA	NA	no_prior_label_and_no_supported_assignment
AG-390-G13	I	SAG	Genus	NA	Pelagibacteraceae	NA	NA	NA	NA	NA	no_prior_label_and_no_supported_assignment
AG-390-M07	I	SAG	Genus	NA	Pelagibacteraceae	NA	NA	NA	NA	NA	no_prior_label_and_no_supported_assignment
AG-390-O04	I	SAG	Genus	NA	Pelagibacteraceae	NA	NA	NA	NA	NA	no_prior_label_and_no_supported_assignment
AG-404-B04	I	SAG	Genus	NA	Pelagibacteraceae	NA	NA	NA	NA	NA	no_prior_label_and_no_supported_assignment
AG-404-J20	I	SAG	Genus	NA	Pelagibacteraceae	NA	NA	NA	NA	NA	no_prior_label_and_no_supported_assignment
AG-404-O05	I	SAG	Genus	NA	Pelagibacteraceae	NA	NA	NA	NA	NA	no_prior_label_and_no_supported_assignment
AG-404-O18	I	SAG	Genus	NA	Pelagibacteraceae	NA	NA	NA	NA	NA	no_prior_label_and_no_supported_assignment
AG-410-K05	I	SAG	Genus	NA	Pelagibacteraceae	NA	NA	NA	NA	NA	no_prior_label_and_no_supported_assignment
AG-410-L19	I	SAG	Genus	NA	Pelagibacteraceae	NA	NA	NA	NA	NA	no_prior_label_and_no_supported_assignment
AG-414-B08	I	SAG	Genus	NA	Pelagibacteraceae	NA	NA	NA	NA	NA	no_prior_label_and_no_supported_assignment
AG-414-L04	I	SAG	Genus	NA	Pelagibacteraceae	NA	NA	NA	NA	NA	no_prior_label_and_no_supported_assignment
AG-414-M23	I	SAG	Genus	NA	Pelagibacteraceae	NA	NA	NA	NA	NA	no_prior_label_and_no_supported_assignment
AG-422-C13	I	SAG	Genus	NA	Pelagibacteraceae	NA	NA	NA	NA	NA	no_prior_label_and_no_supported_assignment
AG-422-N14	I	SAG	Genus	NA	Pelagibacteraceae	NA	NA	NA	NA	NA	no_prior_label_and_no_supported_assignment
AG-422-N15	I	SAG	Genus	NA	Pelagibacteraceae	NA	NA	NA	NA	NA	no_prior_label_and_no_supported_assignment
AG-426-C04	I	SAG	Genus	NA	Pelagibacteraceae	NA	NA	NA	NA	NA	no_prior_label_and_no_supported_assignment
AG-426-G09	I	SAG	Genus	NA	Pelagibacteraceae	NA	NA	NA	NA	NA	no_prior_label_and_no_supported_assignment
AG-426-I10	I	SAG	Genus	NA	Pelagibacteraceae	NA	NA	NA	NA	NA	no_prior_label_and_no_supported_assignment
AG-426-K09	I	SAG	Genus	NA	Pelagibacteraceae	NA	NA	NA	NA	NA	no_prior_label_and_no_supported_assignment
AG-426-P08	I	SAG	Genus	NA	Pelagibacteraceae	NA	NA	NA	NA	NA	no_prior_label_and_no_supported_assignment
AG-430-A11	I	SAG	Genus	NA	Pelagibacteraceae	NA	NA	NA	NA	NA	no_prior_label_and_no_supported_assignment
AG-430-B09	I	SAG	Genus	NA	Pelagibacteraceae	NA	NA	NA	NA	NA	no_prior_label_and_no_supported_assignment
AG-430-G11	I	SAG	Genus	NA	Pelagibacteraceae	NA	NA	NA	NA	NA	no_prior_label_and_no_supported_assignment
AG-430-J21	I	SAG	Genus	NA	Pelagibacteraceae	NA	NA	NA	NA	NA	no_prior_label_and_no_supported_assignment
AG-430-K07	I	SAG	Genus	NA	Pelagibacteraceae	NA	NA	NA	NA	NA	no_prior_label_and_no_supported_assignment
AG-439-B12	I	SAG	Genus	NA	Pelagibacteraceae	NA	NA	NA	NA	NA	no_prior_label_and_no_supported_assignment
AG-439-C18	I	SAG	Genus	NA	Pelagibacteraceae	NA	NA	NA	NA	NA	no_prior_label_and_no_supported_assignment
AG-439-E23	I	SAG	Genus	NA	Pelagibacteraceae	NA	NA	NA	NA	NA	no_prior_label_and_no_supported_assignment
AG-439-G19	I	SAG	Genus	NA	Pelagibacteraceae	NA	NA	NA	NA	NA	no_prior_label_and_no_supported_assignment
AG-439-O15	I	SAG	Genus	NA	Pelagibacteraceae	NA	NA	NA	NA	NA	no_prior_label_and_no_supported_assignment
AG-447-B22	I	SAG	Genus	Tantillipelagibacter	Pelagibacteraceae	NA	NA	NA	candidate_expands_seed_crown;support_below_threshold	TRUE	prior_label_failed_SAR11_165_high_support_criteria
AG-447-K09	I	SAG	Genus	NA	Pelagibacteraceae	NA	NA	NA	NA	NA	no_prior_label_and_no_supported_assignment
AG-447-L14	I	SAG	Genus	NA	Pelagibacteraceae	NA	NA	NA	NA	NA	no_prior_label_and_no_supported_assignment
AG-447-N08	I	SAG	Genus	NA	Pelagibacteraceae	NA	NA	NA	NA	NA	no_prior_label_and_no_supported_assignment
AG-447-N21	I	SAG	Genus	NA	Pelagibacteraceae	NA	NA	NA	NA	NA	no_prior_label_and_no_supported_assignment
AG-447-O23	I	SAG	Genus	NA	Pelagibacteraceae	NA	NA	NA	NA	NA	no_prior_label_and_no_supported_assignment
AG-464-P13	I	SAG	Genus	NA	Pelagibacteraceae	NA	NA	NA	NA	NA	no_prior_label_and_no_supported_assignment
AG-892-C18	I	SAG	Genus	NA	Pelagibacteraceae	NA	NA	NA	NA	NA	no_prior_label_and_no_supported_assignment
AG-892-K09	I	SAG	Genus	NA	Pelagibacteraceae	NA	NA	NA	NA	NA	no_prior_label_and_no_supported_assignment
AG-892-L05	I	SAG	Genus	NA	Pelagibacteraceae	NA	NA	NA	NA	NA	no_prior_label_and_no_supported_assignment
AG-893-P10	I	SAG	Genus	NA	Pelagibacteraceae	NA	NA	NA	NA	NA	no_prior_label_and_no_supported_assignment
AG-895-G15	I	SAG	Genus	NA	Pelagibacteraceae	NA	NA	NA	NA	NA	no_prior_label_and_no_supported_assignment
AG-896-C18	I	SAG	Genus	NA	Pelagibacteraceae	NA	NA	NA	NA	NA	no_prior_label_and_no_supported_assignment
AG-898-P13	I	SAG	Genus	NA	Pelagibacteraceae	NA	NA	NA	NA	NA	no_prior_label_and_no_supported_assignment
AG-905-E10	I	SAG	Genus	Lacunipelagibacter	Pelagibacteraceae	NA	NA	NA	candidate_expands_seed_crown;support_below_threshold	TRUE	prior_label_failed_SAR11_165_high_support_criteria
AG-905-E11	I	SAG	Genus	NA	Pelagibacteraceae	NA	NA	NA	NA	NA	no_prior_label_and_no_supported_assignment
AG-905-G04	I	SAG	Genus	NA	Pelagibacteraceae	NA	NA	NA	NA	NA	no_prior_label_and_no_supported_assignment
AG-913-C02	I	SAG	Genus	NA	Pelagibacteraceae	NA	NA	NA	NA	NA	no_prior_label_and_no_supported_assignment
AG-913-O18	I	SAG	Genus	NA	Pelagibacteraceae	NA	NA	NA	NA	NA	no_prior_label_and_no_supported_assignment
AG-914-L04	I	SAG	Genus	NA	Pelagibacteraceae	NA	NA	NA	NA	NA	no_prior_label_and_no_supported_assignment
AG-916-J11	I	SAG	Genus	NA	Pelagibacteraceae	NA	NA	NA	NA	NA	no_prior_label_and_no_supported_assignment
AG-917-O20	I	SAG	Genus	NA	Pelagibacteraceae	NA	NA	NA	NA	NA	no_prior_label_and_no_supported_assignment
AG-919-A21	I	SAG	Genus	NA	Pelagibacteraceae	NA	NA	NA	NA	NA	no_prior_label_and_no_supported_assignment
AG-920-I23	I	SAG	Genus	NA	Pelagibacteraceae	NA	NA	NA	NA	NA	no_prior_label_and_no_supported_assignment
AH-287-E08	I	SAG	Genus	NA	Pelagibacteraceae	NA	NA	NA	NA	NA	no_prior_label_and_no_supported_assignment
AH-321-N11	I	SAG	Genus	NA	Pelagibacteraceae	NA	NA	NA	NA	NA	no_prior_label_and_no_supported_assignment
AH-324-K07	I	SAG	Genus	NA	Pelagibacteraceae	NA	NA	NA	NA	NA	no_prior_label_and_no_supported_assignment
AH-324-K09	I	SAG	Genus	NA	Pelagibacteraceae	NA	NA	NA	NA	NA	no_prior_label_and_no_supported_assignment
ARS1	I	MAG	Genus	Mesopelagibacter	Mesopelagibacteraceae	NA	Ic	NA	insufficient_seeds	FALSE	insufficient_independent_seeds
BACL5_MAG-120820-bin39	I	MAG	Genus	NA	Pelagibacteraceae	NA	NA	NA	NA	NA	no_prior_label_and_no_supported_assignment
BACL5_MAG-121015-bin10	I	MAG	Genus	NA	Pelagibacteraceae	NA	NA	NA	NA	NA	no_prior_label_and_no_supported_assignment
Baikal-G1	I	MAG	Genus	NA	Pelagibacteraceae	NA	NA	NA	NA	NA	no_prior_label_and_no_supported_assignment
MED605	I	MAG	Genus	Mesopelagibacter	Mesopelagibacteraceae	NA	Ic	NA	insufficient_seeds	FALSE	insufficient_independent_seeds
SAG-MED01	I	SAG	Genus	NA	Pelagibacteraceae	NA	NA	NA	NA	NA	no_prior_label_and_no_supported_assignment
SAG-MED13	I	SAG	Genus	NA	Pelagibacteraceae	NA	NA	NA	NA	NA	no_prior_label_and_no_supported_assignment
SAG-MED15	I	SAG	Genus	NA	Pelagibacteraceae	NA	NA	NA	NA	NA	no_prior_label_and_no_supported_assignment
SAG-MED47	I	SAG	Genus	NA	Pelagibacteraceae	NA	NA	NA	NA	NA	no_prior_label_and_no_supported_assignment
SAG-MED49	I	SAG	Genus	NA	Pelagibacteraceae	NA	NA	NA	NA	NA	no_prior_label_and_no_supported_assignment
Uisw_134_02	I	isolate	Genus	NA	Pelagibacteraceae	NA	NA	NA	NA	NA	no_prior_label_and_no_supported_assignment
AG-916-G03	II	SAG	Genus	Anoxypelagibacter	Cosmipelagibacteraceae	NA	II	NA	candidate_expands_seed_crown;competing_seed	TRUE	prior_label_failed_SAR11_165_high_support_criteria
MED-G40	II	MAG	Genus	Anoxypelagibacter	Cosmipelagibacteraceae	NA	II	NA	candidate_expands_seed_crown;competing_seed	TRUE	prior_label_failed_SAR11_165_high_support_criteria
AG-894-A09	III	SAG	Genus	NA	Fontibacteriaceae	NA	IIIa.2	NA	NA	NA	no_prior_label_and_no_supported_assignment
AG-907-B09	III	SAG	Genus	NA	Fontibacteriaceae	NA	IIIa.2	NA	NA	NA	no_prior_label_and_no_supported_assignment
IMCC9063	III	isolate	Genus	NA	Fontibacteriaceae	NA	IIIa.3	NA	NA	NA	no_prior_label_and_no_supported_assignment
LSUCC0261	III	isolate	Genus	NA	Fontibacteriaceae	NA	IIIa.3	NA	NA	NA	no_prior_label_and_no_supported_assignment
MED602	III	MAG	Genus	NA	Fontibacteriaceae	NA	IIIa.2	NA	NA	NA	no_prior_label_and_no_supported_assignment
AG-337-G06	IV	SAG	Genus	NA	NA	NA	IV	NA	NA	NA	no_prior_label_and_no_supported_assignment
AG-422-B15	IV	SAG	Genus	NA	NA	NA	IV	NA	NA	NA	no_prior_label_and_no_supported_assignment
AG-422-C21	IV	SAG	Genus	NA	NA	NA	IV	NA	NA	NA	no_prior_label_and_no_supported_assignment
AG-426-I21	IV	SAG	Genus	NA	NA	NA	IV	NA	NA	NA	no_prior_label_and_no_supported_assignment
AG-439-D15	IV	SAG	Genus	NA	NA	NA	IV	NA	NA	NA	no_prior_label_and_no_supported_assignment
AG-457-M14	IV	SAG	Genus	NA	NA	NA	IV	NA	NA	NA	no_prior_label_and_no_supported_assignment
AG-461-P14	IV	SAG	Genus	NA	NA	NA	IV	NA	NA	NA	no_prior_label_and_no_supported_assignment
AG-891-J04	IV	SAG	Genus	NA	NA	NA	IV	NA	NA	NA	no_prior_label_and_no_supported_assignment
AG-892-M06	IV	SAG	Genus	NA	NA	NA	IV	NA	NA	NA	no_prior_label_and_no_supported_assignment
AG-893-M03	IV	SAG	Genus	NA	NA	NA	IV	NA	NA	NA	no_prior_label_and_no_supported_assignment
AG-894-A11	IV	SAG	Genus	NA	NA	NA	IV	NA	NA	NA	no_prior_label_and_no_supported_assignment
AG-895-F07	IV	SAG	Genus	NA	NA	NA	IV	NA	NA	NA	no_prior_label_and_no_supported_assignment
AG-896-A02	IV	SAG	Genus	NA	NA	NA	IV	NA	NA	NA	no_prior_label_and_no_supported_assignment
AG-899-O02	IV	SAG	Genus	NA	NA	NA	IV	NA	NA	NA	no_prior_label_and_no_supported_assignment
AG-900-K14	IV	SAG	Genus	NA	NA	NA	IV	NA	NA	NA	no_prior_label_and_no_supported_assignment
AG-900-M14	IV	SAG	Genus	NA	NA	NA	IV	NA	NA	NA	no_prior_label_and_no_supported_assignment
AG-901-G03	IV	SAG	Genus	NA	NA	NA	IV	NA	NA	NA	no_prior_label_and_no_supported_assignment
AG-905-D16	IV	SAG	Genus	NA	NA	NA	IV	NA	NA	NA	no_prior_label_and_no_supported_assignment
AG-909-G09	IV	SAG	Genus	NA	NA	NA	IV	NA	NA	NA	no_prior_label_and_no_supported_assignment
AG-911-E02	IV	SAG	Genus	NA	NA	NA	IV	NA	NA	NA	no_prior_label_and_no_supported_assignment
AG-919-N17	IV	SAG	Genus	NA	NA	NA	IV	NA	NA	NA	no_prior_label_and_no_supported_assignment
AG-919-P09	IV	SAG	Genus	NA	NA	NA	IV	NA	NA	NA	no_prior_label_and_no_supported_assignment
AG-920-L11	IV	SAG	Genus	NA	NA	NA	IV	NA	NA	NA	no_prior_label_and_no_supported_assignment
AH-287-F15	IV	SAG	Genus	NA	NA	NA	IV	NA	NA	NA	no_prior_label_and_no_supported_assignment
AAA795-D22	I	SAG	Species	NA	Pelagibacteraceae	NA	NA	NA	NA	NA	no_prior_label_and_no_supported_assignment
AG-325-C18	I	SAG	Species	NA	Pelagibacteraceae	NA	NA	NA	NA	NA	no_prior_label_and_no_supported_assignment
AG-325-C21	I	SAG	Species	NA	Pelagibacteraceae	NA	NA	NA	NA	NA	no_prior_label_and_no_supported_assignment
AG-325-E08	I	SAG	Species	NA	Pelagibacteraceae	Pantolocipelagibacter	Ia.4.N2	NA	NA	NA	no_prior_label_and_no_supported_assignment
AG-325-G21	I	SAG	Species	NA	Pelagibacteraceae	NA	NA	NA	NA	NA	no_prior_label_and_no_supported_assignment
AG-325-L02	I	SAG	Species	NA	Pelagibacteraceae	NA	NA	NA	NA	NA	no_prior_label_and_no_supported_assignment
AG-325-L05	I	SAG	Species	NA	Pelagibacteraceae	NA	NA	NA	NA	NA	no_prior_label_and_no_supported_assignment
AG-333-A04	I	SAG	Species	NA	Pelagibacteraceae	NA	NA	NA	NA	NA	no_prior_label_and_no_supported_assignment
AG-333-D08	I	SAG	Species	NA	Pelagibacteraceae	NA	NA	NA	NA	NA	no_prior_label_and_no_supported_assignment
AG-333-K06	I	SAG	Species	NA	Pelagibacteraceae	NA	NA	NA	NA	NA	no_prior_label_and_no_supported_assignment
AG-333-N15	I	SAG	Species	NA	Pelagibacteraceae	NA	NA	NA	NA	NA	no_prior_label_and_no_supported_assignment
AG-337-C09	I	SAG	Species	NA	Pelagibacteraceae	Stellipelagibacter	Ib.2.I	NA	NA	NA	no_prior_label_and_no_supported_assignment
AG-337-C19	I	SAG	Species	NA	Pelagibacteraceae	Fusipelagibacter	Ib.N10	NA	NA	NA	no_prior_label_and_no_supported_assignment
AG-337-D16	I	SAG	Species	NA	Pelagibacteraceae	Copipelagibacter	Ib.1.III	NA	NA	NA	no_prior_label_and_no_supported_assignment
AG-337-D17	I	SAG	Species	NA	Pelagibacteraceae	Tantillipelagibacter	Ia.4.N5	NA	NA	NA	no_prior_label_and_no_supported_assignment
AG-337-G04	I	SAG	Species	NA	Pelagibacteraceae	Stellipelagibacter	Ib.2.I	NA	NA	NA	no_prior_label_and_no_supported_assignment
AG-337-G11	I	SAG	Species	NA	Pelagibacteraceae	Proventipelagibacter	Ia.4.N3	NA	NA	NA	no_prior_label_and_no_supported_assignment
AG-349-I05	I	SAG	Species	NA	Pelagibacteraceae	Rubripelagibacter	Ib.N11	NA	NA	NA	no_prior_label_and_no_supported_assignment
AG-349-L17	I	SAG	Species	NA	Pelagibacteraceae	Xanthinipelagibacter	Ia.3.V	NA	NA	NA	no_prior_label_and_no_supported_assignment
AG-349-O05	I	SAG	Species	NA	Pelagibacteraceae	Xanthinipelagibacter	Ia.3.V	NA	NA	NA	no_prior_label_and_no_supported_assignment
AG-359-B05	I	SAG	Species	NA	Pelagibacteraceae	Copipelagibacter	Ib.1.III	NA	NA	NA	no_prior_label_and_no_supported_assignment
AG-359-F04	I	SAG	Species	NA	Pelagibacteraceae	NA	NA	NA	NA	NA	no_prior_label_and_no_supported_assignment
AG-359-G17	I	SAG	Species	NA	Pelagibacteraceae	Copipelagibacter	Ib.1.III	NA	NA	NA	no_prior_label_and_no_supported_assignment
AG-359-G22	I	SAG	Species	NA	Pelagibacteraceae	Tantillipelagibacter	Ia.4.N5	NA	NA	NA	no_prior_label_and_no_supported_assignment
AG-359-O11	I	SAG	Species	NA	Pelagibacteraceae	Copipelagibacter	Ib.1.III	NA	NA	NA	no_prior_label_and_no_supported_assignment
AG-359-P18	I	SAG	Species	NA	Pelagibacteraceae	NA	NA	NA	NA	NA	no_prior_label_and_no_supported_assignment
AG-365-D07	I	SAG	Species	NA	Pelagibacteraceae	NA	NA	NA	NA	NA	no_prior_label_and_no_supported_assignment
AG-365-L04	I	SAG	Species	NA	Pelagibacteraceae	NA	NA	NA	NA	NA	no_prior_label_and_no_supported_assignment
AG-365-O14	I	SAG	Species	NA	Pelagibacteraceae	NA	NA	NA	NA	NA	no_prior_label_and_no_supported_assignment
AG-390-C17	I	SAG	Species	NA	Pelagibacteraceae	Undatipelagibacter	Ia.3.VI	NA	NA	NA	no_prior_label_and_no_supported_assignment
AG-390-C19	I	SAG	Species	NA	Pelagibacteraceae	NA	NA	NA	NA	NA	no_prior_label_and_no_supported_assignment
AG-390-D02	I	SAG	Species	NA	Pelagibacteraceae	Pantolocipelagibacter	Ia.4.N2	NA	NA	NA	no_prior_label_and_no_supported_assignment
AG-390-D15	I	SAG	Species	NA	Pelagibacteraceae	Pantolocipelagibacter	Ia.4.N2	NA	NA	NA	no_prior_label_and_no_supported_assignment
AG-390-E04	I	SAG	Species	NA	Pelagibacteraceae	NA	NA	NA	NA	NA	no_prior_label_and_no_supported_assignment
AG-390-G11	I	SAG	Species	NA	Pelagibacteraceae	Accedentipelagibacter	Ia.3.IV	NA	NA	NA	no_prior_label_and_no_supported_assignment
AG-390-G13	I	SAG	Species	NA	Pelagibacteraceae	NA	NA	NA	NA	NA	no_prior_label_and_no_supported_assignment
AG-390-G23	I	SAG	Species	NA	Pelagibacteraceae	Xanthinipelagibacter	Ia.3.V	NA	NA	NA	no_prior_label_and_no_supported_assignment
AG-390-I15	I	SAG	Species	NA	Pelagibacteraceae	Angustipelagibacter	Ia.3.VII	NA	NA	NA	no_prior_label_and_no_supported_assignment
AG-390-J13	I	SAG	Species	NA	Pelagibacteraceae	Pantolocipelagibacter	Ia.4.N2	NA	NA	NA	no_prior_label_and_no_supported_assignment
AG-390-J21	I	SAG	Species	NA	Pelagibacteraceae	Lacunipelagibacter	Ia.4.II	NA	NA	NA	no_prior_label_and_no_supported_assignment
AG-390-L03	I	SAG	Species	NA	Pelagibacteraceae	Accedentipelagibacter	Ia.3.IV	NA	NA	NA	no_prior_label_and_no_supported_assignment
AG-390-M02	I	SAG	Species	NA	Pelagibacteraceae	Pantolocipelagibacter	Ia.4.N2	NA	NA	NA	no_prior_label_and_no_supported_assignment
AG-390-M07	I	SAG	Species	NA	Pelagibacteraceae	NA	NA	NA	NA	NA	no_prior_label_and_no_supported_assignment
AG-390-M14	I	SAG	Species	NA	Pelagibacteraceae	Xanthinipelagibacter	Ia.3.V	NA	NA	NA	no_prior_label_and_no_supported_assignment
AG-390-O04	I	SAG	Species	NA	Pelagibacteraceae	NA	NA	NA	NA	NA	no_prior_label_and_no_supported_assignment
AG-404-B04	I	SAG	Species	NA	Pelagibacteraceae	NA	NA	NA	NA	NA	no_prior_label_and_no_supported_assignment
AG-404-J20	I	SAG	Species	NA	Pelagibacteraceae	NA	NA	NA	NA	NA	no_prior_label_and_no_supported_assignment
AG-404-O05	I	SAG	Species	NA	Pelagibacteraceae	NA	NA	NA	NA	NA	no_prior_label_and_no_supported_assignment
AG-404-O18	I	SAG	Species	NA	Pelagibacteraceae	NA	NA	NA	NA	NA	no_prior_label_and_no_supported_assignment
AG-404-P13	I	SAG	Species	NA	Pelagibacteraceae	Stellipelagibacter	Ib.2.I	NA	NA	NA	no_prior_label_and_no_supported_assignment
AG-410-K05	I	SAG	Species	NA	Pelagibacteraceae	NA	NA	NA	NA	NA	no_prior_label_and_no_supported_assignment
AG-410-L19	I	SAG	Species	NA	Pelagibacteraceae	NA	NA	NA	NA	NA	no_prior_label_and_no_supported_assignment
AG-410-O02	I	SAG	Species	NA	Pelagibacteraceae	Xanthinipelagibacter	Ia.3.V	NA	NA	NA	no_prior_label_and_no_supported_assignment
AG-414-B08	I	SAG	Species	NA	Pelagibacteraceae	NA	NA	NA	NA	NA	no_prior_label_and_no_supported_assignment
AG-414-E02	I	SAG	Species	NA	Mesopelagibacteraceae	Mesopelagibacter	Ic	NA	NA	NA	no_prior_label_and_no_supported_assignment
AG-414-L04	I	SAG	Species	NA	Pelagibacteraceae	NA	NA	NA	NA	NA	no_prior_label_and_no_supported_assignment
AG-414-M23	I	SAG	Species	NA	Pelagibacteraceae	NA	NA	NA	NA	NA	no_prior_label_and_no_supported_assignment
AG-414-O09	I	SAG	Species	NA	Pelagibacteraceae	Stellipelagibacter	Ib.2.I	NA	NA	NA	no_prior_label_and_no_supported_assignment
AG-422-B22	I	SAG	Species	NA	Pelagibacteraceae	Xanthinipelagibacter	Ia.3.V	NA	NA	NA	no_prior_label_and_no_supported_assignment
AG-422-C13	I	SAG	Species	NA	Pelagibacteraceae	NA	NA	NA	NA	NA	no_prior_label_and_no_supported_assignment
AG-422-C20	I	SAG	Species	NA	Pelagibacteraceae	Xanthinipelagibacter	Ia.3.V	NA	NA	NA	no_prior_label_and_no_supported_assignment
AG-422-D23	I	SAG	Species	NA	Pelagibacteraceae	Xanthinipelagibacter	Ia.3.V	NA	NA	NA	no_prior_label_and_no_supported_assignment
AG-422-E09	I	SAG	Species	NA	Pelagibacteraceae	Xanthinipelagibacter	Ia.3.V	NA	NA	NA	no_prior_label_and_no_supported_assignment
AG-422-G03	I	SAG	Species	NA	Pelagibacteraceae	Xanthinipelagibacter	Ia.3.V	NA	NA	NA	no_prior_label_and_no_supported_assignment
AG-422-N14	I	SAG	Species	NA	Pelagibacteraceae	NA	NA	NA	NA	NA	no_prior_label_and_no_supported_assignment
AG-422-N15	I	SAG	Species	NA	Pelagibacteraceae	NA	NA	NA	NA	NA	no_prior_label_and_no_supported_assignment
AG-426-C04	I	SAG	Species	NA	Pelagibacteraceae	NA	NA	NA	NA	NA	no_prior_label_and_no_supported_assignment
AG-426-D09	I	SAG	Species	NA	Pelagibacteraceae	Tantillipelagibacter	Ia.4.N5	NA	NA	NA	no_prior_label_and_no_supported_assignment
AG-426-E13	I	SAG	Species	NA	Pelagibacteraceae	Copipelagibacter	Ib.1.III	NA	NA	NA	no_prior_label_and_no_supported_assignment
AG-426-G09	I	SAG	Species	NA	Pelagibacteraceae	NA	NA	NA	NA	NA	no_prior_label_and_no_supported_assignment
AG-426-I10	I	SAG	Species	NA	Pelagibacteraceae	NA	NA	NA	NA	NA	no_prior_label_and_no_supported_assignment
AG-426-K09	I	SAG	Species	NA	Pelagibacteraceae	NA	NA	NA	NA	NA	no_prior_label_and_no_supported_assignment
AG-426-M05	I	SAG	Species	NA	Pelagibacteraceae	Xanthinipelagibacter	Ia.3.V	NA	NA	NA	no_prior_label_and_no_supported_assignment
AG-426-M19	I	SAG	Species	NA	Pelagibacteraceae	Copipelagibacter	Ib.1.III	NA	NA	NA	no_prior_label_and_no_supported_assignment
AG-426-P08	I	SAG	Species	NA	Pelagibacteraceae	NA	NA	NA	NA	NA	no_prior_label_and_no_supported_assignment
AG-430-A11	I	SAG	Species	NA	Pelagibacteraceae	NA	NA	NA	NA	NA	no_prior_label_and_no_supported_assignment
AG-430-B09	I	SAG	Species	NA	Pelagibacteraceae	NA	NA	NA	NA	NA	no_prior_label_and_no_supported_assignment
AG-430-G11	I	SAG	Species	NA	Pelagibacteraceae	NA	NA	NA	NA	NA	no_prior_label_and_no_supported_assignment
AG-430-I18	I	SAG	Species	NA	Pelagibacteraceae	Rubripelagibacter	Ib.N11	NA	NA	NA	no_prior_label_and_no_supported_assignment
AG-430-J04	I	SAG	Species	NA	Pelagibacteraceae	Amplipelagibacter	NA	NA	NA	NA	no_prior_label_and_no_supported_assignment
AG-430-J21	I	SAG	Species	NA	Pelagibacteraceae	NA	NA	NA	NA	NA	no_prior_label_and_no_supported_assignment
AG-430-K07	I	SAG	Species	NA	Pelagibacteraceae	NA	NA	NA	NA	NA	no_prior_label_and_no_supported_assignment
AG-439-B12	I	SAG	Species	NA	Pelagibacteraceae	NA	NA	NA	NA	NA	no_prior_label_and_no_supported_assignment
AG-439-C18	I	SAG	Species	NA	Pelagibacteraceae	NA	NA	NA	NA	NA	no_prior_label_and_no_supported_assignment
AG-439-E23	I	SAG	Species	NA	Pelagibacteraceae	NA	NA	NA	NA	NA	no_prior_label_and_no_supported_assignment
AG-439-G19	I	SAG	Species	NA	Pelagibacteraceae	NA	NA	NA	NA	NA	no_prior_label_and_no_supported_assignment
AG-439-O15	I	SAG	Species	NA	Pelagibacteraceae	NA	NA	NA	NA	NA	no_prior_label_and_no_supported_assignment
AG-447-B22	I	SAG	Species	NA	Pelagibacteraceae	NA	NA	NA	NA	NA	no_prior_label_and_no_supported_assignment
AG-447-C08	I	SAG	Species	NA	Pelagibacteraceae	Xanthinipelagibacter	Ia.3.V	NA	NA	NA	no_prior_label_and_no_supported_assignment
AG-447-E19	I	SAG	Species	NA	Pelagibacteraceae	Xanthinipelagibacter	Ia.3.V	NA	NA	NA	no_prior_label_and_no_supported_assignment
AG-447-F10	I	SAG	Species	NA	Pelagibacteraceae	Tantillipelagibacter	Ia.4.N5	NA	NA	NA	no_prior_label_and_no_supported_assignment
AG-447-K09	I	SAG	Species	NA	Pelagibacteraceae	NA	NA	NA	NA	NA	no_prior_label_and_no_supported_assignment
AG-447-K11	I	SAG	Species	NA	Pelagibacteraceae	Undatipelagibacter	Ia.3.VI	NA	NA	NA	no_prior_label_and_no_supported_assignment
AG-447-L03	I	SAG	Species	NA	Pelagibacteraceae	Xanthinipelagibacter	Ia.3.V	NA	NA	NA	no_prior_label_and_no_supported_assignment
AG-447-L10	I	SAG	Species	NA	Pelagibacteraceae	Xanthinipelagibacter	Ia.3.V	NA	NA	NA	no_prior_label_and_no_supported_assignment
AG-447-L14	I	SAG	Species	NA	Pelagibacteraceae	NA	NA	NA	NA	NA	no_prior_label_and_no_supported_assignment
AG-447-M05	I	SAG	Species	NA	Pelagibacteraceae	Atlantikopelagibacter	Ia.3.I	NA	NA	NA	no_prior_label_and_no_supported_assignment
AG-447-M10	I	SAG	Species	NA	Pelagibacteraceae	Xanthinipelagibacter	Ia.3.V	NA	NA	NA	no_prior_label_and_no_supported_assignment
AG-447-N08	I	SAG	Species	NA	Pelagibacteraceae	NA	NA	NA	NA	NA	no_prior_label_and_no_supported_assignment
AG-447-N18	I	SAG	Species	NA	Pelagibacteraceae	Lacunipelagibacter	Ia.4.II	NA	NA	NA	no_prior_label_and_no_supported_assignment
AG-447-N21	I	SAG	Species	NA	Pelagibacteraceae	NA	NA	NA	NA	NA	no_prior_label_and_no_supported_assignment
AG-447-O23	I	SAG	Species	NA	Pelagibacteraceae	NA	NA	NA	NA	NA	no_prior_label_and_no_supported_assignment
AG-447-P03	I	SAG	Species	NA	Pelagibacteraceae	Xanthinipelagibacter	Ia.3.V	NA	NA	NA	no_prior_label_and_no_supported_assignment
AG-447-P22	I	SAG	Species	NA	Pelagibacteraceae	Tantillipelagibacter	Ia.4.N5	NA	NA	NA	no_prior_label_and_no_supported_assignment
AG-453-K22	I	SAG	Species	NA	Pelagibacteraceae	Amplipelagibacter	NA	NA	NA	NA	no_prior_label_and_no_supported_assignment
AG-457-B14	I	SAG	Species	NA	Pelagibacteraceae	Angustipelagibacter	Ia.3.VII	NA	NA	NA	no_prior_label_and_no_supported_assignment
AG-461-L09	I	SAG	Species	NA	Pelagibacteraceae	Stellipelagibacter	Ib.2.I	NA	NA	NA	no_prior_label_and_no_supported_assignment
AG-461-M18	I	SAG	Species	NA	Pelagibacteraceae	Medipelagibacter	Ib.4.N8	NA	NA	NA	no_prior_label_and_no_supported_assignment
AG-464-P13	I	SAG	Species	NA	Pelagibacteraceae	NA	NA	NA	NA	NA	no_prior_label_and_no_supported_assignment
AG-470-D02	I	SAG	Species	NA	Pelagibacteraceae	Angustipelagibacter	Ia.3.VII	NA	NA	NA	no_prior_label_and_no_supported_assignment
AG-891-A05	I	SAG	Species	NA	Pelagibacteraceae	Xanthinipelagibacter	Ia.3.V	NA	NA	NA	no_prior_label_and_no_supported_assignment
AG-891-C15	I	SAG	Species	NA	Pelagibacteraceae	Lacunipelagibacter	Ia.4.II	NA	NA	NA	no_prior_label_and_no_supported_assignment
AG-891-G02	I	SAG	Species	NA	Pelagibacteraceae	Undatipelagibacter	Ia.3.VI	NA	NA	NA	no_prior_label_and_no_supported_assignment
AG-891-I18	I	SAG	Species	NA	Pelagibacteraceae	Xanthinipelagibacter	Ia.3.V	NA	NA	NA	no_prior_label_and_no_supported_assignment
AG-891-J07	I	SAG	Species	NA	Pelagibacteraceae	Angustipelagibacter	Ia.3.VII	NA	NA	NA	no_prior_label_and_no_supported_assignment
AG-891-N03	I	SAG	Species	NA	Pelagibacteraceae	Copipelagibacter	Ib.1.III	NA	NA	NA	no_prior_label_and_no_supported_assignment
AG-892-A22	I	SAG	Species	NA	Pelagibacteraceae	Xanthinipelagibacter	Ia.3.V	NA	NA	NA	no_prior_label_and_no_supported_assignment
AG-892-B11	I	SAG	Species	NA	Pelagibacteraceae	Copipelagibacter	Ib.1.III	NA	NA	NA	no_prior_label_and_no_supported_assignment
AG-892-C18	I	SAG	Species	NA	Pelagibacteraceae	NA	NA	NA	NA	NA	no_prior_label_and_no_supported_assignment
AG-892-F02	I	SAG	Species	NA	Pelagibacteraceae	Xanthinipelagibacter	Ia.3.V	NA	NA	NA	no_prior_label_and_no_supported_assignment
AG-892-J03	I	SAG	Species	NA	Pelagibacteraceae	Copipelagibacter	Ib.1.III	NA	NA	NA	no_prior_label_and_no_supported_assignment
AG-892-K05	I	SAG	Species	NA	Pelagibacteraceae	Proventipelagibacter	Ia.4.N3	NA	NA	NA	no_prior_label_and_no_supported_assignment
AG-892-K09	I	SAG	Species	NA	Pelagibacteraceae	NA	NA	NA	NA	NA	no_prior_label_and_no_supported_assignment
AG-892-L05	I	SAG	Species	NA	Pelagibacteraceae	NA	NA	NA	NA	NA	no_prior_label_and_no_supported_assignment
AG-892-L17	I	SAG	Species	NA	Pelagibacteraceae	Xanthinipelagibacter	Ia.3.V	NA	NA	NA	no_prior_label_and_no_supported_assignment
AG-893-I20	I	SAG	Species	NA	Pelagibacteraceae	Tantillipelagibacter	Ia.4.N5	NA	NA	NA	no_prior_label_and_no_supported_assignment
AG-893-J08	I	SAG	Species	NA	Pelagibacteraceae	Copipelagibacter	Ib.1.III	NA	NA	NA	no_prior_label_and_no_supported_assignment
AG-893-L07	I	SAG	Species	NA	Pelagibacteraceae	Stellipelagibacter	Ib.2.I	NA	NA	NA	no_prior_label_and_no_supported_assignment
AG-893-M22	I	SAG	Species	NA	Pelagibacteraceae	Copipelagibacter	Ib.1.III	NA	NA	NA	no_prior_label_and_no_supported_assignment
AG-893-N07	I	SAG	Species	NA	Pelagibacteraceae	Copipelagibacter	Ib.1.III	NA	NA	NA	no_prior_label_and_no_supported_assignment
AG-893-P02	I	SAG	Species	NA	Pelagibacteraceae	Fusipelagibacter	Ib.N10	NA	NA	NA	no_prior_label_and_no_supported_assignment
AG-893-P10	I	SAG	Species	NA	Pelagibacteraceae	NA	NA	NA	NA	NA	no_prior_label_and_no_supported_assignment
AG-894-A03	I	SAG	Species	NA	Pelagibacteraceae	Copipelagibacter	Ib.1.III	NA	NA	NA	no_prior_label_and_no_supported_assignment
AG-894-B06	I	SAG	Species	NA	Pelagibacteraceae	Copipelagibacter	Ib.1.III	NA	NA	NA	no_prior_label_and_no_supported_assignment
AG-894-B07	I	SAG	Species	NA	Pelagibacteraceae	Lacunipelagibacter	Ia.4.II	NA	NA	NA	no_prior_label_and_no_supported_assignment
AG-894-E10	I	SAG	Species	NA	Pelagibacteraceae	Copipelagibacter	Ib.1.III	NA	NA	NA	no_prior_label_and_no_supported_assignment
AG-894-K14	I	SAG	Species	NA	Pelagibacteraceae	Tantillipelagibacter	Ia.4.N5	NA	NA	NA	no_prior_label_and_no_supported_assignment
AG-894-K15	I	SAG	Species	NA	Pelagibacteraceae	Proventipelagibacter	Ia.4.N3	NA	NA	NA	no_prior_label_and_no_supported_assignment
AG-894-L13	I	SAG	Species	NA	Pelagibacteraceae	Proventipelagibacter	Ia.4.N3	NA	NA	NA	no_prior_label_and_no_supported_assignment
AG-894-L17	I	SAG	Species	NA	Pelagibacteraceae	Stellipelagibacter	Ib.2.I	NA	NA	NA	no_prior_label_and_no_supported_assignment
AG-894-L19	I	SAG	Species	NA	Pelagibacteraceae	Copipelagibacter	Ib.1.III	NA	NA	NA	no_prior_label_and_no_supported_assignment
AG-894-O09	I	SAG	Species	NA	Pelagibacteraceae	Xanthinipelagibacter	Ia.3.V	NA	NA	NA	no_prior_label_and_no_supported_assignment
AG-894-P23	I	SAG	Species	NA	Pelagibacteraceae	Xanthinipelagibacter	Ia.3.V	NA	NA	NA	no_prior_label_and_no_supported_assignment
AG-895-F17	I	SAG	Species	NA	Pelagibacteraceae	Xanthinipelagibacter	Ia.3.V	NA	NA	NA	no_prior_label_and_no_supported_assignment
AG-895-G15	I	SAG	Species	NA	Pelagibacteraceae	NA	NA	NA	NA	NA	no_prior_label_and_no_supported_assignment
AG-895-J19	I	SAG	Species	NA	Pelagibacteraceae	Proventipelagibacter	Ia.4.N3	NA	NA	NA	no_prior_label_and_no_supported_assignment
AG-896-C18	I	SAG	Species	NA	Pelagibacteraceae	NA	NA	NA	NA	NA	no_prior_label_and_no_supported_assignment
AG-896-F06	I	SAG	Species	NA	Pelagibacteraceae	Stellipelagibacter	Ib.2.I	NA	NA	NA	no_prior_label_and_no_supported_assignment
AG-896-K10	I	SAG	Species	NA	Pelagibacteraceae	Lacunipelagibacter	Ia.4.II	NA	NA	NA	no_prior_label_and_no_supported_assignment
AG-896-L20	I	SAG	Species	NA	Pelagibacteraceae	Tantillipelagibacter	Ia.4.N5	NA	NA	NA	no_prior_label_and_no_supported_assignment
AG-896-O18	I	SAG	Species	NA	Pelagibacteraceae	Xanthinipelagibacter	Ia.3.V	NA	NA	NA	no_prior_label_and_no_supported_assignment
AG-897-G09	I	SAG	Species	NA	Pelagibacteraceae	Copipelagibacter	Ib.1.III	NA	NA	NA	no_prior_label_and_no_supported_assignment
AG-897-G15	I	SAG	Species	NA	Pelagibacteraceae	Tantillipelagibacter	Ia.4.N5	NA	NA	NA	no_prior_label_and_no_supported_assignment
AG-897-O16	I	SAG	Species	NA	Pelagibacteraceae	Copipelagibacter	Ib.1.III	NA	NA	NA	no_prior_label_and_no_supported_assignment
AG-898-C07	I	SAG	Species	NA	Pelagibacteraceae	Undatipelagibacter	Ia.3.VI	NA	NA	NA	no_prior_label_and_no_supported_assignment
AG-898-P13	I	SAG	Species	NA	Pelagibacteraceae	NA	NA	NA	NA	NA	no_prior_label_and_no_supported_assignment
AG-899-A06	I	SAG	Species	NA	Pelagibacteraceae	Copipelagibacter	Ib.1.III	NA	NA	NA	no_prior_label_and_no_supported_assignment
AG-899-B09	I	SAG	Species	NA	Pelagibacteraceae	Superipelagibacter	Ib.1	NA	NA	NA	no_prior_label_and_no_supported_assignment
AG-899-D19	I	SAG	Species	NA	Pelagibacteraceae	Superipelagibacter	Ib.1	NA	NA	NA	no_prior_label_and_no_supported_assignment
AG-899-G02	I	SAG	Species	NA	Pelagibacteraceae	Proventipelagibacter	Ia.4.N3	NA	NA	NA	no_prior_label_and_no_supported_assignment
AG-899-J02	I	SAG	Species	NA	Pelagibacteraceae	Angustipelagibacter	Ia.3.VII	NA	NA	NA	no_prior_label_and_no_supported_assignment
AG-899-J23	I	SAG	Species	NA	Pelagibacteraceae	Tantillipelagibacter	Ia.4.N5	NA	NA	NA	no_prior_label_and_no_supported_assignment
AG-899-M07	I	SAG	Species	NA	Pelagibacteraceae	Colligatipelagibacter	Ia.4.N6	NA	NA	NA	no_prior_label_and_no_supported_assignment
AG-899-O04	I	SAG	Species	NA	Pelagibacteraceae	Copipelagibacter	Ib.1.III	NA	NA	NA	no_prior_label_and_no_supported_assignment
AG-900-G16	I	SAG	Species	NA	Pelagibacteraceae	Copipelagibacter	Ib.1.III	NA	NA	NA	no_prior_label_and_no_supported_assignment
AG-900-I13	I	SAG	Species	NA	Pelagibacteraceae	Copipelagibacter	Ib.1.III	NA	NA	NA	no_prior_label_and_no_supported_assignment
AG-900-I19	I	SAG	Species	NA	Pelagibacteraceae	Copipelagibacter	Ib.1.III	NA	NA	NA	no_prior_label_and_no_supported_assignment
AG-900-K21	I	SAG	Species	NA	Pelagibacteraceae	Proventipelagibacter	Ia.4.N3	NA	NA	NA	no_prior_label_and_no_supported_assignment
AG-901-I06	I	SAG	Species	NA	Pelagibacteraceae	Stellipelagibacter	Ib.2.I	NA	NA	NA	no_prior_label_and_no_supported_assignment
AG-903-C11	I	SAG	Species	NA	Pelagibacteraceae	Copipelagibacter	Ib.1.III	NA	NA	NA	no_prior_label_and_no_supported_assignment
AG-903-F09	I	SAG	Species	NA	Pelagibacteraceae	Lacunipelagibacter	Ia.4.II	NA	NA	NA	no_prior_label_and_no_supported_assignment
AG-903-K07	I	SAG	Species	NA	Pelagibacteraceae	Amplipelagibacter	Ib.2.N9	NA	NA	NA	no_prior_label_and_no_supported_assignment
AG-903-L07	I	SAG	Species	NA	Pelagibacteraceae	Parvipelagibacter	Ib.2.N7	NA	NA	NA	no_prior_label_and_no_supported_assignment
AG-903-O08	I	SAG	Species	NA	Pelagibacteraceae	Lacunipelagibacter	Ia.4.II	NA	NA	NA	no_prior_label_and_no_supported_assignment
AG-904-K03	I	SAG	Species	NA	Pelagibacteraceae	Stellipelagibacter	Ib.2.I	NA	NA	NA	no_prior_label_and_no_supported_assignment
AG-905-A07	I	SAG	Species	NA	Pelagibacteraceae	Colligatipelagibacter	Ia.4.N6	NA	NA	NA	no_prior_label_and_no_supported_assignment
AG-905-E10	I	SAG	Species	NA	Pelagibacteraceae	NA	NA	NA	NA	NA	no_prior_label_and_no_supported_assignment
AG-905-E11	I	SAG	Species	NA	Pelagibacteraceae	NA	NA	NA	NA	NA	no_prior_label_and_no_supported_assignment
AG-905-G04	I	SAG	Species	NA	Pelagibacteraceae	NA	NA	NA	NA	NA	no_prior_label_and_no_supported_assignment
AG-905-O08	I	SAG	Species	NA	Pelagibacteraceae	Parvipelagibacter	Ib.2.N7	NA	NA	NA	no_prior_label_and_no_supported_assignment
AG-907-C04	I	SAG	Species	NA	Pelagibacteraceae	Tantillipelagibacter	Ia.4.N5	NA	NA	NA	no_prior_label_and_no_supported_assignment
AG-907-E04	I	SAG	Species	NA	Pelagibacteraceae	Amplipelagibacter	Ib.2.N9	NA	NA	NA	no_prior_label_and_no_supported_assignment
AG-907-F09	I	SAG	Species	NA	Pelagibacteraceae	Stellipelagibacter	Ib.2.I	NA	NA	NA	no_prior_label_and_no_supported_assignment
AG-908-C18	I	SAG	Species	NA	Pelagibacteraceae	Xanthinipelagibacter	Ia.3.V	NA	NA	NA	no_prior_label_and_no_supported_assignment
AG-908-F18	I	SAG	Species	NA	Pelagibacteraceae	Stellipelagibacter	Ib.2.I	NA	NA	NA	no_prior_label_and_no_supported_assignment
AG-908-F20	I	SAG	Species	NA	Pelagibacteraceae	Proventipelagibacter	Ia.4.N3	NA	NA	NA	no_prior_label_and_no_supported_assignment
AG-908-L09	I	SAG	Species	NA	Pelagibacteraceae	Copipelagibacter	Ib.1.III	NA	NA	NA	no_prior_label_and_no_supported_assignment
AG-909-A17	I	SAG	Species	NA	Pelagibacteraceae	Medipelagibacter	Ib.4.N8	NA	NA	NA	no_prior_label_and_no_supported_assignment
AG-909-F14	I	SAG	Species	NA	Pelagibacteraceae	Copipelagibacter	Ib.1.III	NA	NA	NA	no_prior_label_and_no_supported_assignment
AG-909-G08	I	SAG	Species	NA	Pelagibacteraceae	Tantillipelagibacter	Ia.4.N5	NA	NA	NA	no_prior_label_and_no_supported_assignment
AG-909-J05	I	SAG	Species	NA	Pelagibacteraceae	Tantillipelagibacter	Ia.4.N5	NA	NA	NA	no_prior_label_and_no_supported_assignment
AG-910-B05	I	SAG	Species	NA	Pelagibacteraceae	Tantillipelagibacter	Ia.4.N5	NA	NA	NA	no_prior_label_and_no_supported_assignment
AG-911-E04	I	SAG	Species	NA	Pelagibacteraceae	Tantillipelagibacter	Ia.4.N5	NA	NA	NA	no_prior_label_and_no_supported_assignment
AG-911-N14	I	SAG	Species	NA	Pelagibacteraceae	Rubripelagibacter	Ib.N11	NA	NA	NA	no_prior_label_and_no_supported_assignment
AG-912-A14	I	SAG	Species	NA	Pelagibacteraceae	Copipelagibacter	Ib.1.III	NA	NA	NA	no_prior_label_and_no_supported_assignment
AG-912-C08	I	SAG	Species	NA	Pelagibacteraceae	Proventipelagibacter	Ia.4.N3	NA	NA	NA	no_prior_label_and_no_supported_assignment
AG-912-I02	I	SAG	Species	NA	Pelagibacteraceae	Copipelagibacter	Ib.1.III	NA	NA	NA	no_prior_label_and_no_supported_assignment
AG-912-L11	I	SAG	Species	NA	Pelagibacteraceae	Xanthinipelagibacter	Ia.3.V	NA	NA	NA	no_prior_label_and_no_supported_assignment
AG-913-C02	I	SAG	Species	NA	Pelagibacteraceae	NA	NA	NA	NA	NA	no_prior_label_and_no_supported_assignment
AG-913-F03	I	SAG	Species	NA	Pelagibacteraceae	Xanthinipelagibacter	Ia.3.V	NA	NA	NA	no_prior_label_and_no_supported_assignment
AG-913-G10	I	SAG	Species	NA	Pelagibacteraceae	Copipelagibacter	Ib.1.III	NA	NA	NA	no_prior_label_and_no_supported_assignment
AG-913-I09	I	SAG	Species	NA	Pelagibacteraceae	Copipelagibacter	Ib.1.III	NA	NA	NA	no_prior_label_and_no_supported_assignment
AG-913-L03	I	SAG	Species	NA	Pelagibacteraceae	Xanthinipelagibacter	Ia.3.V	NA	NA	NA	no_prior_label_and_no_supported_assignment
AG-913-M13	I	SAG	Species	NA	Pelagibacteraceae	Xanthinipelagibacter	Ia.3.V	NA	NA	NA	no_prior_label_and_no_supported_assignment
AG-913-N09	I	SAG	Species	NA	Pelagibacteraceae	Copipelagibacter	Ib.1.III	NA	NA	NA	no_prior_label_and_no_supported_assignment
AG-913-O18	I	SAG	Species	NA	Pelagibacteraceae	NA	NA	NA	NA	NA	no_prior_label_and_no_supported_assignment
AG-914-A09	I	SAG	Species	NA	Pelagibacteraceae	Amplipelagibacter	Ib.2.N9	NA	NA	NA	no_prior_label_and_no_supported_assignment
AG-914-B14	I	SAG	Species	NA	Pelagibacteraceae	Xanthinipelagibacter	Ia.3.V	NA	NA	NA	no_prior_label_and_no_supported_assignment
AG-914-L04	I	SAG	Species	NA	Pelagibacteraceae	NA	NA	NA	NA	NA	no_prior_label_and_no_supported_assignment
AG-914-L20	I	SAG	Species	NA	Pelagibacteraceae	Rubripelagibacter	Ib.N11	NA	NA	NA	no_prior_label_and_no_supported_assignment
AG-915-G13	I	SAG	Species	NA	Pelagibacteraceae	Parvipelagibacter	Ib.2.N7	NA	NA	NA	no_prior_label_and_no_supported_assignment
AG-915-G14	I	SAG	Species	NA	Pelagibacteraceae	Copipelagibacter	Ib.1.III	NA	NA	NA	no_prior_label_and_no_supported_assignment
AG-916-A16	I	SAG	Species	NA	Pelagibacteraceae	Tantillipelagibacter	Ia.4.N5	NA	NA	NA	no_prior_label_and_no_supported_assignment
AG-916-B06	I	SAG	Species	NA	Pelagibacteraceae	Copipelagibacter	Ib.1.III	NA	NA	NA	no_prior_label_and_no_supported_assignment
AG-916-B15	I	SAG	Species	NA	Pelagibacteraceae	Stellipelagibacter	Ib.2.I	NA	NA	NA	no_prior_label_and_no_supported_assignment
AG-916-E19	I	SAG	Species	NA	Pelagibacteraceae	Copipelagibacter	Ib.1.III	NA	NA	NA	no_prior_label_and_no_supported_assignment
AG-916-G09	I	SAG	Species	NA	Pelagibacteraceae	Parvipelagibacter	Ib.2.N7	NA	NA	NA	no_prior_label_and_no_supported_assignment
AG-916-J11	I	SAG	Species	NA	Pelagibacteraceae	NA	NA	NA	NA	NA	no_prior_label_and_no_supported_assignment
AG-916-L11	I	SAG	Species	NA	Pelagibacteraceae	Copipelagibacter	Ib.1.III	NA	NA	NA	no_prior_label_and_no_supported_assignment
AG-916-N14	I	SAG	Species	NA	Pelagibacteraceae	Xanthinipelagibacter	Ia.3.V	NA	NA	NA	no_prior_label_and_no_supported_assignment
AG-916-O13	I	SAG	Species	NA	Pelagibacteraceae	Amplipelagibacter	Ib.2.N9	NA	NA	NA	no_prior_label_and_no_supported_assignment
AG-916-O20	I	SAG	Species	NA	Pelagibacteraceae	Stellipelagibacter	Ib.2.I	NA	NA	NA	no_prior_label_and_no_supported_assignment
AG-917-B07	I	SAG	Species	NA	Pelagibacteraceae	Medipelagibacter	Ib.4.N8	NA	NA	NA	no_prior_label_and_no_supported_assignment
AG-917-D03	I	SAG	Species	NA	Pelagibacteraceae	Copipelagibacter	Ib.1.III	NA	NA	NA	no_prior_label_and_no_supported_assignment
AG-917-D09	I	SAG	Species	NA	Pelagibacteraceae	Superipelagibacter	Ib.1	NA	NA	NA	no_prior_label_and_no_supported_assignment
AG-917-D14	I	SAG	Species	NA	Pelagibacteraceae	Copipelagibacter	Ib.1.III	NA	NA	NA	no_prior_label_and_no_supported_assignment
AG-917-D23	I	SAG	Species	NA	Pelagibacteraceae	Copipelagibacter	Ib.1.III	NA	NA	NA	no_prior_label_and_no_supported_assignment
AG-917-E05	I	SAG	Species	NA	Pelagibacteraceae	Superipelagibacter	Ib.1	NA	NA	NA	no_prior_label_and_no_supported_assignment
AG-917-J06	I	SAG	Species	NA	Pelagibacteraceae	Xanthinipelagibacter	Ia.3.V	NA	NA	NA	no_prior_label_and_no_supported_assignment
AG-917-K06	I	SAG	Species	NA	Pelagibacteraceae	Lacunipelagibacter	Ia.4.II	NA	NA	NA	no_prior_label_and_no_supported_assignment
AG-917-M15	I	SAG	Species	NA	Pelagibacteraceae	Medipelagibacter	Ib.4.N8	NA	NA	NA	no_prior_label_and_no_supported_assignment
AG-917-O20	I	SAG	Species	NA	Pelagibacteraceae	NA	NA	NA	NA	NA	no_prior_label_and_no_supported_assignment
AG-918-B06	I	SAG	Species	NA	Pelagibacteraceae	Parvipelagibacter	Ib.2.N7	NA	NA	NA	no_prior_label_and_no_supported_assignment
AG-918-E02	I	SAG	Species	NA	Pelagibacteraceae	Copipelagibacter	Ib.1.III	NA	NA	NA	no_prior_label_and_no_supported_assignment
AG-918-G06	I	SAG	Species	NA	Pelagibacteraceae	Lacunipelagibacter	Ia.4.II	NA	NA	NA	no_prior_label_and_no_supported_assignment
AG-918-G15	I	SAG	Species	NA	Pelagibacteraceae	Superipelagibacter	Ib.1	NA	NA	NA	no_prior_label_and_no_supported_assignment
AG-918-G22	I	SAG	Species	NA	Pelagibacteraceae	Copipelagibacter	Ib.1.III	NA	NA	NA	no_prior_label_and_no_supported_assignment
AG-918-K13	I	SAG	Species	NA	Pelagibacteraceae	Copipelagibacter	Ib.1.III	NA	NA	NA	no_prior_label_and_no_supported_assignment
AG-919-A21	I	SAG	Species	NA	Pelagibacteraceae	NA	NA	NA	NA	NA	no_prior_label_and_no_supported_assignment
AG-919-C02	I	SAG	Species	NA	Pelagibacteraceae	Lacunipelagibacter	Ia.4.II	NA	NA	NA	no_prior_label_and_no_supported_assignment
AG-919-F03	I	SAG	Species	NA	Pelagibacteraceae	Colligatipelagibacter	Ia.4.N6	NA	NA	NA	no_prior_label_and_no_supported_assignment
AG-919-L02	I	SAG	Species	NA	Pelagibacteraceae	Lacunipelagibacter	Ia.4.II	NA	NA	NA	no_prior_label_and_no_supported_assignment
AG-919-O02	I	SAG	Species	NA	Pelagibacteraceae	Tantillipelagibacter	Ia.4.N5	NA	NA	NA	no_prior_label_and_no_supported_assignment
AG-920-D05	I	SAG	Species	NA	Pelagibacteraceae	Xanthinipelagibacter	Ia.3.V	NA	NA	NA	no_prior_label_and_no_supported_assignment
AG-920-I06	I	SAG	Species	NA	Pelagibacteraceae	Medipelagibacter	Ib.4.N8	NA	NA	NA	no_prior_label_and_no_supported_assignment
AG-920-I23	I	SAG	Species	NA	Pelagibacteraceae	NA	NA	NA	NA	NA	no_prior_label_and_no_supported_assignment
AG-920-L19	I	SAG	Species	NA	Pelagibacteraceae	Medipelagibacter	Ib.4.N8	NA	NA	NA	no_prior_label_and_no_supported_assignment
AG-920-L20	I	SAG	Species	NA	Pelagibacteraceae	Copipelagibacter	Ib.1.III	NA	NA	NA	no_prior_label_and_no_supported_assignment
AH-287-B07	I	SAG	Species	NA	Pelagibacteraceae	Xanthinipelagibacter	Ia.3.V	NA	NA	NA	no_prior_label_and_no_supported_assignment
AH-287-E08	I	SAG	Species	NA	Pelagibacteraceae	NA	NA	NA	NA	NA	no_prior_label_and_no_supported_assignment
AH-287-E17	I	SAG	Species	NA	Pelagibacteraceae	Xanthinipelagibacter	Ia.3.V	NA	NA	NA	no_prior_label_and_no_supported_assignment
AH-287-G05	I	SAG	Species	NA	Pelagibacteraceae	Lacunipelagibacter	Ia.4.II	NA	NA	NA	no_prior_label_and_no_supported_assignment
AH-287-J18	I	SAG	Species	NA	Pelagibacteraceae	Tantillipelagibacter	Ia.4.N5	NA	NA	NA	no_prior_label_and_no_supported_assignment
AH-287-O09	I	SAG	Species	NA	Pelagibacteraceae	Superipelagibacter	Ib.1	NA	NA	NA	no_prior_label_and_no_supported_assignment
AH-321-A17	I	SAG	Species	NA	Pelagibacteraceae	Xanthinipelagibacter	Ia.3.V	NA	NA	NA	no_prior_label_and_no_supported_assignment
AH-321-D17	I	SAG	Species	NA	Pelagibacteraceae	Lacunipelagibacter	Ia.4.II	NA	NA	NA	no_prior_label_and_no_supported_assignment
AH-321-L23	I	SAG	Species	NA	Pelagibacteraceae	Punctipelagibacter	Ia.4.N4	NA	NA	NA	no_prior_label_and_no_supported_assignment
AH-321-M13	I	SAG	Species	NA	Pelagibacteraceae	Lacunipelagibacter	Ia.4.II	NA	NA	NA	no_prior_label_and_no_supported_assignment
AH-321-N11	I	SAG	Species	NA	Pelagibacteraceae	NA	NA	NA	NA	NA	no_prior_label_and_no_supported_assignment
AH-321-P04	I	SAG	Species	NA	Pelagibacteraceae	Punctipelagibacter	Ia.4.N4	NA	NA	NA	no_prior_label_and_no_supported_assignment
AH-324-B10	I	SAG	Species	NA	Pelagibacteraceae	Medipelagibacter	Ib.4.N8	NA	NA	NA	no_prior_label_and_no_supported_assignment
AH-324-E14	I	SAG	Species	NA	Pelagibacteraceae	Rubripelagibacter	Ib.N11	NA	NA	NA	no_prior_label_and_no_supported_assignment
AH-324-F03	I	SAG	Species	NA	Pelagibacteraceae	Xanthinipelagibacter	Ia.3.V	NA	NA	NA	no_prior_label_and_no_supported_assignment
AH-324-J07	I	SAG	Species	NA	Pelagibacteraceae	Xanthinipelagibacter	Ia.3.V	NA	NA	NA	no_prior_label_and_no_supported_assignment
AH-324-K07	I	SAG	Species	NA	Pelagibacteraceae	NA	NA	NA	NA	NA	no_prior_label_and_no_supported_assignment
AH-324-K09	I	SAG	Species	NA	Pelagibacteraceae	NA	NA	NA	NA	NA	no_prior_label_and_no_supported_assignment
AH-324-N03	I	SAG	Species	NA	Pelagibacteraceae	Xanthinipelagibacter	Ia.3.V	NA	NA	NA	no_prior_label_and_no_supported_assignment
ARS1	I	MAG	Species	NA	Mesopelagibacteraceae	NA	Ic	NA	NA	NA	no_prior_label_and_no_supported_assignment
BACL5_MAG-120820-bin39	I	MAG	Species	NA	Pelagibacteraceae	NA	NA	NA	NA	NA	no_prior_label_and_no_supported_assignment
BACL5_MAG-121015-bin10	I	MAG	Species	NA	Pelagibacteraceae	NA	NA	NA	NA	NA	no_prior_label_and_no_supported_assignment
Baikal-G1	I	MAG	Species	NA	Pelagibacteraceae	NA	NA	NA	NA	NA	no_prior_label_and_no_supported_assignment
FZCC0015	I	isolate	Species	NA	Pelagibacteraceae	Xanthinipelagibacter	Ia.3.V	NA	NA	NA	no_prior_label_and_no_supported_assignment
HIMB123	I	isolate	Species	NA	Pelagibacteraceae	Xanthinipelagibacter	Ia.3.V	NA	NA	NA	no_prior_label_and_no_supported_assignment
HIMB1402	I	isolate	Species	NA	Pelagibacteraceae	Lacunipelagibacter	Ia.4.II	NA	NA	NA	no_prior_label_and_no_supported_assignment
HIMB1409	I	isolate	Species	NA	Pelagibacteraceae	Xanthinipelagibacter	Ia.3.V	NA	NA	NA	no_prior_label_and_no_supported_assignment
HIMB1413	I	isolate	Species	NA	Pelagibacteraceae	Xanthinipelagibacter	Ia.3.V	NA	NA	NA	no_prior_label_and_no_supported_assignment
HIMB1420	I	isolate	Species	NA	Pelagibacteraceae	Coralipelagibacter	Ia.3.II	NA	NA	NA	no_prior_label_and_no_supported_assignment
HIMB1427	I	isolate	Species	NA	Pelagibacteraceae	Coralipelagibacter	Ia.3.II	NA	NA	NA	no_prior_label_and_no_supported_assignment
HIMB1444	I	isolate	Species	NA	Pelagibacteraceae	Xanthinipelagibacter	Ia.3.V	NA	NA	NA	no_prior_label_and_no_supported_assignment
HIMB1456	I	isolate	Species	NA	Pelagibacteraceae	Xanthinipelagibacter	Ia.3.V	NA	NA	NA	no_prior_label_and_no_supported_assignment
HIMB1463	I	isolate	Species	NA	Pelagibacteraceae	Coralipelagibacter	Ia.3.II	NA	NA	NA	no_prior_label_and_no_supported_assignment
HIMB1520	I	isolate	Species	NA	Pelagibacteraceae	Coralipelagibacter	Ia.3.II	NA	NA	NA	no_prior_label_and_no_supported_assignment
HIMB1564	I	isolate	Species	NA	Pelagibacteraceae	Coralipelagibacter	Ia.3.II	NA	NA	NA	no_prior_label_and_no_supported_assignment
HIMB1623	I	isolate	Species	NA	Pelagibacteraceae	Undatipelagibacter	Ia.3.VI	NA	NA	NA	no_prior_label_and_no_supported_assignment
HIMB1685	I	isolate	Species	NA	Pelagibacteraceae	Undatipelagibacter	Ia.3.VI	NA	NA	NA	no_prior_label_and_no_supported_assignment
HIMB1695	I	isolate	Species	NA	Pelagibacteraceae	Undatipelagibacter	Ia.3.VI	NA	NA	NA	no_prior_label_and_no_supported_assignment
HIMB1709	I	isolate	Species	NA	Pelagibacteraceae	Undatipelagibacter	Ia.3.VI	NA	NA	NA	no_prior_label_and_no_supported_assignment
HIMB1835	I	isolate	Species	NA	Pelagibacteraceae	Lacunipelagibacter	Ia.4.II	NA	NA	NA	no_prior_label_and_no_supported_assignment
HIMB1838	I	isolate	Species	NA	Pelagibacteraceae	Lacunipelagibacter	Ia.4.II	NA	NA	NA	no_prior_label_and_no_supported_assignment
HIMB1863	I	isolate	Species	NA	Pelagibacteraceae	Lacunipelagibacter	Ia.4.II	NA	NA	NA	no_prior_label_and_no_supported_assignment
HIMB2104	I	isolate	Species	NA	Pelagibacteraceae	Lacunipelagibacter	Ia.4.II	NA	NA	NA	no_prior_label_and_no_supported_assignment
HIMB2187	I	isolate	Species	NA	Pelagibacteraceae	Tantillipelagibacter	Ia.4.N5	NA	NA	NA	no_prior_label_and_no_supported_assignment
HIMB2200	I	isolate	Species	NA	Pelagibacteraceae	Lacunipelagibacter	Ia.4.II	NA	NA	NA	no_prior_label_and_no_supported_assignment
HIMB2201	I	isolate	Species	NA	Pelagibacteraceae	Xanthinipelagibacter	Ia.3.V	NA	NA	NA	no_prior_label_and_no_supported_assignment
HIMB2204	I	isolate	Species	NA	Pelagibacteraceae	Lacunipelagibacter	Ia.4.II	NA	NA	NA	no_prior_label_and_no_supported_assignment
HIMB2215	I	isolate	Species	NA	Pelagibacteraceae	Lacunipelagibacter	Ia.4.II	NA	NA	NA	no_prior_label_and_no_supported_assignment
HIMB2226	I	isolate	Species	NA	Pelagibacteraceae	Tantillipelagibacter	Ia.4.N5	NA	NA	NA	no_prior_label_and_no_supported_assignment
HIMB2250	I	isolate	Species	NA	Pelagibacteraceae	Xanthinipelagibacter	Ia.3.V	NA	NA	NA	no_prior_label_and_no_supported_assignment
HIMB2304	I	isolate	Species	NA	Pelagibacteraceae	Xanthinipelagibacter	Ia.3.V	NA	NA	NA	no_prior_label_and_no_supported_assignment
HTCC7214	I	isolate	Species	NA	Pelagibacteraceae	Atlantikopelagibacter	Ia.3.I	NA	NA	NA	no_prior_label_and_no_supported_assignment
HTCC9022	I	isolate	Species	NA	Pelagibacteraceae	Accedentipelagibacter	Ia.3.IV	NA	NA	NA	no_prior_label_and_no_supported_assignment
MED605	I	MAG	Species	NA	Mesopelagibacteraceae	NA	Ic	NA	NA	NA	no_prior_label_and_no_supported_assignment
RIS-SAG-41	I	SAG	Species	NA	Pelagibacteraceae	Pelagibacter	Ia.1.I	NA	NA	NA	no_prior_label_and_no_supported_assignment
RS39	I	isolate	Species	NA	Pelagibacteraceae	Tantillipelagibacter	Ia.4.N5	NA	NA	NA	no_prior_label_and_no_supported_assignment
RS40	I	isolate	Species	NA	Pelagibacteraceae	Superipelagibacter	Ib.1	NA	NA	NA	no_prior_label_and_no_supported_assignment
SAG-MED01	I	SAG	Species	NA	Pelagibacteraceae	NA	NA	NA	NA	NA	no_prior_label_and_no_supported_assignment
SAG-MED06	I	SAG	Species	NA	Pelagibacteraceae	Accedentipelagibacter	Ia.3.IV	NA	NA	NA	no_prior_label_and_no_supported_assignment
SAG-MED11	I	SAG	Species	NA	Pelagibacteraceae	Pantolocipelagibacter	Ia.4.N2	NA	NA	NA	no_prior_label_and_no_supported_assignment
SAG-MED13	I	SAG	Species	NA	Pelagibacteraceae	NA	NA	NA	NA	NA	no_prior_label_and_no_supported_assignment
SAG-MED15	I	SAG	Species	NA	Pelagibacteraceae	NA	NA	NA	NA	NA	no_prior_label_and_no_supported_assignment
SAG-MED22	I	SAG	Species	NA	Pelagibacteraceae	Angustipelagibacter	Ia.3.VII	NA	NA	NA	no_prior_label_and_no_supported_assignment
SAG-MED47	I	SAG	Species	NA	Pelagibacteraceae	NA	NA	NA	NA	NA	no_prior_label_and_no_supported_assignment
SAG-MED49	I	SAG	Species	NA	Pelagibacteraceae	NA	NA	NA	NA	NA	no_prior_label_and_no_supported_assignment
SAG-MED50	I	SAG	Species	NA	Pelagibacteraceae	Accedentipelagibacter	Ia.3.IV	NA	NA	NA	no_prior_label_and_no_supported_assignment
Uisw_090	I	isolate	Species	NA	Pelagibacteraceae	Pelagibacter	Ia.1.I	NA	NA	NA	no_prior_label_and_no_supported_assignment
Uisw_092	I	isolate	Species	NA	Pelagibacteraceae	Pelagibacter	Ia.1.I	NA	NA	NA	no_prior_label_and_no_supported_assignment
Uisw_094	I	isolate	Species	NA	Pelagibacteraceae	Pelagibacter	Ia.1.I	NA	NA	NA	no_prior_label_and_no_supported_assignment
Uisw_099_02	I	isolate	Species	NA	Pelagibacteraceae	Pelagibacter	Ia.1.I	NA	NA	NA	no_prior_label_and_no_supported_assignment
Uisw_101	I	isolate	Species	NA	Pelagibacteraceae	Pelagibacter	Ia.1.I	NA	NA	NA	no_prior_label_and_no_supported_assignment
Uisw_104	I	isolate	Species	NA	Pelagibacteraceae	Pelagibacter	Ia.1.I	NA	NA	NA	no_prior_label_and_no_supported_assignment
Uisw_106	I	isolate	Species	NA	Pelagibacteraceae	Pelagibacter	Ia.1.I	NA	NA	NA	no_prior_label_and_no_supported_assignment
Uisw_113	I	isolate	Species	NA	Pelagibacteraceae	Pelagibacter	Ia.1.I	NA	NA	NA	no_prior_label_and_no_supported_assignment
Uisw_114	I	isolate	Species	NA	Pelagibacteraceae	Pelagibacter	Ia.1.I	NA	NA	NA	no_prior_label_and_no_supported_assignment
Uisw_116	I	isolate	Species	NA	Pelagibacteraceae	Pelagibacter	Ia.1.I	NA	NA	NA	no_prior_label_and_no_supported_assignment
Uisw_121	I	isolate	Species	NA	Pelagibacteraceae	Pelagibacter	Ia.1.I	NA	NA	NA	no_prior_label_and_no_supported_assignment
Uisw_127	I	isolate	Species	NA	Pelagibacteraceae	Pelagibacter	Ia.1.I	NA	NA	NA	no_prior_label_and_no_supported_assignment
Uisw_130	I	isolate	Species	NA	Pelagibacteraceae	Pelagibacter	Ia.1.I	NA	NA	NA	no_prior_label_and_no_supported_assignment
Uisw_134_02	I	isolate	Species	NA	Pelagibacteraceae	NA	NA	NA	NA	NA	no_prior_label_and_no_supported_assignment
Uisw_136	I	isolate	Species	NA	Pelagibacteraceae	Pelagibacter	Ia.1.I	NA	NA	NA	no_prior_label_and_no_supported_assignment
Uisw_137	I	isolate	Species	NA	Pelagibacteraceae	Pelagibacter	Ia.1.I	NA	NA	NA	no_prior_label_and_no_supported_assignment
AG-313-A04	II	SAG	Species	NA	Cosmipelagibacteraceae	Cosmipelagibacter	II	NA	NA	NA	no_prior_label_and_no_supported_assignment
AG-325-E13	II	SAG	Species	NA	Cosmipelagibacteraceae	Cosmipelagibacter	II	NA	NA	NA	no_prior_label_and_no_supported_assignment
AG-325-E20	II	SAG	Species	NA	Cosmipelagibacteraceae	Anoxypelagibacter	II	NA	NA	NA	no_prior_label_and_no_supported_assignment
AG-337-E15	II	SAG	Species	NA	Cosmipelagibacteraceae	Cosmipelagibacter	II	NA	NA	NA	no_prior_label_and_no_supported_assignment
AG-343-E17	II	SAG	Species	NA	Cosmipelagibacteraceae	Anoxypelagibacter	II	NA	NA	NA	no_prior_label_and_no_supported_assignment
AG-365-B19	II	SAG	Species	NA	Cosmipelagibacteraceae	Anoxypelagibacter	II	NA	NA	NA	no_prior_label_and_no_supported_assignment
AG-390-C22	II	SAG	Species	NA	Cosmipelagibacteraceae	Cosmipelagibacter	II	NA	NA	NA	no_prior_label_and_no_supported_assignment
AG-390-M15	II	SAG	Species	NA	Cosmipelagibacteraceae	Cosmipelagibacter	II	NA	NA	NA	no_prior_label_and_no_supported_assignment
AG-414-B15	II	SAG	Species	NA	Cosmipelagibacteraceae	Anoxypelagibacter	II	NA	NA	NA	no_prior_label_and_no_supported_assignment
AG-422-A21	II	SAG	Species	NA	Cosmipelagibacteraceae	Anoxypelagibacter	II	NA	NA	NA	no_prior_label_and_no_supported_assignment
AG-422-F15	II	SAG	Species	NA	Cosmipelagibacteraceae	Cosmipelagibacter	II	NA	NA	NA	no_prior_label_and_no_supported_assignment
AG-422-K17	II	SAG	Species	NA	Cosmipelagibacteraceae	Cosmipelagibacter	II	NA	NA	NA	no_prior_label_and_no_supported_assignment
AG-422-L15	II	SAG	Species	NA	Cosmipelagibacteraceae	Anoxypelagibacter	II	NA	NA	NA	no_prior_label_and_no_supported_assignment
AG-426-I15	II	SAG	Species	NA	Cosmipelagibacteraceae	Anoxypelagibacter	II	NA	NA	NA	no_prior_label_and_no_supported_assignment
AG-426-O05	II	SAG	Species	NA	Cosmipelagibacteraceae	Anoxypelagibacter	II	NA	NA	NA	no_prior_label_and_no_supported_assignment
AG-430-F03	II	SAG	Species	NA	Cosmipelagibacteraceae	Anoxypelagibacter	II	NA	NA	NA	no_prior_label_and_no_supported_assignment
AG-439-C08	II	SAG	Species	NA	Cosmipelagibacteraceae	Anoxypelagibacter	II	NA	NA	NA	no_prior_label_and_no_supported_assignment
AG-453-G04	II	SAG	Species	NA	Cosmipelagibacteraceae	Cosmipelagibacter	II	NA	NA	NA	no_prior_label_and_no_supported_assignment
AG-461-E04	II	SAG	Species	NA	Cosmipelagibacteraceae	Cosmipelagibacter	II	NA	NA	NA	no_prior_label_and_no_supported_assignment
AG-891-O15	II	SAG	Species	NA	Cosmipelagibacteraceae	Cosmipelagibacter	II	NA	NA	NA	no_prior_label_and_no_supported_assignment
AG-899-E14	II	SAG	Species	NA	Cosmipelagibacteraceae	Cosmipelagibacter	II	NA	NA	NA	no_prior_label_and_no_supported_assignment
AG-903-M21	II	SAG	Species	NA	Cosmipelagibacteraceae	Cosmipelagibacter	II	NA	NA	NA	no_prior_label_and_no_supported_assignment
AG-904-F11	II	SAG	Species	NA	Cosmipelagibacteraceae	Anoxypelagibacter	II	NA	NA	NA	no_prior_label_and_no_supported_assignment
AG-910-G11	II	SAG	Species	NA	Cosmipelagibacteraceae	Cosmipelagibacter	II	NA	NA	NA	no_prior_label_and_no_supported_assignment
AG-911-G13	II	SAG	Species	NA	Cosmipelagibacteraceae	Cosmipelagibacter	II	NA	NA	NA	no_prior_label_and_no_supported_assignment
AG-912-D10	II	SAG	Species	NA	Cosmipelagibacteraceae	Anoxypelagibacter	II	NA	NA	NA	no_prior_label_and_no_supported_assignment
AG-912-P19	II	SAG	Species	NA	Cosmipelagibacteraceae	Cosmipelagibacter	II	NA	NA	NA	no_prior_label_and_no_supported_assignment
AG-913-I06	II	SAG	Species	NA	Cosmipelagibacteraceae	Cosmipelagibacter	II	NA	NA	NA	no_prior_label_and_no_supported_assignment
AG-913-I14	II	SAG	Species	NA	Cosmipelagibacteraceae	Cosmipelagibacter	II	NA	NA	NA	no_prior_label_and_no_supported_assignment
AG-914-I16	II	SAG	Species	NA	Cosmipelagibacteraceae	Cosmipelagibacter	II	NA	NA	NA	no_prior_label_and_no_supported_assignment
AG-914-J05	II	SAG	Species	NA	Cosmipelagibacteraceae	Cosmipelagibacter	II	NA	NA	NA	no_prior_label_and_no_supported_assignment
AG-914-N11	II	SAG	Species	NA	Cosmipelagibacteraceae	Cosmipelagibacter	II	NA	NA	NA	no_prior_label_and_no_supported_assignment
AG-916-D16	II	SAG	Species	NA	Cosmipelagibacteraceae	Anoxypelagibacter	II	NA	NA	NA	no_prior_label_and_no_supported_assignment
AG-916-E17	II	SAG	Species	NA	Cosmipelagibacteraceae	Cosmipelagibacter	II	NA	NA	NA	no_prior_label_and_no_supported_assignment
AG-916-G03	II	SAG	Species	NA	Cosmipelagibacteraceae	NA	II	NA	NA	NA	no_prior_label_and_no_supported_assignment
AG-917-E14	II	SAG	Species	NA	Cosmipelagibacteraceae	Cosmipelagibacter	II	NA	NA	NA	no_prior_label_and_no_supported_assignment
AG-917-F18	II	SAG	Species	NA	Cosmipelagibacteraceae	Cosmipelagibacter	II	NA	NA	NA	no_prior_label_and_no_supported_assignment
AG-917-K20	II	SAG	Species	NA	Cosmipelagibacteraceae	Cosmipelagibacter	II	NA	NA	NA	no_prior_label_and_no_supported_assignment
AG-918-M15	II	SAG	Species	NA	Cosmipelagibacteraceae	Cosmipelagibacter	II	NA	NA	NA	no_prior_label_and_no_supported_assignment
AG-918-N23	II	SAG	Species	NA	Cosmipelagibacteraceae	Cosmipelagibacter	II	NA	NA	NA	no_prior_label_and_no_supported_assignment
AG-919-F21	II	SAG	Species	NA	Cosmipelagibacteraceae	Cosmipelagibacter	II	NA	NA	NA	no_prior_label_and_no_supported_assignment
AG-919-I13	II	SAG	Species	NA	Cosmipelagibacteraceae	Cosmipelagibacter	II	NA	NA	NA	no_prior_label_and_no_supported_assignment
AG-919-M05	II	SAG	Species	NA	Cosmipelagibacteraceae	Cosmipelagibacter	II	NA	NA	NA	no_prior_label_and_no_supported_assignment
AG-920-L07	II	SAG	Species	NA	Cosmipelagibacteraceae	Anoxypelagibacter	II	NA	NA	NA	no_prior_label_and_no_supported_assignment
AH-287-C13	II	SAG	Species	NA	Cosmipelagibacteraceae	Cosmipelagibacter	II	NA	NA	NA	no_prior_label_and_no_supported_assignment
AH-287-E19	II	SAG	Species	NA	Cosmipelagibacteraceae	Cosmipelagibacter	II	NA	NA	NA	no_prior_label_and_no_supported_assignment
AH-321-I23	II	SAG	Species	NA	Cosmipelagibacteraceae	Cosmipelagibacter	II	NA	NA	NA	no_prior_label_and_no_supported_assignment
MED-G40	II	MAG	Species	NA	Cosmipelagibacteraceae	NA	II	NA	NA	NA	no_prior_label_and_no_supported_assignment
SAG-MED05	II	SAG	Species	NA	Cosmipelagibacteraceae	Cosmipelagibacter	II	NA	NA	NA	no_prior_label_and_no_supported_assignment
SAG-MED28	II	SAG	Species	NA	Cosmipelagibacteraceae	Cosmipelagibacter	II	NA	NA	NA	no_prior_label_and_no_supported_assignment
AG-894-A09	III	SAG	Species	NA	Fontibacteriaceae	NA	IIIa.2	NA	NA	NA	no_prior_label_and_no_supported_assignment
AG-907-B09	III	SAG	Species	NA	Fontibacteriaceae	NA	IIIa.2	NA	NA	NA	no_prior_label_and_no_supported_assignment
CPC289	III	MAG	Species	NA	Fontibacteriaceae	Elongatipelagibacter	IIIa.1	NA	NA	NA	no_prior_label_and_no_supported_assignment
IMCC9063	III	isolate	Species	NA	Fontibacteriaceae	NA	IIIa.3	NA	NA	NA	no_prior_label_and_no_supported_assignment
LSUCC0261	III	isolate	Species	NA	Fontibacteriaceae	NA	IIIa.3	NA	NA	NA	no_prior_label_and_no_supported_assignment
LSUCC0664	III	isolate	Species	NA	Fontibacteriaceae	Elongatipelagibacter	IIIa.1	NA	NA	NA	no_prior_label_and_no_supported_assignment
LSUCC0723	III	isolate	Species	NA	Fontibacteriaceae	Elongatipelagibacter	IIIa.1	NA	NA	NA	no_prior_label_and_no_supported_assignment
MED1116	III	MAG	Species	NA	Fontibacteriaceae	Elongatipelagibacter	IIIa.1	NA	NA	NA	no_prior_label_and_no_supported_assignment
MED602	III	MAG	Species	NA	Fontibacteriaceae	NA	IIIa.2	NA	NA	NA	no_prior_label_and_no_supported_assignment
SP27	III	MAG	Species	NA	Fontibacteriaceae	Elongatipelagibacter	IIIa.1	NA	NA	NA	no_prior_label_and_no_supported_assignment
AG-337-G06	IV	SAG	Species	NA	NA	NA	IV	NA	NA	NA	no_prior_label_and_no_supported_assignment
AG-422-B15	IV	SAG	Species	NA	NA	NA	IV	NA	NA	NA	no_prior_label_and_no_supported_assignment
AG-422-C21	IV	SAG	Species	NA	NA	NA	IV	NA	NA	NA	no_prior_label_and_no_supported_assignment
AG-426-I21	IV	SAG	Species	NA	NA	NA	IV	NA	NA	NA	no_prior_label_and_no_supported_assignment
AG-439-D15	IV	SAG	Species	NA	NA	NA	IV	NA	NA	NA	no_prior_label_and_no_supported_assignment
AG-457-M14	IV	SAG	Species	NA	NA	NA	IV	NA	NA	NA	no_prior_label_and_no_supported_assignment
AG-461-P14	IV	SAG	Species	NA	NA	NA	IV	NA	NA	NA	no_prior_label_and_no_supported_assignment
AG-891-J04	IV	SAG	Species	NA	NA	NA	IV	NA	NA	NA	no_prior_label_and_no_supported_assignment
AG-892-M06	IV	SAG	Species	NA	NA	NA	IV	NA	NA	NA	no_prior_label_and_no_supported_assignment
AG-893-M03	IV	SAG	Species	NA	NA	NA	IV	NA	NA	NA	no_prior_label_and_no_supported_assignment
AG-894-A11	IV	SAG	Species	NA	NA	NA	IV	NA	NA	NA	no_prior_label_and_no_supported_assignment
AG-895-F07	IV	SAG	Species	NA	NA	NA	IV	NA	NA	NA	no_prior_label_and_no_supported_assignment
AG-896-A02	IV	SAG	Species	NA	NA	NA	IV	NA	NA	NA	no_prior_label_and_no_supported_assignment
AG-899-O02	IV	SAG	Species	NA	NA	NA	IV	NA	NA	NA	no_prior_label_and_no_supported_assignment
AG-900-K14	IV	SAG	Species	NA	NA	NA	IV	NA	NA	NA	no_prior_label_and_no_supported_assignment
AG-900-M14	IV	SAG	Species	NA	NA	NA	IV	NA	NA	NA	no_prior_label_and_no_supported_assignment
AG-901-G03	IV	SAG	Species	NA	NA	NA	IV	NA	NA	NA	no_prior_label_and_no_supported_assignment
AG-905-D16	IV	SAG	Species	NA	NA	NA	IV	NA	NA	NA	no_prior_label_and_no_supported_assignment
AG-909-G09	IV	SAG	Species	NA	NA	NA	IV	NA	NA	NA	no_prior_label_and_no_supported_assignment
AG-911-E02	IV	SAG	Species	NA	NA	NA	IV	NA	NA	NA	no_prior_label_and_no_supported_assignment
AG-919-N17	IV	SAG	Species	NA	NA	NA	IV	NA	NA	NA	no_prior_label_and_no_supported_assignment
AG-919-P09	IV	SAG	Species	NA	NA	NA	IV	NA	NA	NA	no_prior_label_and_no_supported_assignment
AG-920-L11	IV	SAG	Species	NA	NA	NA	IV	NA	NA	NA	no_prior_label_and_no_supported_assignment
AH-287-F15	IV	SAG	Species	NA	NA	NA	IV	NA	NA	NA	no_prior_label_and_no_supported_assignment
AAA795-D22	I	SAG	Subclade	NA	Pelagibacteraceae	NA	NA	NA	NA	NA	no_prior_label_and_no_supported_assignment
AG-325-C18	I	SAG	Subclade	NA	Pelagibacteraceae	NA	NA	NA	NA	NA	no_prior_label_and_no_supported_assignment
AG-325-C21	I	SAG	Subclade	NA	Pelagibacteraceae	NA	NA	NA	NA	NA	no_prior_label_and_no_supported_assignment
AG-325-G21	I	SAG	Subclade	NA	Pelagibacteraceae	NA	NA	NA	NA	NA	no_prior_label_and_no_supported_assignment
AG-325-L02	I	SAG	Subclade	NA	Pelagibacteraceae	NA	NA	NA	NA	NA	no_prior_label_and_no_supported_assignment
AG-325-L05	I	SAG	Subclade	NA	Pelagibacteraceae	NA	NA	NA	NA	NA	no_prior_label_and_no_supported_assignment
AG-333-A04	I	SAG	Subclade	NA	Pelagibacteraceae	NA	NA	NA	NA	NA	no_prior_label_and_no_supported_assignment
AG-333-D08	I	SAG	Subclade	NA	Pelagibacteraceae	NA	NA	NA	NA	NA	no_prior_label_and_no_supported_assignment
AG-333-K06	I	SAG	Subclade	NA	Pelagibacteraceae	NA	NA	NA	NA	NA	no_prior_label_and_no_supported_assignment
AG-333-N15	I	SAG	Subclade	NA	Pelagibacteraceae	NA	NA	NA	NA	NA	no_prior_label_and_no_supported_assignment
AG-359-F04	I	SAG	Subclade	NA	Pelagibacteraceae	NA	NA	NA	NA	NA	no_prior_label_and_no_supported_assignment
AG-359-P18	I	SAG	Subclade	NA	Pelagibacteraceae	NA	NA	NA	NA	NA	no_prior_label_and_no_supported_assignment
AG-365-D07	I	SAG	Subclade	NA	Pelagibacteraceae	NA	NA	NA	NA	NA	no_prior_label_and_no_supported_assignment
AG-365-L04	I	SAG	Subclade	NA	Pelagibacteraceae	NA	NA	NA	NA	NA	no_prior_label_and_no_supported_assignment
AG-365-O14	I	SAG	Subclade	NA	Pelagibacteraceae	NA	NA	NA	NA	NA	no_prior_label_and_no_supported_assignment
AG-390-C19	I	SAG	Subclade	NA	Pelagibacteraceae	NA	NA	NA	NA	NA	no_prior_label_and_no_supported_assignment
AG-390-E04	I	SAG	Subclade	NA	Pelagibacteraceae	NA	NA	NA	NA	NA	no_prior_label_and_no_supported_assignment
AG-390-G13	I	SAG	Subclade	NA	Pelagibacteraceae	NA	NA	NA	NA	NA	no_prior_label_and_no_supported_assignment
AG-390-M07	I	SAG	Subclade	NA	Pelagibacteraceae	NA	NA	NA	NA	NA	no_prior_label_and_no_supported_assignment
AG-390-O04	I	SAG	Subclade	NA	Pelagibacteraceae	NA	NA	NA	NA	NA	no_prior_label_and_no_supported_assignment
AG-404-B04	I	SAG	Subclade	NA	Pelagibacteraceae	NA	NA	NA	NA	NA	no_prior_label_and_no_supported_assignment
AG-404-J20	I	SAG	Subclade	NA	Pelagibacteraceae	NA	NA	NA	NA	NA	no_prior_label_and_no_supported_assignment
AG-404-O05	I	SAG	Subclade	NA	Pelagibacteraceae	NA	NA	NA	NA	NA	no_prior_label_and_no_supported_assignment
AG-404-O18	I	SAG	Subclade	NA	Pelagibacteraceae	NA	NA	NA	NA	NA	no_prior_label_and_no_supported_assignment
AG-410-K05	I	SAG	Subclade	NA	Pelagibacteraceae	NA	NA	NA	NA	NA	no_prior_label_and_no_supported_assignment
AG-410-L19	I	SAG	Subclade	NA	Pelagibacteraceae	NA	NA	NA	NA	NA	no_prior_label_and_no_supported_assignment
AG-414-B08	I	SAG	Subclade	NA	Pelagibacteraceae	NA	NA	NA	NA	NA	no_prior_label_and_no_supported_assignment
AG-414-L04	I	SAG	Subclade	NA	Pelagibacteraceae	NA	NA	NA	NA	NA	no_prior_label_and_no_supported_assignment
AG-414-M23	I	SAG	Subclade	NA	Pelagibacteraceae	NA	NA	NA	NA	NA	no_prior_label_and_no_supported_assignment
AG-422-C13	I	SAG	Subclade	NA	Pelagibacteraceae	NA	NA	NA	NA	NA	no_prior_label_and_no_supported_assignment
AG-422-N14	I	SAG	Subclade	NA	Pelagibacteraceae	NA	NA	NA	NA	NA	no_prior_label_and_no_supported_assignment
AG-422-N15	I	SAG	Subclade	NA	Pelagibacteraceae	NA	NA	NA	NA	NA	no_prior_label_and_no_supported_assignment
AG-426-C04	I	SAG	Subclade	NA	Pelagibacteraceae	NA	NA	NA	NA	NA	no_prior_label_and_no_supported_assignment
AG-426-G09	I	SAG	Subclade	NA	Pelagibacteraceae	NA	NA	NA	NA	NA	no_prior_label_and_no_supported_assignment
AG-426-I10	I	SAG	Subclade	NA	Pelagibacteraceae	NA	NA	NA	NA	NA	no_prior_label_and_no_supported_assignment
AG-426-K09	I	SAG	Subclade	NA	Pelagibacteraceae	NA	NA	NA	NA	NA	no_prior_label_and_no_supported_assignment
AG-426-P08	I	SAG	Subclade	NA	Pelagibacteraceae	NA	NA	NA	NA	NA	no_prior_label_and_no_supported_assignment
AG-430-A11	I	SAG	Subclade	NA	Pelagibacteraceae	NA	NA	NA	NA	NA	no_prior_label_and_no_supported_assignment
AG-430-B09	I	SAG	Subclade	NA	Pelagibacteraceae	NA	NA	NA	NA	NA	no_prior_label_and_no_supported_assignment
AG-430-G11	I	SAG	Subclade	NA	Pelagibacteraceae	NA	NA	NA	NA	NA	no_prior_label_and_no_supported_assignment
AG-430-J04	I	SAG	Subclade	NA	Pelagibacteraceae	Amplipelagibacter	NA	NA	NA	NA	no_prior_label_and_no_supported_assignment
AG-430-J21	I	SAG	Subclade	NA	Pelagibacteraceae	NA	NA	NA	NA	NA	no_prior_label_and_no_supported_assignment
AG-430-K07	I	SAG	Subclade	NA	Pelagibacteraceae	NA	NA	NA	NA	NA	no_prior_label_and_no_supported_assignment
AG-439-B12	I	SAG	Subclade	NA	Pelagibacteraceae	NA	NA	NA	NA	NA	no_prior_label_and_no_supported_assignment
AG-439-C18	I	SAG	Subclade	NA	Pelagibacteraceae	NA	NA	NA	NA	NA	no_prior_label_and_no_supported_assignment
AG-439-E23	I	SAG	Subclade	NA	Pelagibacteraceae	NA	NA	NA	NA	NA	no_prior_label_and_no_supported_assignment
AG-439-G19	I	SAG	Subclade	NA	Pelagibacteraceae	NA	NA	NA	NA	NA	no_prior_label_and_no_supported_assignment
AG-439-O15	I	SAG	Subclade	NA	Pelagibacteraceae	NA	NA	NA	NA	NA	no_prior_label_and_no_supported_assignment
AG-447-B22	I	SAG	Subclade	Ia.4.N5	Pelagibacteraceae	NA	NA	NA	candidate_expands_seed_crown;support_below_threshold	TRUE	prior_label_failed_SAR11_165_high_support_criteria
AG-447-K09	I	SAG	Subclade	NA	Pelagibacteraceae	NA	NA	NA	NA	NA	no_prior_label_and_no_supported_assignment
AG-447-L14	I	SAG	Subclade	NA	Pelagibacteraceae	NA	NA	NA	NA	NA	no_prior_label_and_no_supported_assignment
AG-447-N08	I	SAG	Subclade	NA	Pelagibacteraceae	NA	NA	NA	NA	NA	no_prior_label_and_no_supported_assignment
AG-447-N21	I	SAG	Subclade	NA	Pelagibacteraceae	NA	NA	NA	NA	NA	no_prior_label_and_no_supported_assignment
AG-447-O23	I	SAG	Subclade	NA	Pelagibacteraceae	NA	NA	NA	NA	NA	no_prior_label_and_no_supported_assignment
AG-453-K22	I	SAG	Subclade	NA	Pelagibacteraceae	Amplipelagibacter	NA	NA	NA	NA	no_prior_label_and_no_supported_assignment
AG-464-P13	I	SAG	Subclade	NA	Pelagibacteraceae	NA	NA	NA	NA	NA	no_prior_label_and_no_supported_assignment
AG-892-C18	I	SAG	Subclade	NA	Pelagibacteraceae	NA	NA	NA	NA	NA	no_prior_label_and_no_supported_assignment
AG-892-K09	I	SAG	Subclade	NA	Pelagibacteraceae	NA	NA	NA	NA	NA	no_prior_label_and_no_supported_assignment
AG-892-L05	I	SAG	Subclade	NA	Pelagibacteraceae	NA	NA	NA	NA	NA	no_prior_label_and_no_supported_assignment
AG-893-P10	I	SAG	Subclade	NA	Pelagibacteraceae	NA	NA	NA	NA	NA	no_prior_label_and_no_supported_assignment
AG-895-G15	I	SAG	Subclade	NA	Pelagibacteraceae	NA	NA	NA	NA	NA	no_prior_label_and_no_supported_assignment
AG-896-C18	I	SAG	Subclade	NA	Pelagibacteraceae	NA	NA	NA	NA	NA	no_prior_label_and_no_supported_assignment
AG-898-P13	I	SAG	Subclade	NA	Pelagibacteraceae	NA	NA	NA	NA	NA	no_prior_label_and_no_supported_assignment
AG-905-E10	I	SAG	Subclade	Ia.4.II	Pelagibacteraceae	NA	NA	NA	candidate_expands_seed_crown;support_below_threshold	TRUE	prior_label_failed_SAR11_165_high_support_criteria
AG-905-E11	I	SAG	Subclade	NA	Pelagibacteraceae	NA	NA	NA	NA	NA	no_prior_label_and_no_supported_assignment
AG-905-G04	I	SAG	Subclade	NA	Pelagibacteraceae	NA	NA	NA	NA	NA	no_prior_label_and_no_supported_assignment
AG-913-C02	I	SAG	Subclade	NA	Pelagibacteraceae	NA	NA	NA	NA	NA	no_prior_label_and_no_supported_assignment
AG-913-O18	I	SAG	Subclade	NA	Pelagibacteraceae	NA	NA	NA	NA	NA	no_prior_label_and_no_supported_assignment
AG-914-L04	I	SAG	Subclade	NA	Pelagibacteraceae	NA	NA	NA	NA	NA	no_prior_label_and_no_supported_assignment
AG-916-J11	I	SAG	Subclade	NA	Pelagibacteraceae	NA	NA	NA	NA	NA	no_prior_label_and_no_supported_assignment
AG-917-O20	I	SAG	Subclade	NA	Pelagibacteraceae	NA	NA	NA	NA	NA	no_prior_label_and_no_supported_assignment
AG-919-A21	I	SAG	Subclade	NA	Pelagibacteraceae	NA	NA	NA	NA	NA	no_prior_label_and_no_supported_assignment
AG-920-I23	I	SAG	Subclade	NA	Pelagibacteraceae	NA	NA	NA	NA	NA	no_prior_label_and_no_supported_assignment
AH-287-E08	I	SAG	Subclade	NA	Pelagibacteraceae	NA	NA	NA	NA	NA	no_prior_label_and_no_supported_assignment
AH-321-N11	I	SAG	Subclade	NA	Pelagibacteraceae	NA	NA	NA	NA	NA	no_prior_label_and_no_supported_assignment
AH-324-K07	I	SAG	Subclade	NA	Pelagibacteraceae	NA	NA	NA	NA	NA	no_prior_label_and_no_supported_assignment
AH-324-K09	I	SAG	Subclade	NA	Pelagibacteraceae	NA	NA	NA	NA	NA	no_prior_label_and_no_supported_assignment
BACL5_MAG-120820-bin39	I	MAG	Subclade	NA	Pelagibacteraceae	NA	NA	NA	NA	NA	no_prior_label_and_no_supported_assignment
BACL5_MAG-121015-bin10	I	MAG	Subclade	NA	Pelagibacteraceae	NA	NA	NA	NA	NA	no_prior_label_and_no_supported_assignment
Baikal-G1	I	MAG	Subclade	NA	Pelagibacteraceae	NA	NA	NA	NA	NA	no_prior_label_and_no_supported_assignment
SAG-MED01	I	SAG	Subclade	NA	Pelagibacteraceae	NA	NA	NA	NA	NA	no_prior_label_and_no_supported_assignment
SAG-MED13	I	SAG	Subclade	NA	Pelagibacteraceae	NA	NA	NA	NA	NA	no_prior_label_and_no_supported_assignment
SAG-MED15	I	SAG	Subclade	NA	Pelagibacteraceae	NA	NA	NA	NA	NA	no_prior_label_and_no_supported_assignment
SAG-MED47	I	SAG	Subclade	NA	Pelagibacteraceae	NA	NA	NA	NA	NA	no_prior_label_and_no_supported_assignment
SAG-MED49	I	SAG	Subclade	NA	Pelagibacteraceae	NA	NA	NA	NA	NA	no_prior_label_and_no_supported_assignment
Uisw_134_02	I	isolate	Subclade	NA	Pelagibacteraceae	NA	NA	NA	NA	NA	no_prior_label_and_no_supported_assignment
