Name	Completeness	Contamination	Completeness_Model_Used	Translation_Table_Used	Coding_Density	Contig_N50	Average_Gene_Length	Genome_Size	GC_Content	Total_Coding_Sequences	Total_Contigs	Max_Contig_Length	Additional_Notes
AAA795-A20	92.2	0.04	Neural Network (Specific Model)	11	0.962	106301	294.1635926222935	1140609	0.29	1247	63	164562	None
AG-313-A04	87.31	0.0	Neural Network (Specific Model)	11	0.966	120817	302.625	959028	0.3	1024	19	288767	None
AG-325-C18	92.63	0.04	Neural Network (Specific Model)	11	0.963	139225	296.87456747404843	1065439	0.29	1156	22	190308	None
AG-325-C21	86.58	0.4	Neural Network (Specific Model)	11	0.965	46875	293.3312883435583	1036643	0.29	1141	45	111441	None
AG-325-E08	88.71	0.02	Neural Network (Specific Model)	11	0.964	57404	299.7640653357532	1024954	0.29	1102	34	138492	None
AG-325-E20	99.14	0.05	Neural Network (Specific Model)	11	0.965	739086	301.81588132635255	1071569	0.29	1146	8	739086	None
AG-325-G21	87.56	0.53	Neural Network (Specific Model)	11	0.961	91461	299.82805816937554	1091144	0.29	1169	27	165476	None
AG-333-D08	86.29	0.13	Neural Network (Specific Model)	11	0.961	53413	292.5176470588235	1005538	0.29	1105	42	164811	None
AG-333-K06	86.49	0.0	Neural Network (Specific Model)	11	0.964	62895	296.70448307410794	1006550	0.29	1093	33	184788	None
AG-333-N15	87.2	0.06	Neural Network (Specific Model)	11	0.962	47380	301.0885122410546	993623	0.28	1062	51	122347	None
AG-337-D16	88.21	1.39	Neural Network (Specific Model)	11	0.965	70078	306.18518518518516	1204976	0.29	1269	38	274521	None
AG-337-D17	89.12	0.04	Neural Network (Specific Model)	11	0.96	64266	295.15238095238095	1061156	0.29	1155	27	142378	None
AG-337-E15	86.59	0.0	Neural Network (Specific Model)	11	0.969	86409	298.90363636363634	1014038	0.3	1100	30	221179	None
AG-337-G06	93.19	0.01	Gradient Boost (General Model)	11	0.96	142625	309.04245640636844	1270863	0.33	1319	20	250344	None
AG-337-G11	86.29	0.0	Neural Network (Specific Model)	11	0.963	53392	290.67148936170213	1059717	0.3	1175	34	112533	None
AG-343-E17	86.06	0.02	Neural Network (Specific Model)	11	0.963	98647	301.33903133903135	985420	0.3	1053	26	195711	None
AG-349-O05	87.42	0.59	Neural Network (Specific Model)	11	0.965	50134	298.82382133995037	1119353	0.29	1209	37	134192	None
AG-359-B05	87.05	0.13	Neural Network (Specific Model)	11	0.969	71261	301.3297342192691	1119711	0.29	1204	33	141631	None
AG-359-C09	92.14	0.0	Neural Network (Specific Model)	11	0.959	89615	299.53471074380167	1130529	0.3	1210	26	208001	None
AG-359-D09	94.31	0.02	Neural Network (Specific Model)	11	0.967	124676	303.8633879781421	1203901	0.28	1281	19	201207	None
AG-359-F04	87.27	0.07	Neural Network (Specific Model)	11	0.964	78865	300.55739058629234	1129078	0.28	1211	32	209763	None
AG-359-G17	89.31	0.56	Neural Network (Specific Model)	11	0.97	68077	301.9488409272582	1164429	0.29	1251	32	92350	None
AG-359-G22	85.64	0.13	Neural Network (Specific Model)	11	0.961	50252	293.2225325884544	979437	0.29	1074	36	223634	None
AG-359-P18	91.84	0.0	Neural Network (Specific Model)	11	0.964	124167	298.1581676750216	1069946	0.29	1157	20	227861	None
AG-365-B19	94.84	0.01	Neural Network (Specific Model)	11	0.969	137478	309.14903403863843	1036885	0.3	1087	20	179370	None
AG-365-D07	85.14	0.0	Neural Network (Specific Model)	11	0.963	53323	303.6421524663677	1050652	0.29	1115	31	100971	None
AG-365-L04	85.92	0.04	Neural Network (Specific Model)	11	0.963	177202	301.9718437783833	1032038	0.28	1101	23	189560	None
AG-365-O14	86.01	0.04	Neural Network (Specific Model)	11	0.963	106298	295.28706083976004	1070742	0.29	1167	28	186236	None
AG-390-C19	91.69	0.04	Neural Network (Specific Model)	11	0.963	61019	300.3517628205128	1164792	0.29	1248	39	100162	None
AG-390-C22	90.06	0.1	Neural Network (Specific Model)	11	0.966	91652	301.8409703504043	1040035	0.29	1113	27	181952	None
AG-390-D02	87.47	0.16	Neural Network (Specific Model)	11	0.962	156301	297.9563392107473	1102506	0.29	1191	38	217774	None
AG-390-D15	90.71	0.0	Neural Network (Specific Model)	11	0.963	114242	298.3698175787728	1117043	0.29	1206	20	137540	None
AG-390-G11	86.58	0.21	Neural Network (Specific Model)	11	0.967	80660	301.98534798534797	1275792	0.29	1365	42	187271	None
AG-390-G13	87.7	0.62	Neural Network (Specific Model)	11	0.967	80230	297.6352148272957	1092491	0.28	1187	41	115208	None
AG-390-I15	87.85	0.05	Neural Network (Specific Model)	11	0.962	89877	299.8188524590164	1137165	0.3	1220	33	147414	None
AG-390-J13	85.95	0.03	Neural Network (Specific Model)	11	0.966	265442	295.9362445414847	1049158	0.29	1145	18	323223	None
AG-390-J21	88.43	0.31	Neural Network (Specific Model)	11	0.966	104319	297.65180824222034	1095547	0.3	1189	27	510260	None
AG-390-M02	86.19	0.01	Neural Network (Specific Model)	11	0.963	70865	292.71705069124425	986325	0.29	1085	41	169891	None
AG-390-M15	85.43	0.0	Neural Network (Specific Model)	11	0.964	222478	306.97519841269843	960392	0.29	1008	24	374602	None
AG-404-O18	86.83	0.07	Neural Network (Specific Model)	11	0.965	54157	294.2544642857143	1021389	0.28	1120	38	150711	None
AG-414-B08	89.84	0.09	Neural Network (Specific Model)	11	0.962	90878	297.17868852459014	1126983	0.29	1220	39	163654	None
AG-414-B15	87.78	0.07	Neural Network (Specific Model)	11	0.965	75122	297.49571836346337	968781	0.3	1051	25	211219	None
AG-422-B15	85.54	0.08	Gradient Boost (General Model)	11	0.96	53510	301.74290627687014	1093635	0.33	1163	36	180708	None
AG-422-B22	86.88	0.15	Neural Network (Specific Model)	11	0.964	123899	300.0507246376812	1156543	0.29	1242	25	178682	None
AG-422-C21	98.1	0.01	Gradient Boost (General Model)	11	0.966	254042	310.04801200300074	1280892	0.33	1333	10	541100	None
AG-422-G03	88.97	0.21	Neural Network (Specific Model)	11	0.967	53652	298.32411067193675	1167165	0.29	1265	41	173414	None
AG-422-K17	86.84	0.08	Neural Network (Specific Model)	11	0.968	76228	298.2015355086372	959014	0.3	1042	23	181295	None
AG-422-L15	92.47	0.0	Neural Network (Specific Model)	11	0.97	266864	300.6351471900089	1039215	0.3	1121	12	309238	None
AG-422-N15	88.32	0.0	Neural Network (Specific Model)	11	0.966	79845	292.96247818499126	1039097	0.29	1146	32	307252	None
AG-426-C04	86.84	0.22	Neural Network (Specific Model)	11	0.968	57765	300.06405693950177	1042481	0.28	1124	36	155431	None
AG-426-D09	95.64	0.02	Neural Network (Specific Model)	11	0.963	191110	303.13263665594855	1170751	0.29	1244	18	537790	None
AG-426-E13	85.89	0.03	Neural Network (Specific Model)	11	0.964	93729	306.002380952381	1195972	0.29	1260	26	201134	None
AG-426-E17	99.27	0.02	Neural Network (Specific Model)	11	0.965	966325	306.03294892915983	1151069	0.29	1214	5	966325	None
AG-426-F15	89.52	0.09	Neural Network (Specific Model)	11	0.963	404457	303.9430950728661	1360204	0.29	1441	13	494381	None
AG-426-G09	87.38	0.0	Neural Network (Specific Model)	11	0.965	63493	304.38961038961037	1162454	0.29	1232	38	136071	None
AG-426-I10	90.48	0.2	Neural Network (Specific Model)	11	0.962	92493	294.61088871096877	1144123	0.29	1249	30	136808	None
AG-426-I15	88.29	0.02	Neural Network (Specific Model)	11	0.965	170636	296.7909604519774	976624	0.3	1062	19	336766	None
AG-426-I21	90.53	0.01	Gradient Boost (General Model)	11	0.961	122682	310.19044006069805	1272694	0.33	1318	19	336904	None
AG-426-K09	91.88	0.4	Neural Network (Specific Model)	11	0.966	87545	304.8540870893812	1234982	0.29	1309	31	148696	None
AG-426-M05	86.93	0.15	Neural Network (Specific Model)	11	0.964	77256	296.27027027027026	1224332	0.29	1332	40	155656	None
AG-426-M19	91.18	0.23	Neural Network (Specific Model)	11	0.966	143263	300.7968865826538	1256227	0.29	1349	25	213323	None
AG-426-O05	95.2	0.0	Neural Network (Specific Model)	11	0.965	272252	303.13002806361084	1004637	0.31	1069	16	377479	None
AG-430-A11	92.7	0.01	Neural Network (Specific Model)	11	0.965	82518	301.0897239263804	1217768	0.28	1304	39	213566	None
AG-430-B09	95.39	0.1	Neural Network (Specific Model)	11	0.962	100191	301.4086886564763	1164300	0.28	1243	25	313560	None
AG-430-F03	92.63	0.33	Neural Network (Specific Model)	11	0.966	529217	305.44985941893157	1008767	0.3	1067	13	529217	None
AG-430-G11	90.33	0.04	Neural Network (Specific Model)	11	0.969	112280	302.2114147909968	1159775	0.29	1244	27	155286	None
AG-447-E19	87.23	0.03	Neural Network (Specific Model)	11	0.964	43202	298.5342146189736	1191749	0.29	1286	50	85813	None
AG-447-F10	87.88	0.09	Neural Network (Specific Model)	11	0.961	71491	304.3994638069705	1059663	0.29	1119	24	167084	None
AG-447-K09	96.56	0.06	Neural Network (Specific Model)	11	0.966	343266	300.4318181818182	1186992	0.29	1276	12	496960	None
AG-447-L03	90.12	0.11	Neural Network (Specific Model)	11	0.965	177648	308.13486590038315	1245792	0.29	1305	21	284009	None
AG-447-M05	95.69	0.12	Neural Network (Specific Model)	11	0.959	117422	302.84043272481404	1397586	0.29	1479	32	233852	None
AG-447-M10	88.29	0.12	Neural Network (Specific Model)	11	0.968	103210	301.2224958949097	1134158	0.29	1218	33	247329	None
AG-447-N08	97.66	0.05	Neural Network (Specific Model)	11	0.964	224720	299.9338061465721	1180510	0.29	1269	21	400559	None
AG-447-N18	94.71	0.05	Neural Network (Specific Model)	11	0.961	63648	293.84979591836736	1120369	0.29	1225	36	200714	None
AG-447-P22	97.7	0.04	Neural Network (Specific Model)	11	0.962	109503	301.2216666666667	1123103	0.29	1200	22	199423	None
AG-461-L09	94.0	0.01	Neural Network (Specific Model)	11	0.967	152316	303.0821401657875	1244271	0.3	1327	30	196416	None
AG-464-P13	85.18	0.05	Neural Network (Specific Model)	11	0.963	68003	301.3642857142857	1179665	0.28	1260	37	101043	None
AG-891-A05	88.15	0.07	Neural Network (Specific Model)	11	0.965	79925	300.08250572956456	1217377	0.29	1309	39	227191	None
AG-891-C15	88.01	0.05	Neural Network (Specific Model)	11	0.961	106358	302.50805152979063	1168899	0.3	1242	19	284656	None
AG-891-G02	90.22	0.14	Neural Network (Specific Model)	11	0.966	119226	297.8126361655773	1269935	0.29	1377	28	226371	None
AG-891-J07	97.32	0.18	Neural Network (Specific Model)	11	0.965	187997	301.8810810810811	1211589	0.29	1295	21	467901	None
AG-891-N03	91.34	0.12	Neural Network (Specific Model)	11	0.966	116710	302.3898832684825	1202930	0.29	1285	25	239204	None
AG-892-A22	95.11	0.1	Neural Network (Specific Model)	11	0.964	116907	304.46719367588935	1194572	0.29	1265	19	236446	None
AG-892-B11	95.91	0.06	Neural Network (Specific Model)	11	0.967	261666	309.2992700729927	1310922	0.29	1370	12	536333	None
AG-892-F02	90.85	0.06	Neural Network (Specific Model)	11	0.967	100042	302.29170024174056	1159649	0.29	1241	27	255250	None
AG-892-K05	90.29	0.0	Neural Network (Specific Model)	11	0.964	150726	300.64330637915543	1038353	0.3	1113	23	219023	None
AG-892-K09	86.72	0.02	Neural Network (Specific Model)	11	0.964	109262	303.3282511210762	1049273	0.29	1115	22	191836	None
AG-892-L05	87.65	0.03	Neural Network (Specific Model)	11	0.966	91303	298.5901027077498	990034	0.29	1071	34	157254	None
AG-893-F11	97.3	0.0	Neural Network (Specific Model)	11	0.963	953439	305.2253184713376	1190016	0.3	1256	4	953439	None
AG-893-I20	87.59	0.12	Neural Network (Specific Model)	11	0.967	210359	301.49520488230166	1069573	0.3	1147	27	388923	None
AG-893-K09	97.68	0.0	Neural Network (Specific Model)	11	0.964	311062	302.7892595606184	1153653	0.29	1229	9	317696	None
AG-893-L07	87.96	0.07	Neural Network (Specific Model)	11	0.966	338982	310.2884195193008	1318445	0.3	1373	17	409650	None
AG-893-L13	87.76	0.0	Neural Network (Specific Model)	11	0.968	84444	306.62325174825173	1084004	0.29	1144	26	327652	None
AG-893-M03	87.01	0.0	Neural Network (Specific Model)	11	0.962	190167	313.24457741211666	1302271	0.33	1337	17	321709	None
AG-893-M22	95.41	0.15	Neural Network (Specific Model)	11	0.966	158056	307.0808876163207	1328457	0.29	1397	21	435078	None
AG-893-N07	93.07	0.11	Neural Network (Specific Model)	11	0.966	90678	306.52981132075473	1257574	0.29	1325	31	271705	None
AG-893-P02	87.55	0.02	Neural Network (Specific Model)	11	0.969	116914	301.37424892703865	1082525	0.29	1165	24	208981	None
AG-893-P10	85.04	0.03	Neural Network (Specific Model)	11	0.962	102806	305.83594470046086	1031115	0.29	1085	32	179754	None
AG-894-A09	85.59	0.05	Neural Network (Specific Model)	11	0.966	163305	296.86545801526717	962553	0.29	1048	16	212939	None
AG-894-A11	85.36	0.1	Gradient Boost (General Model)	11	0.96	165963	306.9754098360656	1283612	0.33	1342	30	202774	None
AG-894-B07	91.8	0.02	Neural Network (Specific Model)	11	0.961	93894	302.1848808545604	1144149	0.29	1217	30	266173	None
AG-894-C14	98.85	0.06	Neural Network (Specific Model)	11	0.963	301448	300.8546153846154	1215180	0.3	1300	14	360229	None
AG-894-E10	90.33	0.11	Neural Network (Specific Model)	11	0.966	148280	301.41007751937985	1203965	0.29	1290	23	368650	None
AG-894-F15	94.82	0.11	Neural Network (Specific Model)	11	0.966	81887	302.41167551175135	1234373	0.29	1319	42	337376	None
AG-894-K14	90.47	0.01	Neural Network (Specific Model)	11	0.963	197167	299.6681338028169	1056516	0.29	1136	27	343533	None
AG-894-K15	85.11	0.08	Neural Network (Specific Model)	11	0.962	63816	296.71337579617835	1013316	0.29	1099	32	260250	None
AG-894-L13	92.11	0.0	Neural Network (Specific Model)	11	0.965	697776	301.84698996655516	1118671	0.29	1196	11	697776	None
AG-894-L19	92.03	0.01	Neural Network (Specific Model)	11	0.97	81986	304.1178369652946	1162101	0.29	1239	24	179619	None
AG-894-O09	91.62	0.03	Neural Network (Specific Model)	11	0.965	80859	303.05974842767296	1195365	0.29	1272	31	204200	None
AG-895-F17	89.61	0.07	Neural Network (Specific Model)	11	0.966	187615	302.58878504672896	1202919	0.29	1284	23	315551	None
AG-895-G15	86.68	0.01	Neural Network (Specific Model)	11	0.967	163014	302.82260869565215	1076799	0.28	1150	32	397407	None
AG-895-J19	90.0	0.01	Neural Network (Specific Model)	11	0.964	163536	303.3486556808326	1084956	0.3	1153	16	451347	None
AG-895-K10	87.78	0.01	Neural Network (Specific Model)	11	0.965	605495	304.66297872340425	1109734	0.29	1175	7	605495	None
AG-896-C18	90.05	0.01	Neural Network (Specific Model)	11	0.964	76763	296.53610875106205	1082154	0.29	1177	35	167192	None
AG-896-K10	91.13	0.12	Neural Network (Specific Model)	11	0.964	167042	302.5998307952623	1109826	0.3	1182	24	498020	None
AG-896-L20	85.97	0.15	Neural Network (Specific Model)	11	0.96	208074	299.98700173310226	1078158	0.29	1154	28	223594	None
AG-897-O16	86.39	0.15	Neural Network (Specific Model)	11	0.967	82024	303.7084988085782	1183021	0.29	1259	38	188850	None
AG-898-C07	87.36	0.03	Neural Network (Specific Model)	11	0.96	126852	299.64003294892916	1133988	0.29	1214	26	164479	None
AG-898-G21	85.14	0.1	Neural Network (Specific Model)	11	0.963	119221	306.31043046357615	1149198	0.29	1208	28	339861	None
AG-898-P13	86.36	0.09	Neural Network (Specific Model)	11	0.966	138507	297.05820105820106	1042781	0.29	1134	30	186709	None
AG-899-G02	86.51	0.0	Neural Network (Specific Model)	11	0.961	102778	295.9038095238095	966357	0.29	1050	26	179533	None
AG-899-J23	92.12	0.02	Neural Network (Specific Model)	11	0.963	133462	304.240376390077	1104271	0.29	1169	24	273902	None
AG-899-N21	87.75	0.01	Neural Network (Specific Model)	11	0.959	104509	293.262319939348	1206609	0.3	1319	37	159932	None
AG-900-K14	93.81	0.01	Gradient Boost (General Model)	11	0.959	243423	302.0454884414616	1263973	0.33	1341	18	295017	None
AG-900-M14	87.3	0.05	Neural Network (Specific Model)	11	0.956	177817	305.37566539923955	1256969	0.32	1315	23	299664	None
AG-901-G03	88.78	0.0	Gradient Boost (General Model)	11	0.961	111576	300.5086342229199	1192378	0.33	1274	29	235169	None
AG-901-I21	85.65	0.03	Neural Network (Specific Model)	11	0.966	256255	299.9760147601476	1006321	0.29	1084	18	264700	None
AG-910-G11	86.24	0.46	Neural Network (Specific Model)	11	0.964	72143	298.7514734774067	942715	0.3	1018	34	251721	None
AG-911-E02	94.56	0.06	Gradient Boost (General Model)	11	0.961	198078	309.4798136645963	1240899	0.33	1288	34	362254	None
AG-912-A14	86.54	0.06	Neural Network (Specific Model)	11	0.965	73612	308.493006993007	1093700	0.29	1144	36	181323	None
AG-912-D10	88.07	0.02	Neural Network (Specific Model)	11	0.966	167923	301.11725452812203	977418	0.3	1049	17	258375	None
AG-912-P19	86.52	0.06	Neural Network (Specific Model)	11	0.968	84482	301.5116514690983	918826	0.3	987	29	215402	None
AG-914-A09	86.61	0.07	Neural Network (Specific Model)	11	0.963	92585	301.4671179883946	967393	0.3	1034	25	132485	None
AG-914-B14	85.46	0.02	Neural Network (Specific Model)	11	0.966	96833	300.9620449264136	1203512	0.29	1291	39	220215	None
AG-914-J05	89.94	0.04	Neural Network (Specific Model)	11	0.965	135292	306.99908592321754	1040584	0.3	1094	17	312145	None
AG-914-L04	86.02	0.02	Neural Network (Specific Model)	11	0.965	95884	297.9619932432432	1093237	0.29	1184	49	213738	None
AG-914-L20	87.04	0.01	Neural Network (Specific Model)	11	0.966	127263	305.46526655896605	1170260	0.29	1238	22	200049	None
AG-915-G14	94.07	0.07	Neural Network (Specific Model)	11	0.967	143409	306.6652267818574	1317965	0.29	1389	27	366624	None
AG-916-A16	92.07	0.04	Neural Network (Specific Model)	11	0.963	62464	303.1875	1130222	0.29	1200	27	192374	None
AG-916-A21	86.38	0.0	Neural Network (Specific Model)	11	0.963	93472	301.47222222222223	1044250	0.29	1116	25	133158	None
AG-916-B06	89.69	0.55	Neural Network (Specific Model)	11	0.965	72404	301.8060413354531	1176935	0.29	1258	36	147800	None
AG-916-B15	85.85	0.2	Neural Network (Specific Model)	11	0.965	114099	304.2837632776935	1243303	0.3	1318	29	210185	None
AG-916-D16	87.26	0.03	Neural Network (Specific Model)	11	0.963	100062	294.4816472694718	1020762	0.3	1117	29	264275	None
AG-916-E19	92.41	0.01	Neural Network (Specific Model)	11	0.965	100056	301.31161048689137	1246502	0.29	1335	32	147879	None
AG-916-G09	87.0	0.15	Neural Network (Specific Model)	11	0.967	130771	306.64767616191904	1266004	0.3	1334	19	355070	None
AG-916-G19	94.48	0.02	Neural Network (Specific Model)	11	0.963	201226	299.89456342668865	1130393	0.29	1214	11	469734	None
AG-916-J11	87.77	0.0	Neural Network (Specific Model)	11	0.969	117465	298.7719298245614	1103182	0.29	1197	23	241751	None
AG-916-M15	85.54	0.01	Neural Network (Specific Model)	11	0.962	69062	295.00648824006487	1131288	0.3	1233	35	104976	None
AG-916-N14	92.62	0.08	Neural Network (Specific Model)	11	0.964	119732	299.3913994169096	1273736	0.29	1372	23	235559	None
AG-917-B07	95.78	0.05	Neural Network (Specific Model)	11	0.965	247391	299.865811965812	1086696	0.29	1170	19	298391	None
AG-917-K20	94.79	0.0	Neural Network (Specific Model)	11	0.966	173262	305.09099264705884	1027199	0.3	1088	11	472256	None
AG-917-M22	85.92	0.0	Neural Network (Specific Model)	11	0.961	56570	297.4506578947368	1126299	0.3	1216	38	221692	None
AG-918-M15	85.33	0.01	Neural Network (Specific Model)	11	0.965	109070	297.60093023255814	991549	0.3	1075	26	269113	None
AG-918-N23	93.23	0.02	Neural Network (Specific Model)	11	0.965	119740	299.89032258064515	1008182	0.29	1085	21	180054	None
AG-919-N17	86.07	0.01	Gradient Boost (General Model)	11	0.961	99061	300.39829787234044	1099060	0.33	1175	36	133513	None
AG-919-P09	87.55	0.07	Gradient Boost (General Model)	11	0.959	122746	302.3546798029557	1148886	0.33	1218	25	301332	None
AH-287-E17	85.22	0.11	Neural Network (Specific Model)	11	0.968	99090	300.8135888501742	1067408	0.3	1148	29	232742	None
AH-287-E19	89.3	0.01	Neural Network (Specific Model)	11	0.966	79597	299.64361191162345	965361	0.3	1041	37	120782	None
AH-287-F15	99.12	0.01	Gradient Boost (General Model)	11	0.961	271352	313.3185840707965	1323050	0.33	1356	15	410338	None
AH-321-I23	88.51	0.01	Neural Network (Specific Model)	11	0.969	74708	298.9068825910931	911088	0.3	988	28	92598	None
AH-324-N03	90.25	0.07	Neural Network (Specific Model)	11	0.963	117509	291.4375	1202212	0.3	1328	37	221818	None
BACL5_MAG-120820-bin39	91.62	5.63	Gradient Boost (General Model)	11	0.964	8535	264.51888809693514	1151850	0.29	1403	228	39080	None
BACL5_MAG-121015-bin10	88.74	4.28	Neural Network (Specific Model)	11	0.962	5849	254.37484510532838	1276172	0.29	1614	323	39895	None
Baikal-G1	87.45	6.33	Neural Network (Specific Model)	11	0.954	58977	300.0814144736842	1144012	0.29	1216	33	102287	None
CPC289	89.54	5.25	Neural Network (Specific Model)	11	0.962	61239	289.64375523889356	1073347	0.3	1193	31	206254	None
ETNP2013_S02_SV82_300m_MAG_01	84.01	3.11	Gradient Boost (General Model)	11	0.952	15926	285.537109375	918736	0.31	1024	101	59147	None
FZCC0015	99.86	0.13	Neural Network (Specific Model)	11	0.964	1364101	306.46164574616455	1364101	0.29	1434	1	1364101	None
GOM-A1	95.39	0.09	Neural Network (Specific Model)	11	0.963	84415	297.13384188626907	1330051	0.29	1442	73	176024	None
HIMB058	98.16	0.07	Neural Network (Specific Model)	11	0.963	38257	291.3519870235199	1115049	0.3	1233	59	92662	None
HIMB083	100.0	0.06	Neural Network (Specific Model)	11	0.963	1395997	306.6780354706685	1395997	0.29	1466	1	1395997	None
HIMB109	90.99	0.12	Neural Network (Specific Model)	11	0.965	135720	296.4594363791631	1075874	0.3	1171	14	275500	None
HIMB114	99.96	0.04	Neural Network (Specific Model)	11	0.965	1237371	301.78155706727136	1237371	0.3	1323	1	1237371	None
HIMB122	99.75	0.1	Neural Network (Specific Model)	11	0.965	1453515	309.21819380355964	1453515	0.29	1517	1	1453515	None
HIMB123	89.33	1.88	Neural Network (Specific Model)	11	0.966	69634	305.0512630014859	1271840	0.3	1346	41	126946	None
HIMB1321	99.9	0.01	Neural Network (Specific Model)	11	0.963	1320749	305.764917325665	1320749	0.29	1391	1	1320749	None
HIMB140	99.92	0.17	Neural Network (Specific Model)	11	0.966	1437930	308.23092236230923	1437930	0.29	1507	1	1437930	None
HIMB1402	99.03	0.04	Neural Network (Specific Model)	11	0.965	217910	302.2235481304694	1177245	0.3	1257	12	388004	None
HIMB1409	99.96	0.09	Neural Network (Specific Model)	11	0.966	178156	304.7692307692308	1313059	0.29	1391	20	411124	None
HIMB1412	99.99	0.01	Neural Network (Specific Model)	11	0.966	1297477	308.9108327192336	1297477	0.29	1357	1	1297477	None
HIMB1413	99.95	0.08	Neural Network (Specific Model)	11	0.965	1348413	305.1768421052632	1348413	0.29	1425	1	1348413	None
HIMB1420	99.99	0.01	Neural Network (Specific Model)	11	0.967	707660	311.7881417208966	1333725	0.29	1383	2	707660	None
HIMB1427	99.88	4.33	Neural Network (Specific Model)	11	0.967	108405	308.0929752066116	1383662	0.29	1452	27	223602	None
HIMB1430	98.58	0.45	Neural Network (Specific Model)	11	0.963	88786	299.2758178319435	1449252	0.3	1559	30	300323	None
HIMB1436	99.98	0.03	Neural Network (Specific Model)	11	0.965	738334	306.5196540880503	1208525	0.29	1272	3	738334	None
HIMB1491	99.97	0.08	Neural Network (Specific Model)	11	0.963	1467757	311.976897689769	1467757	0.3	1515	1	1467757	None
HIMB1495	99.75	0.08	Neural Network (Specific Model)	11	0.964	1424936	305.54777486910996	1448109	0.29	1528	2	1424936	None
HIMB1507	99.81	0.12	Neural Network (Specific Model)	11	0.965	1478826	309.7435064935065	1478826	0.29	1540	1	1478826	None
HIMB1509	99.79	0.14	Neural Network (Specific Model)	11	0.963	1424097	304.0890767230169	1452866	0.29	1538	2	1424097	None
HIMB1518	99.96	0.09	Neural Network (Specific Model)	11	0.964	1453237	310.4877402253148	1453237	0.29	1509	1	1453237	None
HIMB1526	99.86	0.1	Neural Network (Specific Model)	11	0.967	1429322	311.2122641509434	1429322	0.29	1484	1	1429322	None
HIMB1573	99.94	0.04	Neural Network (Specific Model)	11	0.964	1445467	304.74493132766514	1445467	0.29	1529	1	1445467	None
HIMB1623	99.91	0.6	Neural Network (Specific Model)	11	0.964	278558	310.4858831254104	1468005	0.29	1523	14	511039	None
HIMB1695	99.77	0.39	Neural Network (Specific Model)	11	0.963	1185658	306.1531772575251	1421593	0.29	1495	2	1185658	None
HIMB1709	99.95	0.59	Neural Network (Specific Model)	11	0.963	1168350	310.88761002031146	1426001	0.29	1477	2	1168350	None
HIMB1770	99.95	0.09	Neural Network (Specific Model)	11	0.964	1448694	311.11459027315124	1448694	0.29	1501	1	1448694	None
HIMB2304	81.32	0.15	Neural Network (Specific Model)	11	0.968	4192	268.80924855491327	1006776	0.31	1211	317	15142	None
HTCC1062	99.77	0.03	Neural Network (Specific Model)	11	0.961	1308759	310.99778106508876	1308759	0.3	1352	1	1308759	None
HTCC7217	99.86	0.02	Neural Network (Specific Model)	11	0.963	1433611	307.90460306871245	1433611	0.29	1499	1	1433611	None
HTCC8051	99.98	0.12	Neural Network (Specific Model)	11	0.963	1395018	307.00205058099795	1395018	0.29	1463	1	1395018	None
HTCC9022	99.01	0.1	Neural Network (Specific Model)	11	0.956	805404	307.82307147912246	1360964	0.3	1413	10	805404	None
HTCC9565	99.06	0.04	Neural Network (Specific Model)	11	0.958	763172	301.33382352941175	1279674	0.29	1360	3	763172	None
IMCC9063	100.0	1.69	Neural Network (Specific Model)	11	0.948	1284727	286.2331460674157	1284727	0.32	1424	1	1284727	None
LSUCC0261	99.99	0.0	Neural Network (Specific Model)	11	0.956	1270890	305.390977443609	1270890	0.3	1330	1	1270890	None
LSUCC0530	99.88	0.03	Neural Network (Specific Model)	11	0.957	1160202	301.4021121039805	1160202	0.29	1231	1	1160202	None
LSUCC0664	99.98	0.0	Neural Network (Specific Model)	11	0.963	1170396	300.13375796178343	1170396	0.3	1256	1	1170396	None
LSUCC0723	99.99	0.04	Neural Network (Specific Model)	11	0.961	1204848	295.93048128342247	1204848	0.29	1309	1	1204848	None
ME-17	98.8	0.01	Neural Network (Specific Model)	11	0.954	1059009	292.77209705372616	1059009	0.3	1154	1	1059009	None
ME-18	97.85	0.0	Neural Network (Specific Model)	11	0.955	1087980	296.5909479077711	1087980	0.3	1171	1	1087980	None
ME-20	99.17	0.0	Neural Network (Specific Model)	11	0.955	1078651	298.5888985255854	1078651	0.3	1153	1	1078651	None
ME-31	99.44	0.0	Neural Network (Specific Model)	11	0.957	1102656	299.35568760611204	1102656	0.29	1178	1	1102656	None
ME-33	99.31	0.0	Neural Network (Specific Model)	11	0.954	1112841	296.1711185308848	1112841	0.29	1198	1	1112841	None
MED-G40	85.48	0.03	Neural Network (Specific Model)	11	0.971	205872	303.99794661190964	911758	0.3	974	8	287187	None
MED602	99.63	6.34	Neural Network (Specific Model)	11	0.957	64415	274.609211126311	1879045	0.32	2193	60	293646	None
MED605	91.07	7.36	Neural Network (Specific Model)	11	0.96	33183	288.3864653243848	1605601	0.29	1788	73	82324	None
MKE-138	97.59	0.01	Neural Network (Specific Model)	11	0.957	1065806	298.09448818897636	1065806	0.3	1143	1	1065806	None
MiE-29	99.06	0.07	Neural Network (Specific Model)	11	0.952	1107443	296.43818334735073	1107443	0.29	1189	1	1107443	None
NP1	97.71	0.13	Neural Network (Specific Model)	11	0.958	1365705	298.20313565098843	1365705	0.3	1467	1	1365705	None
RIS-SAG-41	90.37	0.01	Neural Network (Specific Model)	11	0.956	121576	295.796568627451	1132620	0.3	1224	43	201083	None
RS39	99.99	0.01	Neural Network (Specific Model)	11	0.965	1200090	305.29472025216705	1200090	0.29	1269	1	1200090	None
RS40	99.96	0.14	Neural Network (Specific Model)	11	0.965	1378905	315.99076704545456	1378905	0.29	1408	1	1378905	None
SAG-MED01	94.71	0.01	Neural Network (Specific Model)	11	0.959	154766	294.2191673212883	1167589	0.28	1273	19	272112	None
SAG-MED05	87.18	0.26	Neural Network (Specific Model)	11	0.962	101374	291.23155929038285	969416	0.29	1071	35	143807	None
SAG-MED06	85.13	0.03	Neural Network (Specific Model)	11	0.958	85407	290.7645305514158	1218144	0.29	1342	41	214441	None
SAG-MED08	86.33	1.43	Neural Network (Specific Model)	11	0.959	95578	289.03839869281046	1102959	0.3	1224	39	245927	None
SAG-MED11	90.39	0.05	Neural Network (Specific Model)	11	0.962	240570	289.51915240423796	1103870	0.29	1227	27	393436	None
SAG-MED13	86.17	0.0	Neural Network (Specific Model)	11	0.96	59163	283.3008695652174	1014964	0.29	1150	49	150834	None
SAG-MED15	94.71	0.06	Neural Network (Specific Model)	11	0.962	199546	298.3552833078101	1210916	0.29	1306	33	280058	None
SAG-MED22	96.56	0.0	Neural Network (Specific Model)	11	0.959	175820	296.4673913043478	1191160	0.29	1288	26	472145	None
SAG-MED28	89.3	1.26	Neural Network (Specific Model)	11	0.963	87518	289.6142728093948	994863	0.3	1107	42	274960	None
SAG-MED47	90.75	0.01	Neural Network (Specific Model)	11	0.964	104783	293.461786001609	1131395	0.29	1243	43	232649	None
SAG-MED49	89.28	0.03	Neural Network (Specific Model)	11	0.956	105173	294.02125984251967	1167552	0.29	1270	38	200588	None
SAG-MED50	86.36	0.05	Neural Network (Specific Model)	11	0.958	67996	292.13860667634253	1257069	0.29	1378	54	171707	None
SP27	93.69	3.08	Neural Network (Specific Model)	11	0.959	77842	291.4185520361991	1204724	0.28	1326	23	145957	None
Uisw_090	99.37	1.35	Neural Network (Specific Model)	11	0.949	1381496	288.4296052631579	1381496	0.3	1520	1	1381496	None
Uisw_092	97.7	0.15	Neural Network (Specific Model)	11	0.953	1306717	288.4088704088704	1306717	0.29	1443	1	1306717	None
Uisw_094	96.94	0.61	Neural Network (Specific Model)	11	0.951	1369821	293.1008742434432	1369821	0.3	1487	1	1369821	None
Uisw_099_02	99.92	0.04	Neural Network (Specific Model)	11	0.958	1288341	301.5643274853801	1288341	0.29	1368	1	1288341	None
Uisw_101	99.95	0.0	Neural Network (Specific Model)	11	0.954	1448726	301.1329856584094	1448726	0.3	1534	1	1448726	None
Uisw_104	97.44	0.22	Neural Network (Specific Model)	11	0.946	1441579	295.3788860103627	1441579	0.3	1544	1	1441579	None
Uisw_106	98.05	0.22	Neural Network (Specific Model)	11	0.955	1376435	292.90339773484345	1376435	0.3	1501	1	1376435	None
Uisw_113	99.48	0.03	Neural Network (Specific Model)	11	0.955	1355470	303.09103641456585	1355470	0.3	1428	1	1355470	None
Uisw_114	94.23	0.1	Neural Network (Specific Model)	11	0.922	1385505	262.5509202453988	1385505	0.3	1630	1	1385505	None
Uisw_116	99.69	0.13	Neural Network (Specific Model)	11	0.951	1301732	292.56325088339224	1301732	0.29	1415	1	1301732	None
Uisw_121	98.45	1.15	Neural Network (Specific Model)	11	0.952	1352740	295.4393420150788	1352740	0.3	1459	1	1352740	None
Uisw_127	99.93	0.11	Neural Network (Specific Model)	11	0.956	1332340	299.1495786516854	1332340	0.3	1424	1	1332340	None
Uisw_130	99.94	0.01	Neural Network (Specific Model)	11	0.956	1423135	299.422646477946	1423135	0.29	1519	1	1423135	None
Uisw_134_02	99.73	0.01	Neural Network (Specific Model)	11	0.96	1301899	298.7169406719085	1301899	0.29	1399	1	1301899	None
Uisw_136	99.78	0.1	Neural Network (Specific Model)	11	0.954	1394121	300.18703578663064	1394121	0.29	1481	1	1394121	None
Uisw_137	99.65	0.21	Neural Network (Specific Model)	11	0.954	1403101	300.89710827168796	1403101	0.29	1487	1	1403101	None
AAA795-D22	86.14	0.05	Neural Network (Specific Model)	11	0.966	79594	290.1893333333333	1010421	0.29	1125	68	163519	None
AG-325-E13	89.3	0.04	Neural Network (Specific Model)	11	0.962	85732	295.7980769230769	955892	0.29	1040	28	229235	None
AG-325-L02	86.98	0.01	Neural Network (Specific Model)	11	0.962	268828	299.97050938337804	1043497	0.29	1119	20	285760	None
AG-325-L05	88.57	0.03	Neural Network (Specific Model)	11	0.961	64364	292.30104712041884	1042160	0.29	1146	30	198845	None
AG-333-A04	91.3	0.17	Neural Network (Specific Model)	11	0.961	84566	299.89660056657226	1317451	0.29	1412	37	172360	None
AG-337-C09	85.07	0.22	Neural Network (Specific Model)	11	0.965	43061	299.86538461538464	1208622	0.29	1300	44	125919	None
AG-337-C19	85.39	0.34	Neural Network (Specific Model)	11	0.967	53121	292.22163588390504	1027347	0.29	1137	40	142529	None
AG-337-G04	96.41	0.04	Neural Network (Specific Model)	11	0.965	111674	306.1597717546362	1330070	0.29	1402	23	160141	None
AG-349-I05	92.82	0.1	Neural Network (Specific Model)	11	0.966	193889	305.7641196013289	1139341	0.29	1204	20	265544	None
AG-349-L17	90.04	0.03	Neural Network (Specific Model)	11	0.963	90568	305.1293842556508	1216121	0.29	1283	25	142309	None
AG-359-M21	85.32	0.01	Neural Network (Specific Model)	11	0.961	312185	295.83490566037733	1171498	0.3	1272	17	319629	None
AG-359-O11	85.83	0.23	Neural Network (Specific Model)	11	0.965	97415	305.6985049833887	1140979	0.29	1204	28	171667	None
AG-390-C17	94.34	0.4	Neural Network (Specific Model)	11	0.964	94047	303.50109249817916	1292976	0.29	1373	24	283344	None
AG-390-E04	90.12	0.08	Neural Network (Specific Model)	11	0.965	81732	299.2953620829943	1139467	0.29	1229	26	141258	None
AG-390-G23	95.48	0.06	Neural Network (Specific Model)	11	0.964	113653	301.4734904270987	1269898	0.29	1358	22	326689	None
AG-390-L03	93.32	0.11	Neural Network (Specific Model)	11	0.964	180112	303.9218422889044	1352095	0.29	1433	19	624772	None
AG-390-M07	87.87	0.33	Neural Network (Specific Model)	11	0.964	89801	299.2166246851385	1105900	0.29	1191	25	346917	None
AG-390-M14	87.52	0.04	Neural Network (Specific Model)	11	0.963	70625	296.9022939677145	1085051	0.29	1177	43	178944	None
AG-390-O04	88.62	0.0	Neural Network (Specific Model)	11	0.962	65202	296.38796861377506	1056881	0.29	1147	31	162751	None
AG-404-B04	87.64	0.02	Neural Network (Specific Model)	11	0.966	105660	303.09841827768014	1067204	0.29	1138	26	218343	None
AG-404-J20	87.01	0.01	Neural Network (Specific Model)	11	0.964	111012	299.7806788511749	1068550	0.29	1149	27	197147	None
AG-404-O05	85.72	0.01	Neural Network (Specific Model)	11	0.965	89393	299.2414089347079	1078850	0.29	1164	36	208306	None
AG-404-P13	87.89	0.01	Neural Network (Specific Model)	11	0.967	78517	298.62854889589903	1170960	0.29	1268	36	229549	None
AG-410-K05	95.76	0.04	Neural Network (Specific Model)	11	0.965	57038	295.63933054393306	1094908	0.29	1195	34	134357	None
AG-410-L19	87.91	0.03	Neural Network (Specific Model)	11	0.964	97289	294.8927659574468	1074421	0.29	1175	20	163202	None
AG-410-O02	87.72	0.02	Neural Network (Specific Model)	11	0.963	65064	289.92344883158745	1117333	0.29	1241	37	186022	None
AG-414-E02	86.58	0.13	Neural Network (Specific Model)	11	0.963	204902	311.7964376590331	1142243	0.3	1179	11	384656	None
AG-414-L04	98.64	0.0	Neural Network (Specific Model)	11	0.964	152802	305.90453834115806	1212848	0.28	1278	20	521578	None
AG-414-M23	87.62	0.01	Neural Network (Specific Model)	11	0.964	63912	298.86241610738256	1104608	0.29	1192	38	116638	None
AG-414-O09	86.49	0.31	Neural Network (Specific Model)	11	0.965	85697	299.834680382072	1265326	0.3	1361	38	190988	None
AG-414-O11	92.93	0.01	Neural Network (Specific Model)	11	0.961	143379	298.43185298621745	1212678	0.3	1306	22	387734	None
AG-422-A21	86.4	0.02	Neural Network (Specific Model)	11	0.964	73899	292.7246240601504	965521	0.3	1064	25	151682	None
AG-422-C13	86.01	0.03	Neural Network (Specific Model)	11	0.965	152901	290.38933333333335	1012425	0.29	1125	24	272966	None
AG-422-C20	95.05	0.04	Neural Network (Specific Model)	11	0.965	130165	305.059291395517	1307971	0.29	1383	22	359350	None
AG-422-D23	94.67	0.11	Neural Network (Specific Model)	11	0.962	89564	300.5160583941606	1279565	0.29	1370	35	416142	None
AG-422-E09	88.22	0.12	Neural Network (Specific Model)	11	0.964	89357	302.4792514239219	1153212	0.29	1229	31	248876	None
AG-422-F15	92.33	0.09	Neural Network (Specific Model)	11	0.965	110749	301.722483537159	993525	0.3	1063	21	150289	None
AG-422-N14	86.24	0.0	Neural Network (Specific Model)	11	0.962	56295	295.766323024055	1069950	0.29	1164	40	141167	None
AG-426-P08	88.72	0.02	Neural Network (Specific Model)	11	0.964	190196	298.76765188834156	1128687	0.29	1218	24	235249	None
AG-430-E20	91.86	0.02	Neural Network (Specific Model)	11	0.961	224724	298.9551886792453	1183991	0.3	1272	16	255676	None
AG-430-F16	92.82	0.01	Neural Network (Specific Model)	11	0.964	264091	300.3941176470588	1108048	0.29	1190	13	369959	None
AG-430-I18	91.01	0.01	Neural Network (Specific Model)	11	0.964	138819	306.62640901771334	1181295	0.29	1242	23	213914	None
AG-430-J04	87.92	0.04	Neural Network (Specific Model)	11	0.967	165702	295.4743119266055	995137	0.3	1090	26	254759	None
AG-430-J21	85.45	0.0	Neural Network (Specific Model)	11	0.962	65574	297.92857142857144	1037294	0.29	1120	32	209392	None
AG-430-K07	86.84	0.02	Neural Network (Specific Model)	11	0.963	41764	298.04844006568146	1128055	0.29	1218	47	161425	None
AG-439-B12	89.12	0.04	Neural Network (Specific Model)	11	0.965	74449	301.2704918032787	1139547	0.28	1220	43	116568	None
AG-439-C08	86.62	0.11	Neural Network (Specific Model)	11	0.967	166506	311.2929194956353	992303	0.3	1031	15	223709	None
AG-439-C18	95.99	0.03	Neural Network (Specific Model)	11	0.963	200953	298.75283630470017	1144340	0.29	1234	14	238941	None
AG-439-D15	86.4	0.02	Gradient Boost (General Model)	11	0.961	55441	297.2578313253012	1151845	0.33	1245	38	155107	None
AG-439-E23	85.3	0.03	Neural Network (Specific Model)	11	0.964	69470	300.0067226890756	1108106	0.28	1190	39	101030	None
AG-439-G19	87.85	0.12	Neural Network (Specific Model)	11	0.965	129693	305.661002548853	1114807	0.29	1177	23	430306	None
AG-439-O15	89.67	0.02	Neural Network (Specific Model)	11	0.968	71929	300.1872303710095	1074931	0.28	1159	34	209794	None
AG-447-B22	85.73	0.01	Neural Network (Specific Model)	11	0.963	61493	297.9418710263397	1018782	0.29	1101	31	248728	None
AG-447-C08	94.66	0.07	Neural Network (Specific Model)	11	0.965	150371	301.80134932533736	1247213	0.29	1334	23	337102	None
AG-447-K11	86.12	0.11	Neural Network (Specific Model)	11	0.964	79939	299.53256704980845	1212869	0.29	1305	35	145801	None
AG-447-L10	85.37	0.03	Neural Network (Specific Model)	11	0.968	63712	296.42394014962593	1102090	0.29	1203	37	146117	None
AG-447-L14	88.56	0.05	Neural Network (Specific Model)	11	0.964	63418	296.763986013986	1052949	0.29	1144	28	142831	None
AG-447-N21	88.29	0.17	Neural Network (Specific Model)	11	0.964	96504	305.5233118971061	1179292	0.28	1244	31	166195	None
AG-447-O23	87.38	0.13	Neural Network (Specific Model)	11	0.962	57387	299.0407279029463	1073109	0.29	1154	32	206009	None
AG-447-P03	87.21	0.34	Neural Network (Specific Model)	11	0.964	79241	300.41626409017715	1157850	0.29	1242	41	161922	None
AG-453-G04	87.68	0.0	Neural Network (Specific Model)	11	0.966	196520	304.99074074074076	1020124	0.3	1080	10	389514	None
AG-453-K22	85.77	0.01	Neural Network (Specific Model)	11	0.963	63070	294.2668539325843	975459	0.3	1068	33	184123	None
AG-457-B14	87.1	0.16	Neural Network (Specific Model)	11	0.96	70060	292.20472440944883	1040446	0.3	1143	33	129149	None
AG-457-M14	87.45	0.0	Neural Network (Specific Model)	11	0.961	73014	302.0903814262023	1134891	0.32	1206	34	172800	None
AG-461-E04	89.59	0.0	Neural Network (Specific Model)	11	0.963	81898	301.7858472998138	1005905	0.3	1074	30	114681	None
AG-461-M18	86.14	0.0	Neural Network (Specific Model)	11	0.964	91664	297.4412296564195	1020573	0.29	1106	33	236310	None
AG-461-P14	88.29	0.03	Gradient Boost (General Model)	11	0.956	87513	304.96356275303646	1178925	0.32	1235	27	186302	None
AG-470-D02	86.34	0.26	Neural Network (Specific Model)	11	0.966	94762	292.4390885188431	1032946	0.3	1141	33	136042	None
AG-891-E06	88.85	0.03	Neural Network (Specific Model)	11	0.967	220946	306.87230046948355	1010560	0.29	1065	12	371227	None
AG-891-I18	98.63	0.09	Neural Network (Specific Model)	11	0.965	162101	303.31972789115645	1381610	0.29	1470	19	243267	None
AG-891-J04	100.0	0.07	Gradient Boost (General Model)	11	0.962	445611	309.70192994996427	1348324	0.33	1399	9	660135	None
AG-891-O15	86.75	0.0	Neural Network (Specific Model)	11	0.965	118690	299.93029490616624	1039309	0.3	1119	24	179775	None
AG-892-C18	88.81	0.02	Neural Network (Specific Model)	11	0.965	136795	298.18755555555555	1039657	0.29	1125	26	231906	None
AG-892-E08	89.61	0.0	Neural Network (Specific Model)	11	0.967	223494	305.4431047475509	1253266	0.3	1327	12	312084	None
AG-892-F15	99.37	0.11	Neural Network (Specific Model)	11	0.967	262712	305.55548037889037	1397227	0.29	1478	15	316149	None
AG-892-J03	97.37	0.08	Neural Network (Specific Model)	11	0.964	166676	298.64602960969046	1376173	0.29	1486	28	399332	None
AG-892-L17	85.94	0.08	Neural Network (Specific Model)	11	0.968	77340	301.44616709732986	1081069	0.3	1161	41	237687	None
AG-892-M06	90.32	0.01	Gradient Boost (General Model)	11	0.963	297071	307.9976833976834	1239125	0.33	1295	10	467395	None
AG-893-J08	97.66	0.06	Neural Network (Specific Model)	11	0.967	177732	308.4379457917261	1337460	0.29	1402	17	333424	None
AG-894-A03	86.25	1.16	Neural Network (Specific Model)	11	0.964	90274	303.28851963746223	1245765	0.29	1324	42	246315	None
AG-894-B06	93.1	0.15	Neural Network (Specific Model)	11	0.966	144772	303.2159264931087	1226025	0.29	1306	35	234396	None
AG-894-L17	90.88	0.04	Neural Network (Specific Model)	11	0.967	97862	308.96243425995493	1271885	0.3	1331	28	235793	None
AG-894-P23	87.42	0.12	Neural Network (Specific Model)	11	0.965	64813	300.39653815892996	1183385	0.29	1271	42	167490	None
AG-895-F07	91.97	0.03	Gradient Boost (General Model)	11	0.962	133292	305.5161048689139	1269476	0.33	1335	15	414396	None
AG-896-A02	92.25	0.0	Gradient Boost (General Model)	11	0.962	281736	307.8295719844358	1230581	0.33	1285	23	376060	None
AG-896-F06	92.7	0.08	Neural Network (Specific Model)	11	0.964	415605	310.9393290506781	1351935	0.29	1401	9	563497	None
AG-896-G07	87.45	0.13	Neural Network (Specific Model)	11	0.965	159200	302.6482602118003	1239260	0.29	1322	33	309365	None
AG-896-O18	89.9	0.14	Neural Network (Specific Model)	11	0.965	89566	306.44632352941176	1292334	0.29	1360	33	202382	None
AG-897-G09	96.87	0.11	Neural Network (Specific Model)	11	0.967	201220	305.92924872355945	1297415	0.29	1371	25	328288	None
AG-897-G15	91.57	0.02	Neural Network (Specific Model)	11	0.963	73494	297.74340949033393	1052562	0.29	1138	25	262370	None
AG-899-A06	88.66	0.08	Neural Network (Specific Model)	11	0.964	69132	305.46453624318	1215984	0.29	1283	39	213059	None
AG-899-B09	85.54	0.01	Neural Network (Specific Model)	11	0.965	73283	309.7741176470588	1223674	0.29	1275	42	149526	None
AG-899-D19	89.6	0.07	Neural Network (Specific Model)	11	0.966	75275	304.2240184757506	1223558	0.3	1299	35	180859	None
AG-899-E14	97.28	0.01	Neural Network (Specific Model)	11	0.965	191945	295.6920384951881	1046661	0.29	1143	18	299098	None
AG-899-J02	92.92	0.0	Neural Network (Specific Model)	11	0.962	195747	297.01758409785936	1207928	0.3	1308	26	266438	None
AG-899-M07	90.17	0.01	Neural Network (Specific Model)	11	0.965	105728	301.4851643945469	1164637	0.3	1247	22	167490	None
AG-899-M19	88.38	0.4	Neural Network (Specific Model)	11	0.966	101609	301.9236577181208	1114171	0.29	1192	26	200477	None
AG-899-O02	90.11	0.0	Gradient Boost (General Model)	11	0.96	133882	304.9724540901502	1138916	0.33	1198	31	168312	None
AG-899-O04	97.83	0.12	Neural Network (Specific Model)	11	0.969	112328	303.3658536585366	1228388	0.29	1312	33	249206	None
AG-900-G16	94.36	0.07	Neural Network (Specific Model)	11	0.967	209818	307.25090645395215	1309971	0.29	1379	17	361958	None
AG-900-I13	97.92	0.1	Neural Network (Specific Model)	11	0.968	139147	308.7756737072105	1309552	0.29	1373	21	282761	None
AG-900-I19	93.6	0.05	Neural Network (Specific Model)	11	0.968	93012	303.50668764752163	1191560	0.29	1271	33	174948	None
AG-900-K21	92.48	0.01	Neural Network (Specific Model)	11	0.964	102895	303.86235489220564	1137313	0.29	1206	22	231643	None
AG-901-I06	88.01	0.09	Neural Network (Specific Model)	11	0.968	354850	310.8498498498499	1279909	0.29	1332	10	529711	None
AG-903-C11	91.29	0.14	Neural Network (Specific Model)	11	0.966	64373	300.2829306313328	1192898	0.29	1283	41	239225	None
AG-903-D02	89.09	0.06	Neural Network (Specific Model)	11	0.96	139702	299.2080971659919	1151063	0.3	1235	22	279668	None
AG-903-F09	92.02	0.0	Neural Network (Specific Model)	11	0.963	119962	300.22750865051904	1077502	0.3	1156	32	217467	None
AG-903-K07	92.12	0.0	Neural Network (Specific Model)	11	0.964	299128	298.1164797238999	1070994	0.3	1159	12	469591	None
AG-903-L07	97.08	0.06	Neural Network (Specific Model)	11	0.968	157079	308.49126803340926	1255748	0.3	1317	21	273403	None
AG-903-M21	85.88	0.05	Neural Network (Specific Model)	11	0.968	240695	303.2150234741784	997704	0.3	1065	20	270347	None
AG-903-O08	87.44	0.07	Neural Network (Specific Model)	11	0.961	106229	306.4026666666667	1072515	0.29	1125	22	149844	None
AG-904-F11	90.78	0.1	Neural Network (Specific Model)	11	0.971	80349	300.9634966378482	964918	0.29	1041	26	132414	None
AG-904-F17	94.48	0.04	Neural Network (Specific Model)	11	0.963	263590	298.70688321732405	1199650	0.3	1293	24	348295	None
AG-904-K03	95.75	0.07	Neural Network (Specific Model)	11	0.966	231641	304.98809523809524	1348513	0.3	1428	26	307964	None
AG-905-A07	87.98	0.0	Neural Network (Specific Model)	11	0.962	130668	302.0033528918692	1120211	0.29	1193	24	257857	None
AG-905-D16	94.63	0.0	Gradient Boost (General Model)	11	0.963	127676	309.5255140898705	1262458	0.33	1313	17	335377	None
AG-905-E10	85.99	0.04	Neural Network (Specific Model)	11	0.963	74087	296.5790838375108	1065393	0.3	1157	30	115483	None
AG-905-E11	91.4	0.18	Neural Network (Specific Model)	11	0.965	124227	304.4714285714286	1320466	0.29	1400	28	294918	None
AG-905-G04	88.37	0.0	Neural Network (Specific Model)	11	0.965	141616	298.73135669362085	1030427	0.3	1113	30	197595	None
AG-905-M05	90.44	0.04	Neural Network (Specific Model)	11	0.966	144210	302.5417661097852	1177254	0.29	1257	20	365125	None
AG-905-O08	85.69	0.02	Neural Network (Specific Model)	11	0.965	75369	304.12694704049846	1210555	0.3	1284	34	158108	None
AG-907-B09	85.09	0.02	Neural Network (Specific Model)	11	0.962	209481	295.4624652455978	990043	0.3	1079	15	355943	None
AG-907-C04	87.79	0.08	Neural Network (Specific Model)	11	0.962	188011	303.6686192468619	1127636	0.29	1195	21	345195	None
AG-907-E04	88.96	0.0	Neural Network (Specific Model)	11	0.964	91136	301.047229791099	1027610	0.3	1101	26	180523	None
AG-907-F09	86.87	0.03	Neural Network (Specific Model)	11	0.967	62806	302.8567026194145	1215757	0.29	1298	38	146977	None
AG-908-C18	90.05	0.06	Neural Network (Specific Model)	11	0.969	117041	301.119104716227	1162076	0.29	1251	29	181769	None
AG-908-F18	86.01	0.01	Neural Network (Specific Model)	11	0.961	72581	303.32693844924063	1180729	0.3	1251	27	212865	None
AG-908-F20	86.14	0.02	Neural Network (Specific Model)	11	0.963	116340	301.00884173297965	1057415	0.3	1131	27	384228	None
AG-908-L09	94.33	0.16	Neural Network (Specific Model)	11	0.966	65978	298.66206395348837	1272546	0.29	1376	40	162825	None
AG-909-A17	86.8	0.08	Neural Network (Specific Model)	11	0.968	93975	299.36267605633805	1050305	0.29	1136	21	226727	None
AG-909-F14	97.38	0.13	Neural Network (Specific Model)	11	0.967	166340	308.28152492668625	1300591	0.29	1364	27	301691	None
AG-909-G08	92.75	0.18	Neural Network (Specific Model)	11	0.964	167312	297.9818481848185	1120457	0.29	1212	22	263395	None
AG-909-G09	91.38	0.0	Gradient Boost (General Model)	11	0.96	108982	306.96130500758727	1260503	0.33	1318	23	171580	None
AG-909-J05	86.52	0.09	Neural Network (Specific Model)	11	0.968	55710	297.7692998204668	1025151	0.29	1114	38	182731	None
AG-910-B05	88.57	0.32	Neural Network (Specific Model)	11	0.963	115539	300.3227194492255	1083907	0.29	1162	29	206270	None
AG-911-E04	88.8	0.02	Neural Network (Specific Model)	11	0.963	126973	302.7645021645022	1086335	0.29	1155	27	212794	None
AG-911-G03	93.06	0.16	Neural Network (Specific Model)	11	0.96	148081	300.50958466453676	1172480	0.3	1252	28	248207	None
AG-911-G13	93.39	0.6	Neural Network (Specific Model)	11	0.964	101000	293.23	1000596	0.3	1100	23	325324	None
AG-911-N14	95.26	0.09	Neural Network (Specific Model)	11	0.966	168991	305.73070739549837	1177651	0.29	1244	18	234593	None
AG-912-C08	86.07	0.0	Neural Network (Specific Model)	11	0.965	89735	299.1337359792925	1073849	0.29	1159	23	238059	None
AG-912-F16	87.23	0.06	Neural Network (Specific Model)	11	0.961	144492	300.24634146341464	1149025	0.3	1230	21	279236	None
AG-912-I02	94.92	0.05	Neural Network (Specific Model)	11	0.966	152748	309.2485590778098	1329628	0.29	1388	25	552676	None
AG-912-L11	93.41	0.25	Neural Network (Specific Model)	11	0.969	123596	305.0928626247122	1227411	0.29	1303	24	305184	None
AG-913-A04	86.43	0.04	Neural Network (Specific Model)	11	0.961	117126	294.84406779661015	1082829	0.3	1180	24	355117	None
AG-913-C02	86.01	0.04	Neural Network (Specific Model)	11	0.963	280282	301.76785714285717	1101650	0.29	1176	24	311546	None
AG-913-C03	96.04	0.01	Neural Network (Specific Model)	11	0.961	128479	300.08359133126936	1206204	0.3	1292	18	286396	None
AG-913-F03	92.51	0.06	Neural Network (Specific Model)	11	0.968	115981	301.17131474103587	1168283	0.3	1255	30	195666	None
AG-913-G10	86.13	0.1	Neural Network (Specific Model)	11	0.967	140189	306.7474137931035	1100860	0.29	1160	21	159663	None
AG-913-I06	97.15	0.0	Neural Network (Specific Model)	11	0.967	238785	302.2231329690346	1025754	0.3	1098	11	390641	None
AG-913-I09	91.0	0.08	Neural Network (Specific Model)	11	0.969	150566	304.76747608535686	1277773	0.29	1359	25	341909	None
AG-913-I14	94.62	0.01	Neural Network (Specific Model)	11	0.964	165018	300.30782918149464	1047064	0.3	1124	18	230704	None
AG-913-L03	96.09	0.07	Neural Network (Specific Model)	11	0.964	280477	303.4546120058565	1286243	0.29	1366	22	393861	None
AG-913-M13	93.3	0.16	Neural Network (Specific Model)	11	0.97	94991	300.0054945054945	1178293	0.29	1274	25	188198	None
AG-913-N09	85.97	0.09	Neural Network (Specific Model)	11	0.968	74189	305.7838948233361	1149903	0.29	1217	34	177310	None
AG-913-O18	87.07	0.79	Neural Network (Specific Model)	11	0.964	104974	302.0406885758998	1198263	0.29	1278	36	185755	None
AG-914-I16	90.28	0.0	Neural Network (Specific Model)	11	0.971	94048	298.16449814126395	987761	0.3	1076	22	204144	None
AG-914-N11	89.56	0.0	Neural Network (Specific Model)	11	0.968	186740	294.53371320037985	957587	0.3	1053	19	317596	None
AG-914-P23	85.29	0.04	Neural Network (Specific Model)	11	0.966	103388	300.2001725625539	1077147	0.3	1159	27	394474	None
AG-915-G13	89.62	0.5	Neural Network (Specific Model)	11	0.964	95700	303.00987091875476	1237317	0.29	1317	31	199353	None
AG-915-K13	97.62	0.11	Neural Network (Specific Model)	11	0.963	662762	300.48014981273406	1246338	0.3	1335	17	662762	None
AG-916-E17	86.08	0.07	Neural Network (Specific Model)	11	0.965	106588	298.4109972041006	992364	0.3	1073	19	150439	None
AG-916-G03	88.58	0.0	Neural Network (Specific Model)	11	0.965	151849	305.90872210953347	934332	0.29	986	23	225151	None
AG-916-L11	86.6	0.01	Neural Network (Specific Model)	11	0.966	150132	306.2800345721694	1096508	0.29	1157	29	242359	None
AG-916-O13	93.09	0.01	Neural Network (Specific Model)	11	0.966	335405	301.77402597402596	1078715	0.3	1155	13	386053	None
AG-916-O20	86.73	0.07	Neural Network (Specific Model)	11	0.965	81998	300.6528735632184	1215504	0.3	1305	41	148426	None
AG-917-C08	93.83	0.0	Neural Network (Specific Model)	11	0.96	189021	295.9371212121212	1216429	0.3	1320	23	224075	None
AG-917-C11	88.35	0.06	Neural Network (Specific Model)	11	0.961	65710	298.06013179571664	1126265	0.3	1214	33	171475	None
AG-917-D03	97.05	0.11	Neural Network (Specific Model)	11	0.968	112388	297.67267483777937	1275888	0.29	1387	30	256817	None
AG-917-D14	92.39	0.34	Neural Network (Specific Model)	11	0.963	64757	296.961797752809	1230808	0.29	1335	48	117691	None
AG-917-D23	91.33	0.11	Neural Network (Specific Model)	11	0.967	130658	298.87125748502996	1234882	0.29	1336	27	215460	None
AG-917-E05	85.84	0.06	Neural Network (Specific Model)	11	0.961	86310	300.10534469403564	1205625	0.29	1291	31	152516	None
AG-917-E14	85.9	0.03	Neural Network (Specific Model)	11	0.97	67931	297.4775967413442	900675	0.3	982	28	121797	None
AG-917-F16	96.2	0.01	Neural Network (Specific Model)	11	0.964	147447	299.6466826538769	1162775	0.29	1251	30	156182	None
AG-917-F18	94.85	0.01	Neural Network (Specific Model)	11	0.966	163577	296.92936170212766	1079329	0.3	1175	15	325155	None
AG-917-M15	89.37	0.0	Neural Network (Specific Model)	11	0.964	87314	298.08601216333625	1063557	0.29	1151	26	183884	None
AG-917-O20	90.45	0.02	Neural Network (Specific Model)	11	0.966	69913	304.48807495741056	1106646	0.3	1174	32	204809	None
AG-917-P07	87.97	0.05	Neural Network (Specific Model)	11	0.961	78954	297.3399681528662	1162448	0.3	1256	37	202193	None
AG-918-G15	89.08	0.31	Neural Network (Specific Model)	11	0.966	128515	307.58125	1219305	0.29	1280	27	237369	None
AG-918-L21	86.66	0.27	Neural Network (Specific Model)	11	0.96	51891	294.61059190031153	1178199	0.3	1284	43	127182	None
AG-919-A21	85.27	0.13	Neural Network (Specific Model)	11	0.967	87831	298.54113345521023	1010001	0.29	1094	23	192152	None
AG-919-C02	87.71	0.02	Neural Network (Specific Model)	11	0.963	122800	302.39767054908486	1128542	0.3	1202	17	315250	None
AG-919-F03	92.46	0.03	Neural Network (Specific Model)	11	0.963	108204	302.58452481076534	1117344	0.29	1189	29	166905	None
AG-919-F21	95.25	0.02	Neural Network (Specific Model)	11	0.965	162193	300.8126649076517	1059067	0.3	1137	14	280087	None
AG-919-I13	94.42	0.05	Neural Network (Specific Model)	11	0.965	131525	300.34767025089604	1037790	0.3	1116	15	250845	None
AG-919-L02	94.17	0.07	Neural Network (Specific Model)	11	0.963	217209	302.98026315789474	1144269	0.3	1216	16	223292	None
AG-919-M05	98.77	0.23	Neural Network (Specific Model)	11	0.965	170351	301.63603603603605	1036903	0.3	1110	16	265155	None
AG-919-O02	92.61	0.03	Neural Network (Specific Model)	11	0.963	112648	296.4748653500898	1025326	0.3	1114	27	150247	None
AG-920-D05	89.49	0.15	Neural Network (Specific Model)	11	0.962	81143	298.2915407854985	1228166	0.29	1324	35	377512	None
AG-920-I06	87.03	0.03	Neural Network (Specific Model)	11	0.964	76802	294.6965452847806	978849	0.29	1071	28	173499	None
AG-920-I23	88.96	0.01	Neural Network (Specific Model)	11	0.967	77601	300.2192242833052	1101300	0.29	1186	30	207375	None
AG-920-J04	87.18	0.04	Neural Network (Specific Model)	11	0.961	84787	295.1714285714286	1125663	0.3	1225	25	251579	None
AG-920-L11	97.75	0.01	Gradient Boost (General Model)	11	0.961	156592	306.726090283091	1247720	0.33	1307	19	198324	None
AG-920-L20	96.34	0.11	Neural Network (Specific Model)	11	0.96	151727	304.6358253145818	1282473	0.3	1351	32	227375	None
AH-287-C13	90.22	0.04	Neural Network (Specific Model)	11	0.967	114312	298.80682839173403	1028149	0.3	1113	24	171322	None
AH-287-E08	86.93	0.05	Neural Network (Specific Model)	11	0.964	68391	298.50363636363636	1018888	0.28	1100	34	156119	None
AH-287-J18	91.97	0.01	Neural Network (Specific Model)	11	0.963	68887	297.64843049327357	1030379	0.29	1115	26	146876	None
AH-321-D17	94.73	0.02	Neural Network (Specific Model)	11	0.963	110389	301.7100085543199	1095062	0.3	1169	26	191886	None
AH-321-L23	88.73	0.02	Neural Network (Specific Model)	11	0.963	82916	299.56396396396394	1032268	0.28	1110	38	165481	None
AH-321-M13	96.76	0.02	Neural Network (Specific Model)	11	0.964	136272	297.2106969205835	1137314	0.3	1234	24	298993	None
AH-321-N11	87.05	0.05	Neural Network (Specific Model)	11	0.961	271025	295.5229276895944	1042751	0.29	1134	14	274333	None
AH-324-B10	91.68	0.01	Neural Network (Specific Model)	11	0.964	163214	301.7269338303821	1004259	0.29	1073	17	427293	None
AH-324-J07	94.47	0.11	Neural Network (Specific Model)	11	0.964	87761	304.97256317689533	1309982	0.29	1385	36	170641	None
ARS1	96.81	8.43	Gradient Boost (General Model)	11	0.951	30360	290.05263157894734	1300718	0.31	1425	60	87593	None
HIMB1437	99.97	0.06	Neural Network (Specific Model)	11	0.963	1221307	308.7103610675039	1221307	0.29	1274	1	1221307	None
HIMB1444	99.85	0.1	Neural Network (Specific Model)	11	0.964	374569	301.9426111908178	1305448	0.29	1394	8	635019	None
HIMB1456	99.96	0.17	Neural Network (Specific Model)	11	0.965	187405	304.80949057920446	1353489	0.29	1433	17	312343	None
HIMB1463	99.85	3.42	Neural Network (Specific Model)	11	0.965	36211	296.56832087015636	1352106	0.29	1471	100	114314	None
HIMB1483	99.87	0.0	Neural Network (Specific Model)	11	0.966	1084247	305.3516053249804	1207531	0.29	1277	2	1084247	None
HIMB1485	99.82	0.09	Neural Network (Specific Model)	11	0.964	961822	310.3994583615437	1422091	0.29	1477	2	961822	None
HIMB1492	92.46	0.5	Neural Network (Specific Model)	11	0.961	6962	272.40996168582376	1327020	0.29	1566	271	42525	None
HIMB1493	99.94	0.09	Neural Network (Specific Model)	11	0.964	1434686	310.8957632817754	1434686	0.29	1487	1	1434686	None
HIMB1494	99.75	0.08	Neural Network (Specific Model)	11	0.964	1017910	305.56413612565444	1448273	0.29	1528	2	1017910	None
HIMB1505	99.96	0.07	Neural Network (Specific Model)	11	0.962	1182647	307.43007730147576	1360308	0.29	1423	2	1182647	None
HIMB1513	99.87	0.11	Neural Network (Specific Model)	11	0.965	1440378	310.18024032042723	1440378	0.29	1498	1	1440378	None
HIMB1517	99.97	5.17	Neural Network (Specific Model)	11	0.965	109563	296.5124633431085	1254225	0.3	1364	22	267052	None
HIMB1520	99.95	0.0	Neural Network (Specific Model)	11	0.966	1324447	307.85971223021585	1324447	0.29	1390	1	1324447	None
HIMB1521	99.27	0.08	Neural Network (Specific Model)	11	0.964	96283	306.1238348868176	1426620	0.29	1502	34	151189	None
HIMB1527	99.3	0.0	Neural Network (Specific Model)	11	0.964	736407	310.0674401740392	1326576	0.29	1379	2	736407	None
HIMB1542	99.67	0.16	Neural Network (Specific Model)	11	0.964	796544	308.82663989290495	1430821	0.29	1494	2	796544	None
HIMB1549	99.9	0.0	Neural Network (Specific Model)	11	0.964	1335968	309.4066091954023	1335968	0.29	1392	1	1335968	None
HIMB1552	99.81	0.12	Neural Network (Specific Model)	11	0.966	1429048	311.84324324324325	1429048	0.29	1480	1	1429048	None
HIMB1565	99.97	0.05	Neural Network (Specific Model)	11	0.965	1064769	301.6423690205011	1231642	0.3	1317	4	1064769	None
HIMB1587	99.87	0.05	Neural Network (Specific Model)	11	0.964	815068	307.39460154241647	1483982	0.29	1556	2	815068	None
HIMB1602	86.07	0.05	Neural Network (Specific Model)	11	0.956	7022	278.69331395348837	1200562	0.31	1376	257	29305	None
HIMB1636	99.81	0.16	Neural Network (Specific Model)	11	0.966	1436164	315.44625850340134	1436164	0.29	1470	1	1436164	None
HIMB1641	99.84	0.13	Neural Network (Specific Model)	11	0.966	1438405	314.7079945799458	1438405	0.29	1476	1	1438405	None
HIMB1662	99.93	0.09	Neural Network (Specific Model)	11	0.965	1421355	309.4888588791357	1421355	0.29	1481	1	1421355	None
HIMB1715	97.6	0.05	Neural Network (Specific Model)	11	0.964	59426	299.99786476868326	1308457	0.3	1405	36	177081	None
HIMB1723	99.73	0.08	Neural Network (Specific Model)	11	0.965	1475205	310.9425212279556	1475205	0.29	1531	1	1475205	None
HIMB1746	99.89	0.05	Neural Network (Specific Model)	11	0.962	271456	301.5269922879177	1459268	0.29	1556	8	490964	None
HIMB1748	99.59	4.4	Neural Network (Specific Model)	11	0.966	861536	314.53492884864164	1506003	0.29	1546	6	861536	None
HIMB1782	99.97	0.14	Neural Network (Specific Model)	11	0.966	855577	305.0565789473684	1436179	0.29	1520	2	855577	None
HIMB1835	91.79	0.18	Neural Network (Specific Model)	11	0.965	7766	275.12718600953895	1072188	0.3	1258	229	26662	None
HIMB1838	99.11	0.09	Neural Network (Specific Model)	11	0.963	39679	302.28772478498826	1200830	0.3	1279	71	137420	None
HIMB1863	99.92	1.11	Neural Network (Specific Model)	11	0.963	78266	305.06384615384616	1231137	0.3	1300	22	174881	None
HIMB2104	99.98	0.0	Neural Network (Specific Model)	11	0.964	249324	310.58113509192646	1205064	0.3	1251	7	516316	None
HIMB2187	99.96	0.15	Neural Network (Specific Model)	11	0.963	898854	305.43620414673046	1188940	0.29	1254	2	898854	None
HIMB2200	99.86	0.03	Neural Network (Specific Model)	11	0.964	95189	304.1518691588785	1211436	0.3	1284	24	238713	None
HIMB2201	99.97	0.21	Neural Network (Specific Model)	11	0.967	1359742	305.54937413073714	1359742	0.29	1438	1	1359742	None
HIMB2204	99.63	0.02	Neural Network (Specific Model)	11	0.963	782013	308.15555555555557	1249462	0.3	1305	2	782013	None
HIMB2215	99.22	0.02	Neural Network (Specific Model)	11	0.964	176987	305.5437645236251	1224130	0.29	1291	10	234220	None
HIMB2226	99.8	0.02	Neural Network (Specific Model)	11	0.965	659910	305.39651070578907	1193257	0.29	1261	2	659910	None
HIMB2250	99.87	0.15	Neural Network (Specific Model)	11	0.966	1330391	306.8515346181299	1330391	0.29	1401	1	1330391	None
HIMB4	99.98	0.06	Neural Network (Specific Model)	11	0.96	1382291	304.53397391901166	1382291	0.29	1457	1	1382291	None
HIMB5	100.0	0.26	Neural Network (Specific Model)	11	0.963	1343202	301.8848569434752	1343202	0.29	1433	1	1343202	None
HTCC1002	99.27	0.05	Neural Network (Specific Model)	11	0.949	1324008	305.77374909354603	1328618	0.3	1379	4	1324008	None
HTCC1013	99.28	0.04	Neural Network (Specific Model)	11	0.956	741014	307.1129985228951	1301122	0.3	1354	5	741014	None
HTCC1016	99.62	0.05	Neural Network (Specific Model)	11	0.954	794419	305.2538745387454	1297098	0.3	1355	4	794419	None
HTCC1040	99.55	0.34	Neural Network (Specific Model)	11	0.961	1274624	305.0618479880775	1274624	0.3	1342	1	1274624	None
AG-917-D09	87.92	0.44	Neural Network (Specific Model)	11	0.967	76456	312.2452380952381	1216591	0.3	1260	33	127757	None
AG-917-I17	85.12	0.06	Neural Network (Specific Model)	11	0.961	311940	309.3371522094926	1176634	0.3	1222	14	563189	None
AG-917-J06	89.89	0.09	Neural Network (Specific Model)	11	0.969	118977	300.940632228219	1205267	0.29	1297	29	202769	None
AG-917-K06	96.81	0.03	Neural Network (Specific Model)	11	0.964	299169	301.8692913385827	1189543	0.29	1270	20	315274	None
AG-918-B06	92.23	0.02	Neural Network (Specific Model)	11	0.967	98257	307.8038079470199	1150377	0.3	1208	32	332127	None
AG-918-E02	91.67	0.13	Neural Network (Specific Model)	11	0.966	139783	304.2725914861837	1261292	0.29	1339	26	293732	None
AG-918-G06	95.71	0.16	Neural Network (Specific Model)	11	0.965	199075	305.3434816549571	1212273	0.29	1281	13	259158	None
AG-918-G22	99.33	0.05	Neural Network (Specific Model)	11	0.968	197824	307.59090909090907	1358899	0.29	1430	25	490095	None
AG-918-K09	90.07	0.05	Neural Network (Specific Model)	11	0.962	218186	299.6003223207091	1155979	0.3	1241	19	360188	None
AG-918-K13	95.04	0.84	Neural Network (Specific Model)	11	0.967	72577	301.27346041055716	1271315	0.29	1364	37	205514	None
AG-918-L07	86.06	0.09	Neural Network (Specific Model)	11	0.962	108489	299.99209486166006	1179481	0.3	1265	16	322204	None
AG-920-L07	96.36	0.01	Neural Network (Specific Model)	11	0.965	237511	302.9085418464193	1087656	0.29	1159	11	308488	None
AG-920-L19	92.32	0.03	Neural Network (Specific Model)	11	0.965	124969	298.19827586206895	1071527	0.29	1160	25	185866	None
AH-287-B07	92.18	0.5	Neural Network (Specific Model)	11	0.963	93640	301.6915306915307	1206709	0.29	1287	31	213346	None
AH-287-G05	91.01	0.0	Neural Network (Specific Model)	11	0.962	188396	306.2603201347936	1130256	0.3	1187	27	199237	None
AH-287-O09	88.29	0.13	Neural Network (Specific Model)	11	0.961	107350	304.2159739201304	1161492	0.29	1227	29	254059	None
AH-321-A17	89.94	0.17	Neural Network (Specific Model)	11	0.967	119919	298.7761194029851	1176597	0.29	1273	31	253755	None
AH-321-P04	92.98	0.01	Neural Network (Specific Model)	11	0.965	61493	302.81410256410254	1024646	0.28	1092	43	190331	None
AH-324-E14	85.19	0.0	Neural Network (Specific Model)	11	0.967	96315	304.0379981464319	1014264	0.29	1079	27	229144	None
AH-324-F03	97.13	0.01	Neural Network (Specific Model)	11	0.964	118672	302.24326404926865	1217759	0.29	1299	29	299162	None
AH-324-K07	89.54	0.09	Neural Network (Specific Model)	11	0.962	92534	301.6378091872792	1061141	0.29	1132	27	208270	None
AH-324-K09	89.56	0.05	Neural Network (Specific Model)	11	0.966	75556	304.25899912203687	1073370	0.29	1139	49	153391	None
HIMB1488	99.94	0.19	Neural Network (Specific Model)	11	0.963	1537287	304.4772447724477	1537287	0.29	1626	1	1537287	None
HIMB1490	97.48	0.11	Neural Network (Specific Model)	11	0.963	84191	306.97997237569064	1381468	0.3	1448	34	220655	None
HIMB1506	99.99	0.06	Neural Network (Specific Model)	11	0.964	1538266	308.81246105919	1538266	0.29	1605	1	1538266	None
HIMB1556	99.79	0.15	Neural Network (Specific Model)	11	0.966	1464126	312.4937210839392	1464126	0.29	1513	1	1464126	None
HIMB1559	99.83	0.09	Neural Network (Specific Model)	11	0.964	1489298	306.28079132099555	1489298	0.29	1567	1	1489298	None
HIMB1564	99.98	0.01	Neural Network (Specific Model)	11	0.967	1339865	309.49071428571426	1339865	0.28	1400	1	1339865	None
HIMB1577	99.79	0.1	Neural Network (Specific Model)	11	0.965	1444414	307.8137384412153	1444414	0.29	1514	1	1444414	None
HIMB1593	99.77	0.1	Neural Network (Specific Model)	11	0.965	1431236	310.184811827957	1431236	0.29	1488	1	1431236	None
HIMB1597	99.85	0.08	Neural Network (Specific Model)	11	0.964	1489004	308.4607969151671	1489004	0.29	1556	1	1489004	None
HIMB1611	99.9	0.11	Neural Network (Specific Model)	11	0.964	1453538	306.6319580877538	1453538	0.29	1527	1	1453538	None
HIMB1631	99.87	0.1	Neural Network (Specific Model)	11	0.965	1444470	307.596699669967	1444470	0.29	1515	1	1444470	None
HIMB1685	99.72	0.1	Neural Network (Specific Model)	11	0.965	1455495	307.5694626474443	1455495	0.29	1526	1	1455495	None
HIMB1701	99.99	0.3	Neural Network (Specific Model)	11	0.964	1485366	309.5229476405947	1485366	0.29	1547	1	1485366	None
HIMB1702	99.76	0.15	Neural Network (Specific Model)	11	0.967	1444148	313.4116856950974	1444148	0.29	1489	1	1444148	None
HIMB1710	99.86	0.14	Neural Network (Specific Model)	11	0.965	1435827	313.4318030605456	1459696	0.29	1503	3	1435827	None
HIMB1758	99.88	0.1	Neural Network (Specific Model)	11	0.964	1458764	307.4054937867887	1458764	0.29	1529	1	1458764	None
HIMB1765	99.62	0.16	Neural Network (Specific Model)	11	0.965	1436910	308.6371504660453	1436910	0.29	1502	1	1436910	None
HIMB2211	99.98	0.13	Neural Network (Specific Model)	11	0.964	1460105	308.2284789644013	1477755	0.29	1545	2	1460105	None
HIMB2305	99.71	0.34	Neural Network (Specific Model)	11	0.966	173722	306.8664812239221	1366736	0.29	1438	29	286769	None
HTCC7211	99.91	0.08	Neural Network (Specific Model)	11	0.963	1456888	303.82253886010363	1456888	0.29	1544	1	1456888	None
HTCC7214	99.99	0.21	Neural Network (Specific Model)	11	0.963	1375060	309.3046820405311	1375060	0.29	1431	1	1375060	None
MED1116	86.22	1.56	Neural Network (Specific Model)	11	0.961	49855	289.43698347107437	870948	0.29	968	21	145779	None
