Orthogroup	gene_id	Accession_number	pident
OG0000000	HIMB114_00234	D0RN70	97
OG0000001	HIMB5_01266	J9YYH2	99.2
OG0000002	IMCC9063_00061	F2I2L5	99.6
OG0000003	FZCC0015_01232	A0A1C2AC48	97.5
OG0000004	HIMB1492_01331	A0A926RHJ8	95.7
OG0000005	HTCC7211_01003	B6BPI1	93.9
OG0000006	Uisw_137_00936	Q1UZZ8	100
OG0000007	HTCC7211_00568	B6BSH4	96.1
OG0000008	NP1_00358	A0A6H1Q307	99.5
OG0000009	HIMB1492_01275	A0A3E0QBL3	98.9
OG0000010	NP1_01335	A0A6H1Q4L3	96.9
OG0000011	NP1_00708	A0A6H1Q3L7	100
OG0000012	NP1_00350	A0A6H1Q141	95.3
OG0000013	RS40_01134	A0A1W6BI27	99.9
OG0000014	HIMB1321_01310	A0A1X7H7I6	99
OG0000015	HIMB1321_00866	A0A1X7H2V6	99.1
OG0000016	IMCC9063_00377	F2I2U7	100
OG0000017	HIMB114_01198	D0RQV7	96.5
OG0000018	LSUCC0723_00525	A0A520T4I8	93.6
OG0000019	HTCC1002_01303	Q1V088	95.3
OG0000020	HIMB2204_01179	A0A919ZRP0	94.7
OG0000021	RS39_01231	A0A1W6BF30	100
OG0000022	RS39_00893	A0A1W6BDM2	97.7
OG0000023	HIMB1492_00791	A0A1C2AI23	95.5
OG0000024	HTCC1062_01154	Q4FLJ1	98.9
OG0000025	HIMB1321_00879	A0A1X7H216	99.5
OG0000026	Uisw_094_00501	A0A926MQG3	96.3
OG0000027	RS40_00110	A0A1W6BFA1	100
OG0000028	Uisw_114_01516	A0A9D7ZKD4	100
OG0000029	HIMB1321_00286	A0A1X7GQZ9	96.9
OG0000030	RS39_00552	A0A1W6BCV5	98.2
OG0000031	HIMB114_00207	D0RN42	100
OG0000032	IMCC9063_01328	F2I1S9	92.9
OG0000033	HTCC7211_00793	B6BT35	96.3
OG0000034	HIMB1549_00431	A0A1X7GSA5	99.4
OG0000035	HTCC7211_01308	B6BQA6	97.6
OG0000036	HIMB1492_00571	A0A2A5V457	100
OG0000037	RS39_00006	A0A1W6BBH2	94.9
OG0000038	HIMB1709_01183	A0A3E0QE89	100
OG0000039	IMCC9063_01198	F2I1F4	95.4
OG0000040	HTCC7211_00299	B6BRS8	95.7
OG0000041	HIMB114_00052	D0RRF5	95.7
OG0000042	HTCC7211_01387	B6BQI4	100
OG0000043	HIMB5_01132	J9YVV1	100
OG0000044	HIMB1436_00554	A0A1W6BED5	100
OG0000045	HIMB1321_00212	A0A1X7GN41	93
OG0000046	IMCC9063_00178	F2I3C3	97.6
OG0000047	HIMB1321_00955	A0A1X7H317	98.1
OG0000048	RS40_01181	A0A1W6BJ62	95.6
OG0000049	HTCC1002_00392	Q1V2T4	100
OG0000050	RS40_01011	A0A1W6BHT6	99.3
OG0000051	RS39_00297	A0A1W6BCB4	98.4
OG0000052	RS40_01140	A0A1W6BI16	98.8
OG0000053	NP1_00949	A0A6H1Q2Q7	96.7
OG0000054	NP1_00448	A0A6H1Q1M1	95.5
OG0000055	HIMB5_00707	J9YWV9	100
OG0000056	HIMB114_01331	D0RMU9	100
OG0000057	IMCC9063_00054	F2I249	100
OG0000058	HTCC1002_00731	Q1V1U8	97.9
OG0000059	IMCC9063_01305	F2I1Q6	96.8
OG0000060	HIMB114_00320	M3TSR5	97.6
OG0000061	HIMB5_00977	J9YVJ5	99.5
OG0000062	HIMB114_00544	D0RP17	96.9
OG0000063	RS40_00852	A0A1W6BH42	99.7
OG0000064	NP1_00453	A0A6H1Q1D9	91.9
OG0000065	Uisw_114_01529	Q4FNX6	100
OG0000066	HIMB114_00906	D0RQ20	97.2
OG0000067	IMCC9063_00084	F2I2N9	97.4
OG0000068	HTCC1062_00654	Q4FMX7	94.2
OG0000069	HTCC1013_00688	Q4FP19	98.6
OG0000070	IMCC9063_00853	F2I0N9	96.6
OG0000071	IMCC9063_00177	F2I3C2	98.3
OG0000072	HTCC1002_00932	Q1V1A6	98.5
OG0000073	RS40_00187	A0A1W6BFE5	99.7
OG0000074	NP1_01192	A0A6H1Q301	100
OG0000075	RS40_00721	A0A1W6BGY0	100
OG0000076	HIMB114_01220	D0RQX9	93.6
OG0000077	IMCC9063_00865	F2I0Q2	94
OG0000078	RS40_00552	A0A1W6BGL3	96
OG0000079	HIMB5_00431	J9YW55	90.5
OG0000080	RS40_01377	A0A1W6BIM1	98.1
OG0000081	RS40_01161	A0A1W6BI31	95.7
OG0000082	IMCC9063_00116	F2I2S1	96
OG0000083	HTCC7211_00819	B6BT61	95.9
OG0000084	IMCC9063_00795	F2I279	97.5
OG0000085	RS40_01034	A0A1W6BHJ8	94.9
OG0000086	Uisw_092_00048	Q4FNH1	96.2
OG0000087	IMCC9063_00284	F2I3V8	98.8
OG0000088	HTCC1002_01300	Q1V091	92.1
OG0000089	HIMB1520_01034	J9YYH6	100
OG0000090	Uisw_114_00435	A0A9D7WMN7	100
OG0000091	HIMB1564_01248	A0A3E0QJP8	97.2
OG0000092	HIMB5_00392	J9YVX5	99.3
OG0000093	ME-18_00972	A0A9E3GID2	93.4
OG0000094	HIMB114_01124	D0RQN2	93
OG0000095	IMCC9063_00397	F2I2W6	94.2
OG0000096	HTCC7211_00665	B6BSR5	97.8
OG0000097	RS39_00526	A0A1W6BCP4	93.8
OG0000098	HTCC1002_01239	Q1V0E9	96.1
OG0000099	RS40_00684	A0A1W6BGX4	91.6
OG0000100	HIMB1321_00270	A0A1X7GPM8	97.5
OG0000101	HIMB1509_01068	A0A2E6LWC5	92.2
OG0000102	HIMB1321_01381	A0A1X7H8B9	97.5
OG0000103	IMCC9063_01169	F2I1C5	93.3
OG0000104	IMCC9063_00759	F2I0M3	96.1
OG0000105	LSUCC0723_00405	A0A520T713	100
OG0000106	HTCC1062_00619	Q1V217	93.5
OG0000107	RS40_00530	A0A1W6BGI4	95
OG0000108	HTCC1013_00539	Q4FNM2	95.4
OG0000109	IMCC9063_01285	F2I1N5	97.7
OG0000110	Uisw_114_00983	Q1UZT8	96.5
OG0000111	MiE-29_00854	A0A9E3GJ06	99.7
OG0000112	HIMB114_00107	D0RRK6	98.7
OG0000113	HTCC1002_00705	Q1V1X4	100
OG0000114	HIMB1321_01247	A0A1X7H750	97.4
OG0000115	NP1_01428	A0A6H1Q609	100
OG0000116	HIMB114_00582	D0RP52	99.2
OG0000117	HIMB1527_00165	A0A1X7GKT7	100
OG0000118	IMCC9063_01047	F2I108	97.8
OG0000119	HIMB1492_00901	A0A3E0QBR1	100
OG0000120	LSUCC0530_00884	A0A388Q169	91.5
OG0000121	Uisw_121_00106	Q4FNB8	98.3
OG0000122	LSUCC0530_01045	A0A388PYY4	96.4
OG0000123	RS40_00228	A0A1W6BFR9	93.9
OG0000124	HIMB1321_00038	A0A1X7GJA7	100
OG0000125	LSUCC0530_00305	A0A388Q0P1	91.7
OG0000126	HIMB114_00802	D0RPS0	94.5
OG0000127	HIMB5_01116	J9YWD6	97.6
OG0000128	RS40_00698	A0A1W6BIQ4	96.9
OG0000129	IMCC9063_00369	F2I078	96.3
OG0000130	RS40_00803	A0A1W6BHB0	100
OG0000131	HIMB1321_01249	A0A1X7H8J2	97.2
OG0000132	IMCC9063_00540	F2I3X6	95.5
OG0000133	LSUCC0530_00498	A0A388Q093	95.4
OG0000134	LSUCC0530_00034	A0A388PYM9	94.9
OG0000135	HIMB114_01275	D0RR34	96.6
OG0000136	HIMB114_01278	D0RR37	98.1
OG0000137	HTCC7211_00117	A0A926MHC8	99.6
OG0000138	IMCC9063_00543	F2I3X9	95.7
OG0000139	HIMB1565_00263	M3V3G5	96.7
OG0000140	IMCC9063_00551	F2I3Y7	91.6
OG0000141	HIMB114_00157	D0RRQ6	94.8
OG0000142	HIMB5_01176	J9YVY7	95.3
OG0000143	HIMB1520_01105	J9YXV2	92.9
OG0000144	LSUCC0530_01088	A0A388Q0L9	94.6
OG0000145	RS40_00313	A0A1W6BFZ5	93.2
OG0000146	HIMB5_00304	J9YSY0	96.1
OG0000147	Uisw_116_00087	Q4FND4	97.9
OG0000148	HIMB114_00809	D0RPS7	94.8
OG0000149	HIMB2304_00703	A0A920P1G0	94.6
OG0000150	HIMB114_01282	D0RR41	97.5
OG0000151	IMCC9063_00375	F2I2U5	100
OG0000152	Uisw_114_00081	A0A6H1Q279	95.3
OG0000153	IMCC9063_00774	F2I257	95.2
OG0000154	Uisw_116_01128	A0A6H1Q3P1	96.6
OG0000155	HTCC1040_01367	Q1V0R7	91.2
OG0000156	HIMB114_01270	D0RR29	95.4
OG0000157	HIMB1564_00200	J9YXJ8	99.3
OG0000158	NP1_00631	A0A6H1Q2N8	91.5
OG0000159	RS39_00106	A0A1W6BF16	98.2
OG0000160	IMCC9063_00813	F2I298	96
OG0000161	HIMB5_00811	J9YVL8	99.1
OG0000162	HIMB5_01414	J9YZ43	88.8
OG0000163	HIMB114_00158	D0RRQ7	98.7
OG0000164	HIMB5_01174	J9YXX4	96.4
OG0000165	HIMB5_01062	J9YXY1	97.4
OG0000166	HIMB114_01106	D0RQL5	95.3
OG0000167	RS39_00159	A0A1W6BBY6	99.8
OG0000168	HIMB1526_00015	A0A3E0QC35	100
OG0000169	HTCC7211_00169	B6BRF6	95.4
OG0000170	LSUCC0530_00118	A0A970AXG6	96.3
OG0000171	LSUCC0530_00025	A0A966HM61	92.8
OG0000172	IMCC9063_00102	F2I2Q7	98.5
OG0000173	HIMB114_00775	M3U864	96.2
OG0000174	HIMB5_00208	J9YU52	96.4
OG0000175	IMCC9063_00738	F2I0K3	95.3
OG0000176	HIMB1564_01115	A0A3E0QIJ2	98
OG0000177	RS39_00245	A0A1W6BC64	99
OG0000178	LSUCC0530_00304	A0A845S7K6	92.1
OG0000179	RS40_00917	A0A1W6BHD4	96.2
OG0000180	HTCC7211_00236	B6BRM1	96.3
OG0000181	HIMB5_00258	J9YU91	97.5
OG0000182	HIMB114_00135	D0RRN4	97.9
OG0000183	HIMB2305_00859	A0A1W6BH90	98.6
OG0000184	HTCC1013_00410	Q4FNB1	96.9
OG0000185	HIMB5_01389	J9YYZ6	91.7
OG0000186	Uisw_137_00031	A0A6H1Q390	98.6
OG0000187	HIMB5_01255	J9YYG0	94.1
OG0000188	HIMB058_00634	A0A2D5G967	97.9
OG0000189	HTCC1013_01040	Q1UZT1	98.1
OG0000190	HIMB114_01039	D0RQE8	97.2
OG0000191	RS40_01143	A0A1W6BI00	95.9
OG0000192	RS40_00344	A0A1W6BG27	99.8
OG0000193	HIMB114_00086	D0RRI5	98.9
OG0000194	IMCC9063_00170	F2I3B4	96.5
OG0000195	HIMB5_01082	J9YY15	95.7
OG0000196	RS39_00067	A0A1W6BBI7	99.3
OG0000197	LSUCC0530_01201	A0A966HIT9	95.3
OG0000198	HIMB114_01104	D0RQL3	95.3
OG0000199	HIMB5_01344	J9YYT3	94.6
OG0000200	RS39_00154	A0A1W6BBU5	94.9
OG0000201	LSUCC0530_00990	A0A388PX65	98.5
OG0000202	HIMB1321_01295	A0A1X7H8L2	96.9
OG0000203	HIMB114_00449	D0RNS6	94.8
OG0000204	LSUCC0723_01174	D0RQZ1	93.4
OG0000205	IMCC9063_00060	F2I2L4	95.3
OG0000206	HIMB5_00209	J9YSN7	95.8
OG0000207	RS39_01149	A0A1W6BEL5	97.3
OG0000208	MiE-29_00899	A0A9E3GIZ3	96.4
OG0000209	HIMB5_01175	J9YWJ5	96.9
OG0000210	RS40_00645	A0A1W6BGV2	96.2
OG0000211	HIMB1552_01074	A0A3E0QD19	93.7
OG0000212	LSUCC0530_01098	A0A388PZ65	97.2
OG0000213	RS40_00735	A0A1W6BH32	93.1
OG0000214	IMCC9063_00609	F2I444	98.2
OG0000215	RS39_00187	A0A1W6BC47	95.3
OG0000216	HIMB114_01203	D0RQW2	94.5
OG0000217	HTCC1013_00293	Q4FMZ0	100
OG0000218	HIMB114_00506	D0RNY0	95.5
OG0000219	NP1_01267	A0A6H1Q3X1	95.2
OG0000220	RS40_00826	A0A1W6BH77	93
OG0000221	IMCC9063_01422	F2I348	95.1
OG0000222	HIMB1492_00474	A0A926RS22	99.7
OG0000223	RS40_00683	A0A1W6BGT3	96.4
OG0000224	LSUCC0530_01258	A0A388Q252	96.1
OG0000225	IMCC9063_00319	F2I026	92
OG0000226	RS40_00587	A0A1W6BGM1	99.1
OG0000227	RS40_00128	A0A1W6BFF9	90.7
OG0000228	HIMB1494_00399	A0A3E0QBG0	93.8
OG0000229	RS40_00611	A0A1W6BGS9	92.6
OG0000230	Uisw_114_01112	Q4FL10	99.8
OG0000231	RS40_00338	A0A1W6BFZ1	100
OG0000232	IMCC9063_00955	F2I2G6	95.4
OG0000233	HIMB1430_01110	A0A3E0QBG1	100
OG0000234	HIMB114_00111	D0RRL1	96.6
OG0000235	HIMB114_00793	D0RPR1	96.1
OG0000236	RS40_00938	A0A1W6BHH7	96.6
OG0000237	RS40_00648	A0A1W6BGT2	96.8
OG0000238	RS39_00077	A0A1W6BBJ6	95.2
OG0000239	IMCC9063_00328	F2I036	94.3
OG0000240	RS40_00746	A0A1W6BH26	96.9
OG0000241	Uisw_136_00037	Q4FNH8	94.4
OG0000242	HIMB1321_00633	A0A1X7GWX0	95.6
OG0000243	RS40_01237	A0A1W6BI43	98
OG0000244	HIMB114_00213	D0RN48	97.8
OG0000245	NP1_01091	A0A6H1Q537	99.9
OG0000246	IMCC9063_00168	F2I3B2	98.4
OG0000247	NP1_01059	A0A6H1Q2M3	94.7
OG0000248	NP1_01055	A0A6H1Q488	99.9
OG0000249	HIMB114_01230	D0RQY9	93.5
OG0000250	HIMB114_01229	D0RQY8	94.3
OG0000251	RS39_00407	A0A1W6BCC8	98.9
OG0000252	NP1_00501	A0A6H1Q328	94.5
OG0000253	RS39_00399	A0A1W6BCM9	96.9
OG0000254	HIMB114_00182	D0RN17	95.1
OG0000255	RS40_00927	A0A1W6BHI5	96.6
OG0000256	RS39_00151	A0A1W6BBS6	94.2
OG0000257	HIMB058_00372	A0A2D5G8C5	92.9
OG0000258	HTCC1062_00286	Q4FNY1	94.2
OG0000259	IMCC9063_00881	F2I0R7	90.9
OG0000260	IMCC9063_00164	F2I3A8	92.3
OG0000261	HIMB114_00951	D0RQ62	96.2
OG0000262	RS39_01276	A0A1W6BER2	91.9
OG0000263	HTCC1013_00195	Q4FMN9	90.8
OG0000264	Uisw_114_01214	Q1V0E5	94.9
OG0000265	LSUCC0530_00878	A0A966HK88	96.2
OG0000266	HIMB114_00127	D0RRM7	95.8
OG0000267	RS39_00228	A0A1W6BC42	93.5
OG0000268	HIMB114_00937	D0RQ48	94.6
OG0000269	HTCC1062_00612	Q4FN19	91.4
OG0000270	HIMB1565_01262	M3TUC2	94
OG0000271	HIMB114_01096	D0RQK5	92.3
OG0000272	HIMB5_01327	J9YWI5	92.9
OG0000273	HIMB1507_00533	A0A3E0QLI5	100
OG0000274	HIMB1427_00749	A0A3E0QKY5	93.3
OG0000275	HTCC1013_00941	Q1UZE8	92.2
OG0000276	HIMB1436_00314	A0A3D8UL17	92
OG0000277	HIMB114_01176	D0RQT4	91.3
OG0000278	HTCC1062_01211	Q4FLD4	99.9
OG0000279	HIMB114_00602	D0RP72	86.5
OG0000280	Uisw_090_01159	Q4FPI1	95.9
OG0000281	IMCC9063_00654	F2I0B8	94
OG0000282	LSUCC0664_00078	A0A2E1LP79	93.4
OG0000283	RS40_00914	A0A1W6BHF7	95.3
OG0000284	HIMB114_01155	D0RQR3	96.1
OG0000285	RS39_00086	A0A1W6BBT1	98.4
OG0000286	HTCC1002_00922	Q1V1B6	96.2
OG0000287	Uisw_101_00042	Q4FNH3	97.5
OG0000288	HTCC1013_00477	A0A6H1Q296	100
OG0000289	LSUCC0530_00714	A0A388PXM4	92.2
OG0000290	LSUCC0530_00703	A0A388PY97	98.8
OG0000291	Uisw_114_00445	A0A9D7ZIY9	100
OG0000292	IMCC9063_00463	F2I3G9	97.4
OG0000293	HIMB1587_01284	A0A3E0QB97	98.1
OG0000294	HIMB1321_00447	A0A1X7GTG3	100
OG0000295	RS40_00041	A0A1W6BF53	94.6
OG0000296	HIMB1321_00535	A0A1X7GWK6	95.9
OG0000297	HIMB114_00178	D0RN13	95.5
OG0000298	RS39_01114	A0A1W6BEI9	98.1
OG0000299	HIMB114_00781	D0RPQ0	94.9
OG0000300	RS40_00661	A0A1W6BGR8	100
OG0000301	HIMB1492_00886	A0A926MCW6	93.8
OG0000302	RS40_00729	A0A1W6BGR3	95.2
OG0000303	HIMB1565_00039	D0RQ56	97.6
OG0000304	HIMB1492_01151	A0A926LTP5	98.9
OG0000305	ME-33_00466	A0A969VV32	95.4
OG0000306	Uisw_116_01322	A0A0R2UY18	99.7
OG0000307	HIMB114_01166	D0RQS4	97.7
OG0000308	HIMB114_00712	D0RPI2	97
OG0000309	HIMB1321_01380	A0A1X7H8E0	99.6
OG0000310	HIMB2305_00674	A0A1W6BGQ0	90.5
OG0000311	HIMB1565_01333	D0RPK0	94
OG0000312	RS39_00613	A0A1W6BD73	89.2
OG0000313	HTCC7211_01142	B6BPV6	97
OG0000314	HIMB114_00568	D0RP38	96.4
OG0000315	HIMB114_00155	D0RRQ4	97.4
OG0000316	LSUCC0530_00893	A0A388Q180	93.2
OG0000317	LSUCC0530_00906	A0A966HQR9	95
OG0000318	HTCC1040_00340	Q4FNC5	94.5
OG0000319	IMCC9063_00385	F2I2V5	95.7
OG0000320	IMCC9063_00416	F2I2Y5	93.1
OG0000321	HTCC1013_00547	Q1V1E6	92.5
OG0000322	RS40_00752	A0A1W6BH17	96.2
OG0000323	NP1_00480	A0A6H1Q137	97.2
OG0000324	HIMB109_00218	A0A520T5X7	94
OG0000325	HIMB114_01217	D0RQX6	97.7
OG0000326	RS39_01298	A0A1W6BEU5	97.6
OG0000327	HIMB2226_01202	A0A926MIZ1	100
OG0000328	HIMB1436_00340	A0A3D8UNT8	93.1
OG0000329	LSUCC0530_01120	A0A388PXD0	94.9
OG0000330	HIMB1321_00455	A0A1X7GVG1	98.3
OG0000331	HIMB114_00304	A0A2E1LNB7	99.8
OG0000332	IMCC9063_00951	F2I2G2	100
OG0000333	Uisw_092_01102	A0A6H1Q3C1	93.4
OG0000334	HTCC1062_00078	Q1V0I3	100
OG0000335	NP1_01128	A0A6H1Q338	98.1
OG0000336	RS40_00472	A0A1W6BGA7	98.6
OG0000337	HIMB114_00861	D0RPX7	92.1
OG0000338	HIMB114_00784	D0RPQ3	94.7
OG0000339	Uisw_104_01170	Q1V0B4	96.6
OG0000340	IMCC9063_00341	F2I049	92.3
OG0000341	IMCC9063_01205	F2I1G1	90.8
OG0000342	Uisw_121_00365	A0A6H1Q129	92.7
OG0000343	RS40_00590	A0A1W6BGJ9	93.6
OG0000344	Uisw_121_01348	A0A6H1Q2G0	99.2
OG0000345	HIMB114_00621	D0RP90	97.4
OG0000346	Uisw_104_00883	Q4FLJ4	98.1
OG0000347	HTCC1062_00212	Q4FP55	92.3
OG0000348	NP1_00440	A0A6H1Q189	98.4
OG0000349	IMCC9063_01137	F2I192	90.8
OG0000350	RS39_00776	A0A1W6BDL0	97.3
OG0000351	RS39_01081	A0A1W6BEA9	92
OG0000352	HIMB5_00179	J9YVE6	90.3
OG0000353	IMCC9063_00723	F2I0I8	97.8
OG0000354	HIMB114_00089	D0RRI8	95.7
OG0000355	NP1_00789	A0A6H1Q2A7	94.4
OG0000356	IMCC9063_00645	F2I0B0	94.9
OG0000357	ME-18_00973	A0A9E3GK28	100
OG0000358	RS40_00940	A0A1W6BHJ1	94.3
OG0000359	HTCC1062_00340	Q1V196	97
OG0000360	HIMB114_01101	M3UWG7	90.9
OG0000361	IMCC9063_00941	F2I2F2	95.4
OG0000362	HIMB114_01032	D0RQE1	99.2
OG0000363	HIMB5_00424	J9YUN7	98.5
OG0000364	RS39_01259	A0A1W6BEX2	97.6
OG0000365	HIMB1636_01139	A0A3E0QC82	93.6
OG0000366	HIMB109_00166	D0RQZ3	94.9
OG0000367	NP1_01354	A0A6H1Q3P6	100
OG0000368	LSUCC0530_00083	A0A966M118	95.9
OG0000369	IMCC9063_01049	F2I110	94.6
OG0000370	IMCC9063_00724	F2I0I9	92.1
OG0000371	LSUCC0530_00909	A0A388Q035	96
OG0000372	Uisw_094_01209	Q1V0M1	91.1
OG0000373	IMCC9063_00699	F2I0G4	88.2
OG0000374	LSUCC0530_00923	A0A845S6Q0	96.6
OG0000375	HIMB1321_01287	A0A1X7H7G8	100
OG0000376	HTCC7211_00079	B6BR81	94
OG0000377	IMCC9063_00114	F2I2R9	95.3
OG0000378	HIMB114_00820	D0RPT8	96.8
OG0000379	HIMB114_01136	D0RQP4	93.9
OG0000380	RS40_00688	A0A1W6BGP3	94.4
OG0000381	LSUCC0530_00485	A0A388PY84	91.2
OG0000382	HIMB114_00437	D0RNR4	96.4
OG0000383	HIMB114_01191	D0RQV0	97.4
OG0000384	HTCC7211_00315	B6BRU4	96.7
OG0000385	HIMB5_01436	J9YXE5	93.3
OG0000386	NP1_00993	A0A6H1Q2U6	95.3
OG0000387	HIMB5_00014	J9YUZ8	100
OG0000388	HTCC1013_01046	Q4FLD2	100
OG0000389	HTCC7211_00389	A0A926MG02	91.3
OG0000390	LSUCC0723_01167	A0A2E1LMZ5	96.8
OG0000391	RS40_00046	A0A1W6BFA8	95.8
OG0000392	IMCC9063_01064	F2I125	100
OG0000393	HIMB5_00705	J9YUC4	96.9
OG0000394	HIMB114_00168	M3V1I5	91.7
OG0000395	HIMB114_00165	M3SGR2	97.9
OG0000396	HTCC1002_01247	Q1V0E3	93
OG0000397	IMCC9063_00716	F2I0I1	93.4
OG0000398	RS40_00454	A0A1W6BG70	95.6
OG0000399	HIMB1321_01012	A0A1X7H4A1	92.3
OG0000400	HIMB114_01137	D0RQP5	91.7
OG0000401	IMCC9063_00402	F2I2X1	91.4
OG0000402	HIMB5_01332	J9YWJ6	97
OG0000403	NP1_00864	A0A6H1Q2D6	98.1
OG0000404	IMCC9063_01187	F2I1E3	94.3
OG0000405	IMCC9063_01367	F2I1W9	95.6
OG0000406	HIMB114_01050	D0RQF9	97
OG0000407	HTCC7211_00385	B6BS08	93.4
OG0000408	LSUCC0530_00024	A0A388PYL8	91.6
OG0000409	HTCC7214_00300	A0A926RF79	90.9
OG0000410	NP1_00309	A0A6H1Q0N1	92.8
OG0000411	IMCC9063_01050	F2I111	94.9
OG0000412	HIMB114_00188	D0RN23	95.6
OG0000413	HIMB1564_01096	A0A3E0QI74	100
OG0000414	HIMB114_00116	D0RRL6	89.5
OG0000415	HIMB1321_01091	A0A1X7H4R6	94.5
OG0000416	HIMB114_00033	D0RRD6	98.3
OG0000417	HTCC7214_01243	B6BPB7	94.7
OG0000418	Uisw_094_00356	Q4FMN7	99.4
OG0000419	HIMB5_00318	J9YUE3	97.3
OG0000420	RS40_00216	A0A1W6BFR3	97.4
OG0000421	HIMB1565_00298	D0RQW7	100
OG0000422	Uisw_116_00337	A0A6H1Q1H1	97.8
OG0000423	IMCC9063_00924	F2I2D5	91
OG0000424	HIMB114_01246	D0RR05	94.8
OG0000425	HTCC1062_00986	Q4FM00	90.9
OG0000426	HIMB5_00644	J9YWH2	98.2
OG0000427	IMCC9063_00024	F2I219	92.3
OG0000428	RS40_00948	A0A1W6BHI4	95.5
OG0000429	LSUCC0530_00849	A0A845SG13	96.5
OG0000430	MKE-138_00141	A0A845S7N8	90.6
OG0000431	LSUCC0530_00287	A0A388PZI7	94.6
OG0000432	HTCC7217_00842	A0A926MGP2	100
OG0000433	IMCC9063_01441	F2I367	94.6
OG0000434	HIMB1662_00464	A0A3E0QCC7	89.1
OG0000435	HIMB1321_00222	A0A1X7GN06	92.5
OG0000436	RS40_01249	A0A1W6BIS3	96.5
OG0000437	LSUCC0530_00379	A0A966HNX1	96.5
OG0000438	HIMB1602_00001	A0A3E0QBP4	96.1
OG0000439	NP1_00221	A0A6H1Q115	95.1
OG0000440	NP1_00159	A0A6H1Q1E7	97.5
OG0000441	RS39_00995	A0A1W6BE34	96.7
OG0000442	RS40_00359	A0A1W6BG03	96
OG0000443	IMCC9063_00701	F2I0G6	86.8
OG0000444	IMCC9063_00665	F2I0C9	96.4
OG0000445	HTCC7211_01529	A0A926MFI0	95.4
OG0000446	IMCC9063_01433	F2I359	97.4
OG0000447	NP1_00616	A0A6H1Q226	95.4
OG0000448	RS40_00693	A0A1W6BGW3	96.4
OG0000449	HIMB5_01339	J9YYS5	100
OG0000450	MKE-138_00440	A0A845RV89	95.9
OG0000451	IMCC9063_00603	F2I438	89
OG0000452	HTCC1002_00186	Q4FLN8	97.1
OG0000453	NP1_00087	A0A6H1Q0F3	96.5
OG0000454	IMCC9063_01344	F2I1U5	95
OG0000455	LSUCC0530_00711	A0A388Q1W0	98.9
OG0000456	HTCC7211_00703	A0A926RFT8	96
OG0000457	HIMB5_00773	J9YX27	93.9
OG0000458	IMCC9063_00469	F2I3H6	97.7
OG0000459	Uisw_114_01074	A0A6H1Q3V8	96.4
OG0000460	HIMB1321_00068	A0A1X7GJU4	96.8
OG0000461	HIMB1527_00182	A0A1X7GJI7	90.8
OG0000462	HIMB1321_00044	A0A1X7GJ69	95.8
OG0000463	NP1_01129	A0A6H1Q4T1	100
OG0000464	HIMB5_01059	J9YW89	94.1
OG0000465	HTCC7211_00224	B6BRL0	95.6
OG0000466	RS40_00692	A0A1W6BGR0	95.2
OG0000467	MKE-138_00438	A0A4P5SLA0	91.3
OG0000468	HIMB114_00693	D0RPG3	96.3
OG0000469	NP1_00114	A0A6H1Q0E9	95.7
OG0000470	HIMB114_00412	D0RNN9	98
OG0000471	HTCC7211_00953	B6BPD6	96.1
OG0000472	HIMB114_01302	D0RR61	95.1
OG0000473	HIMB5_00514	J9YUV7	96.3
OG0000474	HIMB1321_00613	A0A1X7GWI9	96.2
OG0000475	Uisw_114_00884	A0A6H1Q027	99.4
OG0000476	HIMB1321_00419	A0A1X7GTS9	94.8
OG0000477	LSUCC0530_00677	A0A388Q188	99.2
OG0000478	HIMB114_00579	D0RP49	94.8
OG0000479	HIMB1321_00579	A0A1X7GX08	93.4
OG0000480	RS39_00744	A0A1W6BDA4	97.8
OG0000481	HTCC7211_01470	B6BQR4	97.1
OG0000482	HIMB4_01237	A0A1X7GLL3	95.1
OG0000483	Uisw_121_01213	A0A6H1Q336	96.6
OG0000484	HTCC1062_00597	Q4FN34	95.9
OG0000485	HTCC1002_00676	Q4FN28	98.8
OG0000486	RS39_00392	A0A1W6BCK7	100
OG0000487	HIMB114_01128	D0RQN6	96.2
OG0000488	HTCC1040_00244	Q1V1G1	95.5
OG0000489	HTCC1002_00873	Q1V1G6	89
OG0000490	HIMB1782_00768	A0A3E0QB07	100
OG0000491	HIMB114_00958	D0RQ69	100
OG0000492	HIMB1321_00646	A0A1X7GX26	89.6
OG0000493	RS40_01310	A0A1W6BIP1	93.2
OG0000494	HIMB114_00413	D0RNP0	95
OG0000495	HIMB1321_00658	A0A1X7GYA9	95.8
OG0000496	HIMB1835_00409	A0A1X7GXW5	94.2
OG0000497	HIMB2305_00377	A0A1W6BIU4	99.3
OG0000498	RS40_01326	A0A1W6BIL5	92
OG0000499	HTCC1040_00967	Q1UZH2	95
OG0000500	HTCC1002_01003	Q1V136	98.5
OG0000501	IMCC9063_00467	F2I3H4	91.2
OG0000502	HIMB4_01032	A0A1X7GR95	86.4
OG0000503	Uisw_121_00796	A0A9D7WSI4	100
OG0000504	HTCC1062_00193	Q4FP74	99.2
OG0000505	HIMB1492_01308	A0A926N879	98.6
OG0000506	HIMB114_00601	D0RP71	95.2
OG0000507	Uisw_121_00661	A0A6H1Q1U7	94.2
OG0000508	HIMB1321_00109	A0A1X7GKS2	95.3
OG0000509	HIMB114_00108	M3SGL5	92.8
OG0000510	LSUCC0530_00966	A0A388PZN1	94.8
OG0000511	HIMB114_00815	D0RPT3	96.6
OG0000512	NP1_00917	A0A6H1Q4L2	97.4
OG0000513	HTCC1002_00820	Q1V1L7	93.6
OG0000514	Uisw_137_00582	Q1UZE0	92.9
OG0000515	NP1_00102	A0A6H1Q0Q6	92.3
OG0000516	HTCC1013_00191	Q4FMN5	95.6
OG0000517	NP1_00128	A0A6H1Q1B7	91.9
OG0000518	HIMB114_00353	D0RNI6	96.3
OG0000519	RS40_00502	A0A1W6BG58	93.4
OG0000520	RS40_00554	A0A1W6BGB1	94.7
OG0000521	HIMB5_00574	J9YWI4	93.8
OG0000522	HIMB114_00515	D0RNY9	97.4
OG0000523	HIMB114_00474	D0RNV0	96.3
OG0000524	RS40_00362	A0A1W6BG07	94.9
OG0000525	Uisw_116_01140	A0A6H1Q2Y1	97.5
OG0000526	LSUCC0530_00911	A0A845SC44	95.5
OG0000527	HIMB114_01126	D0RQN4	95.9
OG0000528	NP1_00092	A0A6H1Q0P6	98.2
OG0000529	HIMB2304_00312	A0A920TPN2	100
OG0000530	HIMB1565_00373	D0RR42	100
OG0000531	HIMB114_00287	D0RNC2	97.7
OG0000532	LSUCC0530_00763	A0A845SBR6	90.1
OG0000533	IMCC9063_00169	F2I3B3	92.7
OG0000534	NP1_01421	A0A6H1Q589	96.4
OG0000535	HIMB2304_00952	A0A926MKQ4	100
OG0000536	HTCC1062_01010	Q4FLX7	100
OG0000537	HIMB1456_00661	A0A920TQB2	94.2
OG0000538	HIMB1321_00019	A0A1X7GJ73	96.6
OG0000539	HIMB114_01119	D0RQM7	93.1
OG0000540	IMCC9063_00358	F2I067	90.2
OG0000541	LSUCC0530_01243	A0A388Q071	93.3
OG0000542	HIMB114_00038	D0RRE1	96.7
OG0000543	IMCC9063_01202	F2I1F8	99.1
OG0000544	Uisw_137_00554	Q4FLL7	93.8
OG0000545	ME-17_00669	A0A9E5LSM0	89.3
OG0000546	HIMB5_00436	J9YW57	99.7
OG0000547	HIMB1430_00748	A0A3E0QCS1	99.1
OG0000548	HTCC7211_01184	A0A926RG52	92.9
OG0000549	IMCC9063_01062	F2I123	94
OG0000550	HIMB5_00590	J9YWM5	97.8
OG0000551	IMCC9063_01157	F2I1B2	90
OG0000552	HIMB1549_00956	A0A1X7H306	96.3
OG0000553	HIMB109_00521	A0A520TEN9	97.3
OG0000554	RS40_00430	A0A1W6BG61	96.2
OG0000555	RS40_00916	A0A1W6BHH0	92.7
OG0000556	MKE-138_00514	A0A4P5SM92	93.8
OG0000557	HTCC7211_00200	B6BRI6	94.8
OG0000558	IMCC9063_00944	F2I2F5	96.6
OG0000559	HIMB114_00414	D0RNP1	91.1
OG0000560	HIMB114_01218	D0RQX7	97.5
OG0000561	HIMB2187_00196	A0A1W6BDP3	96.5
OG0000562	IMCC9063_00916	F2I0V6	96.5
OG0000563	NP1_00058	A0A6H1Q0L5	95.5
OG0000564	HTCC7211_00828	B6BT70	98.9
OG0000565	HIMB114_00310	D0RNE3	92.4
OG0000566	IMCC9063_00298	F2I005	100
OG0000567	HIMB114_01238	D0RQZ7	95.3
OG0000568	NP1_01049	A0A6H1Q2L5	96.4
OG0000569	LSUCC0530_00452	A0A388PYF5	96.3
OG0000570	HIMB114_00562	D0RP32	91.6
OG0000571	HTCC7211_01482	B6BQS6	94.5
OG0000572	ME-33_00476	A0A4V0X2V7	99.6
OG0000573	RS40_00829	A0A1W6BH53	97.7
OG0000574	IMCC9063_00420	F2I2Y9	96.9
OG0000575	HIMB2305_01254	A0A1W6BII1	98
OG0000576	HIMB114_00669	D0RPD9	95.4
OG0000577	LSUCC0723_01120	A0A520TCV6	100
OG0000578	HIMB5_00808	J9YX74	99.6
OG0000579	IMCC9063_00305	F2I012	96.1
OG0000580	HIMB1559_01270	A0A3E0QCK3	92.3
OG0000581	HTCC1013_00970	Q1UZH7	94.3
OG0000582	RS40_01344	A0A1W6BIC2	93.4
OG0000583	LSUCC0530_00857	A0A966HJT5	90.3
OG0000584	HIMB5_01142	J9YY55	95.3
OG0000585	IMCC9063_00422	F2I2Z1	93.6
OG0000586	RS40_01300	A0A1W6BIN1	97.9
OG0000587	IMCC9063_01233	F2I1I9	95.2
OG0000588	HIMB114_00734	D0RPK4	97.4
OG0000589	ME-31_01078	A0A845SBF6	95.8
OG0000590	Uisw_092_00072	A0A0R2V274	91.8
OG0000591	HTCC7211_00581	B6BSI7	95.6
OG0000592	HTCC1002_00622	Q4FMX5	99.6
OG0000593	HTCC7211_00406	B6BS29	98.8
OG0000594	LSUCC0530_00009	A0A845SAF8	97.6
OG0000595	IMCC9063_00316	F2I023	96.7
OG0000596	LSUCC0530_00352	A0A388Q2Z4	96.2
OG0000597	Uisw_114_00628	Q1V2T5	99.6
OG0000598	IMCC9063_01027	F2I0Y7	96.1
OG0000599	RS40_00059	A0A1W6BF07	94.5
OG0000600	HIMB114_00829	D0RPU7	93.1
OG0000601	HIMB114_00832	D0RPV0	93.4
OG0000602	IMCC9063_00756	F2I0M0	94
OG0000603	HIMB5_00164	J9YVD2	93.6
OG0000604	HIMB5_01040	A0A3E0QKS0	94.4
OG0000605	HTCC7217_01136	B6BRP7	100
OG0000606	HIMB5_01361	J9YX48	100
OG0000607	IMCC9063_00363	F2I072	96.7
OG0000608	HIMB5_01310	J9YYC2	96.1
OG0000609	IMCC9063_00525	F2I3N1	94
OG0000610	NP1_00101	A0A6H1Q1Z5	96.6
OG0000611	HTCC1013_00951	A0A6H1Q034	95.9
OG0000612	HIMB1520_00077	A0A3E0QMQ0	90.7
OG0000613	RS40_00141	A0A1W6BFC8	96.5
OG0000614	LSUCC0530_00429	A0A388PYG3	94.7
OG0000615	HIMB5_00544	J9YWF3	98.4
OG0000616	HTCC1013_00810	Q1UZ24	98.1
OG0000617	HTCC1002_00300	Q1UZ38	95
OG0000618	NP1_00195	A0A6H1Q1V7	95
OG0000619	HTCC7211_00995	A0A926MG18	96.1
OG0000620	HIMB5_00312	J9YVP9	94.4
OG0000621	HTCC7211_00556	B6BSG4	96.6
OG0000622	IMCC9063_00753	F2I0L7	99.4
OG0000623	HIMB1321_00077	A0A1X7GLG8	97.2
OG0000624	IMCC9063_00726	F2I0J1	96.8
OG0000625	IMCC9063_00596	F2I432	96.5
OG0000626	HIMB114_00754	D0RPM3	94.5
OG0000627	NP1_00956	A0A6H1Q2M2	96
OG0000628	HIMB1321_01226	A0A1X7H6B3	99.4
OG0000629	HIMB2305_01248	A0A1C2AZU2	93.9
OG0000630	Uisw_114_00442	Q1V2E7	99.8
OG0000631	HTCC7211_00294	A0A926MH96	98.9
OG0000632	Uisw_114_00303	Q1V252	92.6
OG0000633	NP1_00276	A0A6H1Q0U3	94.7
OG0000634	HIMB114_00505	D0RNX9	96.5
OG0000635	HTCC1062_00086	Q4FPI2	92.7
OG0000636	HIMB114_01146	D0RQQ4	95.1
OG0000637	HTCC1062_00457	Q4FNG4	94.2
OG0000638	HIMB114_00720	D0RPJ0	94.8
OG0000639	HIMB114_00762	D0RPN1	94.2
OG0000640	HIMB1527_00757	A0A966Y8Q6	97.2
OG0000641	IMCC9063_00561	F2I3Z7	96.8
OG0000642	HIMB114_00610	D0RP80	99.3
OG0000643	IMCC9063_01033	F2I0Z4	91.7
OG0000644	IMCC9063_01059	F2I120	87.8
OG0000645	Uisw_121_00695	A0A6H1Q0K9	96.7
OG0000646	HIMB109_01036	D0RPB3	97.1
OG0000647	HIMB1321_01070	A0A1X7H527	95.4
OG0000648	RS39_00125	A0A1W6BBW2	93.8
OG0000649	RS40_00716	A0A1W6BIS5	99.8
OG0000650	HTCC7211_00912	A0A926MG88	92.5
OG0000651	HIMB114_00704	D0RPH4	95.6
OG0000652	IMCC9063_01275	F2I1M5	94.4
OG0000653	HIMB1321_00317	A0A1X7GQU1	100
OG0000654	NP1_00157	A0A6H1Q0I7	95.9
OG0000655	RS39_01060	A0A1W6BE98	93.9
OG0000656	IMCC9063_00667	F2I0D1	95.7
OG0000657	Uisw_114_00142	Q4FNA0	95.9
OG0000658	HIMB114_00670	D0RPE0	94.2
OG0000659	RS40_00143	A0A1W6BJ15	93.5
OG0000660	HIMB1456_00411	A0A920NXI1	89.1
OG0000661	RS40_00877	A0A1W6BH89	96
OG0000662	NP1_00062	A0A6H1Q161	99.6
OG0000663	RS40_00516	A0A1W6BGC3	92.2
OG0000664	HIMB1490_01436	A0A926MJD7	94.7
OG0000665	HIMB114_00264	D0RN99	100
OG0000666	HIMB114_00593	D0RP63	90.3
OG0000667	HTCC1062_00914	Q4FM70	95
OG0000668	HTCC7211_01046	B6BPL9	92.8
OG0000669	HIMB114_00492	D0RNW8	97.1
OG0000670	HIMB114_00463	D0RNT9	95.6
OG0000671	RS40_00994	A0A1W6BHP5	99.5
OG0000672	HIMB5_00303	J9YUC7	94.9
OG0000673	IMCC9063_00732	F2I0J7	93
OG0000674	RS40_00459	A0A1W6BG15	94.8
OG0000675	NP1_00734	A0A6H1Q1S3	97.5
OG0000676	RS39_00051	A0A1W6BBN3	98.2
OG0000677	HTCC1062_00360	Q4FNQ8	93.1
OG0000678	HIMB1490_01295	A0A3E0QDE3	97.1
OG0000679	IMCC9063_00526	F2I3N2	95.9
OG0000680	RS40_01304	A0A1W6BIA3	89.4
OG0000681	RS40_00217	A0A1W6BFF1	96.4
OG0000682	HIMB1492_00306	B6BPY4	100
OG0000683	HIMB1527_00993	A0A1X7GUY6	95.1
OG0000684	HTCC7211_00967	B6BPE9	98.6
OG0000685	NP1_01165	A0A6H1Q3B6	95.2
OG0000686	IMCC9063_00399	F2I2W8	93.6
OG0000687	LSUCC0723_01319	A0A2E1LNV3	94.4
OG0000688	RS39_01222	A0A1W6BEQ4	96.6
OG0000689	HIMB5_01168	J9YY74	93.3
OG0000690	IMCC9063_01063	F2I124	93.8
OG0000691	HIMB1321_00543	A0A1X7GVL4	94.9
OG0000692	RS40_01396	A0A1W6BIU2	97.8
OG0000693	HIMB114_00486	D0RNW2	94.6
OG0000694	RS39_00751	A0A1W6BDH3	95.2
OG0000695	RS39_01142	A0A1W6BEJ8	98.2
OG0000696	Uisw_106_01181	A0A6H1Q2W4	96.3
OG0000697	LSUCC0530_00192	A0A966HK19	92.5
OG0000698	HTCC1062_00318	Q1V175	97.1
OG0000699	HTCC1062_01146	Q4FLJ9	100
OG0000700	HIMB114_01226	M3U9A2	93.5
OG0000701	NP1_00262	A0A6H1Q0S7	94.7
OG0000702	RS40_01401	A0A1W6BII9	98
OG0000703	HIMB114_00523	D0RNZ7	98.3
OG0000704	IMCC9063_00956	F2I2G7	94.9
OG0000705	HIMB114_00943	D0RQ54	93.2
OG0000706	HIMB114_00390	D0RNL7	92.1
OG0000707	HIMB1321_00229	A0A1X7GNE3	97.3
OG0000708	IMCC9063_01363	F2I1W5	92.3
OG0000709	HIMB058_01172	A0A2D5G8C0	96.2
OG0000710	HIMB5_00552	J9YUZ0	92.6
OG0000711	Uisw_121_00606	Q1UZ34	97.1
OG0000712	HIMB1321_00542	A0A1X7GVG0	96.9
OG0000713	HIMB1437_01072	A0A920DH81	98.6
OG0000714	NP1_01303	A0A6H1Q4I5	100
OG0000715	IMCC9063_01254	F2I1K6	89.8
OG0000716	HTCC1062_00865	Q4FMB6	90.7
OG0000717	IMCC9063_00936	F2I2E7	97.3
OG0000718	NP1_00511	A0A6H1Q337	95.1
OG0000719	HIMB5_00973	J9YXS6	92
OG0000720	RS40_00334	A0A1W6BG19	96.2
OG0000721	IMCC9063_01024	F2I0Y4	93.8
OG0000722	LSUCC0723_00274	A0A2E1LPE9	97
OG0000723	HTCC7214_01126	B6BPM5	93.4
OG0000724	IMCC9063_01454	F2I380	93.6
OG0000725	HIMB1492_01136	A0A926MMX8	99.7
OG0000726	IMCC9063_00715	F2I0I0	96.3
OG0000727	HIMB5_01172	J9YY76	98.2
OG0000728	HTCC1062_00527	Q4FN99	91.5
OG0000729	NP1_00845	A0A6H1Q223	93.9
OG0000730	IMCC9063_00286	F2I3W0	91.7
OG0000731	HIMB5_00801	J9YVK8	95.3
OG0000732	HTCC1013_00969	Q4FLK9	93.8
OG0000733	IMCC9063_01450	F2I376	92
OG0000734	HIMB5_00962	J9YVI7	95.5
OG0000735	HIMB114_00019	D0RRC2	98.1
OG0000736	RS40_00049	A0A1W6BF93	97.9
OG0000737	HIMB114_00558	D0RP28	93.8
OG0000738	HIMB2305_01335	A0A1W6BIT8	95.2
OG0000739	HTCC1062_00114	Q4FPF4	95.4
OG0000740	IMCC9063_00362	F2I071	94
OG0000741	HIMB1662_00434	A0A3E0QDF5	96.6
OG0000742	IMCC9063_01200	F2I1F6	94.6
OG0000743	RS40_00317	A0A1W6BFN3	93.3
OG0000744	IMCC9063_00928	F2I2D9	90.4
OG0000745	RS40_00612	A0A1W6BGQ6	97.3
OG0000746	HTCC1002_00489	Q1V2I8	96.7
OG0000747	IMCC9063_01103	F2I161	88.7
OG0000748	HIMB114_00435	M3UUT7	94.8
OG0000749	HIMB2304_00017	A0A920TP98	98.1
OG0000750	HIMB1321_00778	A0A1X7H0A4	94.7
OG0000751	RS40_01257	A0A1W6BIB7	95.5
OG0000752	LSUCC0530_00017	A0A388PXY3	97.2
OG0000753	HIMB1412_01052	J9YX44	87.7
OG0000754	NP1_00291	A0A6H1Q0Y5	91.9
OG0000755	IMCC9063_01080	F2I140	95.3
OG0000756	RS39_00052	A0A3D8UNV0	100
OG0000757	RS39_00056	A0A1W6BBP6	97.6
OG0000758	RS39_00786	A0A1W6BDB8	93.8
OG0000759	NP1_00073	A0A6H1Q295	96.9
OG0000760	HIMB114_00363	D0RNJ6	94.2
OG0000761	HIMB114_01315	D0RR75	98.4
OG0000762	HIMB114_00850	D0RPW7	91.7
OG0000763	HIMB114_00570	D0RP40	96.8
OG0000764	Uisw_121_00573	A0A6H1Q0S5	90.9
OG0000765	HIMB114_00537	D0RP10	97
OG0000766	IMCC9063_01119	F2I176	97.4
OG0000767	IMCC9063_00693	F2I0F8	92.3
OG0000768	MKE-138_00928	A0A845S7V9	93.1
OG0000769	IMCC9063_00619	F2I087	96.8
OG0000770	IMCC9063_01098	F2I156	96.5
OG0000771	RS39_00697	A0A1W6BDE6	91.1
OG0000772	LSUCC0530_00542	A0A845RZR6	98.7
OG0000773	HIMB114_00750	D0RPL9	95.2
OG0000774	HTCC7211_00175	B6BRG2	100
OG0000775	NP1_00229	A0A6H1Q0P8	93.2
OG0000776	RS39_00702	A0A1W6BDD7	97.1
OG0000777	HTCC1062_01031	Q4FLV8	90.6
OG0000778	RS39_01226	A0A1W6BEU0	95.5
OG0000779	IMCC9063_01267	F2I1L7	94.7
OG0000780	HTCC7211_01267	B6BQ68	95.6
OG0000781	HIMB1321_00604	A0A1X7GWZ5	95.2
OG0000782	HIMB114_00175	D0RN10	95.4
OG0000783	HTCC7211_01522	B6BQW0	91.5
OG0000784	HIMB1565_00219	A0A2E1LNR9	100
OG0000785	RS40_01261	A0A1W6BIF0	96.3
OG0000786	HTCC7211_00715	A0A926MFH3	97.9
OG0000787	NP1_00329	A0A6H1Q0N7	97.7
OG0000788	HTCC7211_00972	B6BPF4	98
OG0000789	HTCC1002_01159	Q1V0M9	98.6
OG0000790	HIMB1427_01326	J9YV69	93.7
OG0000791	RS40_00468	A0A1W6BGD0	92.5
OG0000792	HIMB114_00077	D0RRH6	96.2
OG0000793	HIMB114_00058	D0RRG0	94.2
OG0000794	ME-20_00399	A0A845RXR7	92.3
OG0000795	LSUCC0530_00741	A0A388PXV5	94.9
OG0000796	RS40_01260	A0A1W6BIC1	95.9
OG0000797	IMCC9063_00825	F2I2B0	97.9
OG0000798	NP1_00303	A0A6H1Q100	90.3
OG0000799	IMCC9063_01094	F2I152	97.5
OG0000800	HIMB1321_00562	A0A1X7GXJ3	95.8
OG0000801	IMCC9063_01170	F2I1C6	97.7
OG0000802	Uisw_090_00298	A0A6H1Q3K9	99.2
OG0000803	RS40_00942	A0A1W6BHJ5	92.8
OG0000804	HTCC7211_00516	B6BSC9	91.9
OG0000805	HTCC7211_01528	A0A926MH58	94.7
OG0000806	RS40_00606	A0A1W6BGP1	93.9
OG0000807	NP1_00177	A0A6H1Q0X7	91.9
OG0000808	IMCC9063_01314	F2I1R5	100
OG0000809	Uisw_099_02_00937	Q1V276	100
OG0000810	LSUCC0530_00523	A0A388PY96	93.3
OG0000811	RS40_00241	A0A1W6BFR4	91.2
OG0000812	HIMB114_00559	D0RP29	92.2
OG0000813	HTCC7211_00540	B6BSF0	95.4
OG0000814	HTCC7211_01559	B6BQZ1	97.9
OG0000815	RS40_00321	A0A1W6BFU1	96.6
OG0000816	HIMB5_00481	J9YW96	97.2
OG0000817	NP1_01429	A0A6H1Q4V2	91.5
OG0000818	HIMB114_01202	D0RQW1	95.8
OG0000819	HIMB1520_00139	A0A3E0QA99	94.8
OG0000820	HIMB114_00454	D0RNT1	94.9
OG0000821	IMCC9063_01175	F2I1D1	96.5
OG0000822	HIMB114_00286	D0RNC1	100
OG0000823	NP1_00375	A0A6H1Q1F1	97.4
OG0000824	HIMB5_00917	J9YVF7	96.6
OG0000825	RS39_00757	A0A1W6BDD8	96.7
OG0000826	HTCC1002_00775	Q1V1Q8	94.2
OG0000827	Uisw_094_00123	Q6SHJ1	97
OG0000828	HIMB1520_00334	J9YWF4	100
OG0000829	HTCC7211_00769	B6BT11	98
OG0000830	HTCC7211_00982	B6BPG3	92.8
OG0000831	IMCC9063_00347	F2I055	99.1
OG0000832	RS40_00954	A0A1W6BHN7	87.9
OG0000833	HIMB114_00399	D0RNM6	92.9
OG0000834	HTCC1013_01178	Q1V067	95.9
OG0000835	HIMB5_00381	J9YW56	95.3
OG0000836	HTCC7211_01145	B6BPV9	94
OG0000837	HIMB1565_01001	A0A520TB25	96.5
OG0000838	HIMB5_00696	J9YWV2	95.1
OG0000839	ME-33_00192	A0A966HNW7	92.5
OG0000840	HIMB5_01115	J9YXQ4	96.5
OG0000841	HTCC1002_00285	Q1UZ52	96.8
OG0000842	RS40_01392	A0A1W6BIS2	98.6
OG0000843	NP1_00608	A0A6H1Q1Q0	100
OG0000844	RS39_00425	A0A1W6BCP7	92.6
OG0000845	HTCC1002_00603	Q1V273	98.4
OG0000846	LSUCC0530_00558	A0A845S6W7	98.4
OG0000847	HTCC1062_01002	Q4FLY5	95.6
OG0000848	HIMB5_00203	J9YU47	96.4
OG0000849	RS40_01405	A0A1W6BIW9	93
OG0000850	HTCC1002_00236	Q1UZ98	96
OG0000851	HIMB114_00751	D0RPM0	95
OG0000852	HIMB1602_00999	A0A3E0QAQ2	98.8
OG0000853	RS40_00124	A0A1W6BFI0	97.8
OG0000854	NP1_00035	A0A6H1Q1T0	100
OG0000855	HTCC1002_01140	Q1V0P8	96.8
OG0000856	HIMB114_00540	D0RP13	96.1
OG0000857	HTCC7211_01027	B6BPK2	95.1
OG0000858	RS40_01394	A0A1W6BIR8	95.2
OG0000859	RS39_01199	A0A1W6BEQ5	96.2
OG0000860	HIMB1321_00853	A0A1X7H0T2	95.4
OG0000861	RS40_00243	A0A1W6BFN8	90.4
OG0000862	NP1_00249	A0A6H1Q0R7	97.6
OG0000863	IMCC9063_01077	F2I137	98.2
OG0000864	IMCC9063_00671	F2I0D5	100
OG0000865	IMCC9063_00063	F2I2L7	99.9
OG0000866	HTCC7211_01502	B6BQU2	92.5
OG0000867	HIMB2304_00031	A0A920TPR7	97.3
OG0000868	HTCC1002_00444	Q4FMD6	100
OG0000869	NP1_00392	A0A6H1Q0V0	89.9
OG0000870	HIMB114_00501	D0RNX6	94.2
OG0000871	RS40_00810	A0A1W6BH80	93.6
OG0000872	HTCC7211_01220	B6BQ25	97
OG0000873	HTCC1062_00682	Q4FMU9	98.3
OG0000874	NP1_01447	A0A6H1Q3N8	99.5
OG0000875	Uisw_134_02_00968	A0A6H1Q197	91.9
OG0000876	HIMB114_00557	D0RP27	93.2
OG0000877	HIMB5_00509	J9YUV2	94.8
OG0000878	HIMB4_00420	A0A966Y919	98.5
OG0000879	RS39_00558	A0A1W6BD35	99.1
OG0000880	IMCC9063_00289	F2I3W3	98.2
OG0000881	HIMB5_00889	J9YXG0	100
OG0000882	HTCC1062_00708	Q4FMS3	96.8
OG0000883	IMCC9063_00192	F2I3D7	100
OG0000884	HTCC1062_00819	Q4FMG2	94.9
OG0000885	HIMB1863_00559	A0A1W6BDH7	100
OG0000886	HIMB1321_00160	A0A1X7GLJ0	92
OG0000887	NP1_01406	A0A6H1Q3U4	99.7
OG0000888	HIMB5_01014	J9YXT6	93.5
OG0000889	HTCC7211_00123	A0A926RFR2	90.2
OG0000890	HTCC7211_01230	A0A926MGJ7	85.2
OG0000891	HTCC1040_01180	Q1V059	95.3
OG0000892	IMCC9063_00757	F2I0M1	92.8
OG0000893	HTCC7217_00530	B6BQ18	98.3
OG0000894	IMCC9063_00823	F2I2A8	99.2
OG0000895	HTCC7211_01280	B6BQ80	98.6
OG0000896	LSUCC0664_00515	A0A937KZ62	96.9
OG0000897	HTCC1040_01182	Q1V061	98.2
OG0000898	RS39_00364	A0A1W6BC89	86.7
OG0000899	HTCC1062_00816	Q4FMG5	96.7
OG0000900	HIMB1321_00184	A0A1X7GMD9	95
OG0000901	Uisw_090_01087	A0A926MSJ3	93
OG0000902	RS39_00720	A0A1W6BDG7	94.6
OG0000903	ME-33_00835	A0A845S094	88.4
OG0000904	HIMB4_00271	A0A1X7H4I6	88.7
OG0000905	IMCC9063_00268	F2I3U2	97.3
OG0000906	IMCC9063_00986	F2I2J7	95.9
OG0000907	HTCC1002_01406	Q1UZY3	94.2
OG0000908	HTCC7211_01147	B6BPW1	93.4
OG0000909	HIMB5_00582	J9YV14	92.8
OG0000910	HIMB114_00695	D0RPG5	91.9
OG0000911	RS40_01100	A0A1W6BHW1	96.7
OG0000912	HTCC1002_00372	Q1V2V4	95.9
OG0000913	RS40_00308	A0A1W6BFS8	97.7
OG0000914	Uisw_121_00291	A0A6H1Q1L9	100
OG0000915	NP1_01336	A0A6H1Q3R9	99.9
OG0000916	HIMB1492_01061	A0A6H1Q5U5	100
OG0000917	RS40_01045	A0A1W6BHR9	95.7
OG0000918	RS40_00312	A0A1W6BIQ5	97.3
OG0000919	RS40_01054	A0A1W6BHL1	92.9
OG0000920	RS40_00670	A0A1W6BGN9	92.2
OG0000921	LSUCC0723_00828	A0A2E1LMP4	96.5
OG0000922	HIMB5_00891	J9YVW0	92
OG0000923	RS39_00454	A0A1W6BCQ9	99.3
OG0000924	HIMB1321_00589	A0A1X7GWN8	97.2
OG0000925	HTCC1062_00050	Q4FPP8	95.1
OG0000926	NP1_01401	A0A6H1Q571	91.3
OG0000927	LSUCC0530_00535	A0A388PY40	97
OG0000928	HIMB5_00503	J9YW46	99
OG0000929	HIMB1321_00302	A0A1X7GQD9	99
OG0000930	IMCC9063_00686	F2I0F1	97.6
OG0000931	HIMB114_00298	D0RND2	97.9
OG0000932	HIMB1463_00020	A0A3E0QGI6	100
OG0000933	IMCC9063_00805	F2I289	96.6
OG0000934	HIMB5_00978	J9YXS9	95.8
OG0000935	NP1_00562	A0A6H1Q1K5	96.6
OG0000936	HTCC7211_00419	B6BS42	94.6
OG0000937	Uisw_121_01099	Q4FPP3	96.3
OG0000938	RS40_01440	A0A1W6BIL4	94.1
OG0000939	HIMB114_00249	D0RN85	89.4
OG0000940	IMCC9063_00675	F2I0D9	96.4
OG0000941	Uisw_090_00249	A0A6H1Q2G9	98.7
OG0000942	IMCC9063_01279	F2I1M9	97.9
OG0000943	LSUCC0530_00577	A0A9E5H7W4	93.5
OG0000944	HIMB114_01252	M3UWT5	89.5
OG0000945	RS40_01336	A0A2D8JCJ4	98.6
OG0000946	HIMB1321_00372	A0A1X7GRZ9	93.7
OG0000947	HIMB1549_00178	A0A1X7H1L0	100
OG0000948	IMCC9063_01376	F2I1X8	96.9
OG0000949	IMCC9063_01331	F2I1T2	93.3
OG0000950	HTCC7211_00614	B6BSL6	99.7
OG0000951	IMCC9063_01074	F2I135	94.2
OG0000952	Uisw_134_02_00997	A0A6H1Q3B9	95
OG0000953	HTCC7211_00750	B6BSZ5	95.8
OG0000954	HTCC1002_00412	Q1V2R7	96
OG0000955	RS39_01000	A0A1W6BDY1	93.5
OG0000956	HTCC7211_00766	B6BT08	97.7
OG0000957	IMCC9063_00243	F2I3R7	100
OG0000958	HTCC1002_01298	Q1V093	94.2
OG0000959	HIMB1321_00725	A0A1X7GYF7	95.4
OG0000960	Uisw_114_01398	A0A9E1JCQ1	95.5
OG0000961	HIMB5_00378	J9YUL4	97.7
OG0000962	RS39_00631	A0A1W6BCX6	95.3
OG0000963	HTCC1013_00261	Q4FMV6	100
OG0000964	IMCC9063_00988	F2I2J9	94.8
OG0000965	HTCC7211_01030	B6BPK5	94.7
OG0000966	Uisw_106_00464	A0A6H1Q0V9	96
OG0000967	RS39_00964	A0A1W6BE01	93.1
OG0000968	LSUCC0530_00510	A0A388Q1V0	94.9
OG0000969	HIMB1409_00568	A0A920NYL6	93.4
OG0000970	RS40_00088	A0A1W6BFE6	100
OG0000971	HIMB2305_00931	A0A1W6BJ24	91.6
OG0000972	LSUCC0530_00936	A0A845S7M2	93.3
OG0000973	HIMB1321_00386	A0A1X7GTP9	100
OG0000974	HIMB1835_00351	A0A1W6BE48	97.5
OG0000975	HTCC7211_01347	B6BQE4	96.4
OG0000976	HIMB5_00959	J9YXN8	99
OG0000977	MiE-29_00078	A0A4P5TCP5	97.8
OG0000978	RS40_01050	A0A1W6BHZ6	98
OG0000979	HIMB5_00122	J9YV20	98.4
OG0000980	RS40_00185	A0A1W6BFB4	97.2
OG0000981	HIMB1321_00523	A0A1X7GVE2	91.7
OG0000982	HTCC7211_01087	A0A926REP7	96.1
OG0000983	HIMB5_00064	J9YV36	94.9
OG0000984	HIMB5_00330	J9YVS6	95
OG0000985	HTCC7211_01102	B6BPS0	98.9
OG0000986	Uisw_116_00919	A0A6H1Q560	100
OG0000987	RS40_00092	A0A1W6BF35	98.7
OG0000988	IMCC9063_01022	F2I0Y2	95.3
OG0000989	HIMB1321_01099	A0A1X7H5A1	98.5
OG0000990	RS39_00965	A0A1W6BE33	94.2
OG0000991	HIMB109_00385	D0RNE6	95.8
OG0000992	HTCC1062_01251	Q4FL95	94.9
OG0000993	HTCC7214_00557	B6BRA5	90.5
OG0000994	HTCC7211_01328	B6BQC6	100
OG0000995	HIMB1492_00403	B6BQL3	93.7
OG0000996	HIMB1564_00274	A0A3E0QGC2	92.6
OG0000997	HIMB114_00975	D0RQ86	93.3
OG0000998	HTCC7211_01144	B6BPV8	88.1
OG0000999	HTCC1062_01292	Q4FL54	92
OG0001000	RS39_00621	A0A1W6BCX1	95.6
OG0001001	HIMB1321_00838	A0A1X7H108	97.3
OG0001002	IMCC9063_00198	F2I3E4	92.2
OG0001003	NP1_00668	A0A6H1Q3H9	98.5
OG0001004	HTCC7211_01092	B6BPR0	95.6
OG0001005	IMCC9063_00200	F2I3E6	96.4
OG0001006	HIMB2250_01309	A0A920NZZ9	100
OG0001007	HTCC7211_00585	B6BSJ0	98.9
OG0001008	RS40_00136	A0A1W6BF77	94.7
OG0001009	IMCC9063_01329	F2I1T0	96.8
OG0001010	HIMB1527_00966	A0A966IX18	91.3
OG0001011	RS39_00857	A0A1W6BDQ8	98.1
OG0001012	HIMB1321_00336	A0A1X7GR31	97.3
OG0001013	HTCC1002_00790	Q1V1P3	90.3
OG0001014	HIMB2226_01130	A0A926M1N2	99.3
OG0001015	HIMB1602_00600	A0A1W6BEW8	94.2
OG0001016	NP1_00020	A0A6H1Q121	96.3
OG0001017	IMCC9063_00621	F2I088	99.8
OG0001018	HIMB4_01073	A0A1X7GRT1	95.3
OG0001019	HTCC1013_00096	Q1V2N1	95
OG0001020	IMCC9063_00019	F2I214	93.8
OG0001021	HIMB114_01327	M3SKH5	93.3
OG0001022	HTCC1002_01395	Q1UZZ4	99.9
OG0001023	IMCC9063_01312	F2I1R3	100
OG0001024	HTCC7211_00227	B6BRL3	96.9
OG0001025	Uisw_121_00926	Q1V002	99
OG0001026	HIMB1321_00877	A0A1X7H1J8	99.8
OG0001027	Uisw_099_02_00567	A0A6H1Q1M7	92.1
OG0001028	HTCC1002_01022	Q1V117	89.9
OG0001029	HTCC1013_00060	Q1V2S3	94.2
OG0001030	HIMB2305_01123	A0A1W6BFI7	97.2
OG0001031	Uisw_090_00459	Q1UZX5	98.7
OG0001032	RS40_00495	A0A1W6BGE0	91.7
OG0001033	RS39_01094	A0A1W6BEG9	93.9
OG0001034	RS39_00487	A0A1W6BCV8	100
OG0001035	RS39_00756	A0A1W6BDJ0	94
OG0001036	HTCC7211_00685	A0A926MF76	93
OG0001037	Uisw_090_00463	Q1UZX3	96
OG0001038	RS40_01114	A0A1W6BI40	95.9
OG0001039	ME-33_00007	A0A388PYK0	98.7
OG0001040	HTCC7211_01329	B6BQC7	99.2
OG0001041	RS40_00257	A0A1W6BFU8	98.3
OG0001042	RS39_00004	A0A1W6BBD3	98.3
OG0001043	RS40_00485	A0A1W6BG98	99.5
OG0001044	NP1_01341	A0A6H1Q5G0	96.6
OG0001045	IMCC9063_00042	F2I235	90.9
OG0001046	HTCC7211_01084	A0A926MHV4	98.6
OG0001047	HTCC1040_00675	Q4FMF3	100
OG0001048	HTCC1013_01125	Q1V014	97
OG0001049	HTCC1002_01304	Q1V087	95.7
OG0001050	HIMB1556_01498	A0A965F867	100
OG0001051	HIMB1321_00727	A0A1X7H0C0	97.6
OG0001052	HIMB1549_00196	A0A1X7H1N8	100
OG0001053	HTCC1062_01315	Q4FL31	96
OG0001054	HIMB1564_00318	J9YXM4	100
OG0001055	RS40_01026	A0A1W6BHJ9	94.9
OG0001056	HTCC7211_01059	B6BPN1	96
OG0001057	RS40_01044	A0A1W6BHK7	94.6
OG0001058	NP1_01389	A0A6H1Q3H7	98.3
OG0001059	IMCC9063_00685	F2I0F0	96.8
OG0001060	IMCC9063_00799	F2I283	90.1
OG0001061	RS39_00293	A0A1W6BC53	96.2
OG0001062	Uisw_106_01008	A0A6H1Q461	100
OG0001063	RS39_00456	A0A1W6BCU5	100
OG0001064	HTCC1013_01154	Q4FL24	98.7
OG0001065	HIMB1321_00303	A0A1X7GQ76	100
OG0001066	HTCC7211_01360	B6BQF7	96.2
OG0001067	HTCC7211_01424	B6BQL8	99.2
OG0001068	NP1_00424	A0A6H1Q176	99.2
OG0001069	Uisw_090_00379	Q1V033	100
OG0001070	HIMB5_00383	J9YUL6	92
OG0001071	RS40_01078	A0A1W6BHP9	96
OG0001072	RS40_00341	A0A1W6BFW6	91
OG0001073	HIMB5_00358	J9YUH9	97.2
OG0001074	HIMB1427_00107	J9YXA4	100
OG0001075	HTCC1002_01216	Q1V0H1	94.7
OG0001076	HTCC7211_01278	B6BQ78	100
OG0001077	HIMB1685_01252	A0A2E2QZ95	96.7
OG0001078	Uisw_092_01144	A0A0R2RU91	88.8
OG0001079	HIMB1321_00176	A0A1X7GM85	97.9
OG0001080	RS39_00498	A0A1W6BEU7	94.7
OG0001081	HIMB114_01342	M3SKJ1	97.8
OG0001082	Uisw_104_00420	A0A6H1Q1L1	94.9
OG0001083	RS39_00412	A0A1W6BCK5	94.6
OG0001084	RS39_00469	A0A1W6BCI9	95.2
OG0001085	HIMB1321_00894	A0A1X7H1E7	96.7
OG0001086	RS39_00958	A0A1W6BDU8	97.8
OG0001087	NP1_01377	A0A6H1Q4Q3	100
OG0001088	HTCC1013_01275	Q1V0G2	91.3
OG0001089	Uisw_121_00814	A0A946A7H7	95.9
OG0001090	HIMB5_00043	J9YV24	96.3
OG0001091	HIMB1427_01356	A0A3E0QJK3	100
OG0001092	IMCC9063_01107	F2I165	98.8
OG0001093	LSUCC0530_00051	A0A966HM09	94.4
OG0001094	RS40_00159	A0A1W6BF99	96.3
OG0001095	HIMB5_00936	A0A3E0QDD4	97.2
OG0001096	HIMB114_01358	D0RMW4	91.2
OG0001097	HIMB1463_00080	J9YVI1	89
OG0001098	HIMB5_00461	J9YW76	90.7
OG0001099	HIMB5_00478	J9YW29	96.8
OG0001100	RS40_00182	A0A1W6BFM8	97.6
OG0001101	Uisw_094_00916	A0A6H1Q0J5	94.8
OG0001102	IMCC9063_00318	F2I025	100
OG0001103	HIMB2305_00349	A0A1W6BI11	100
OG0001104	HIMB1456_01361	A0A920ARL5	93.4
OG0001105	LSUCC0723_00836	A0A520TEP7	91.6
OG0001106	HIMB114_00051	D0RRF4	99
OG0001107	RS40_00105	A0A1W6BF46	94.7
OG0001108	HIMB1321_00369	A0A1X7GRJ1	100
OG0001109	IMCC9063_01241	F2I1J8	91.4
OG0001110	HTCC1062_00299	Q4FNW8	99
OG0001111	RS39_00956	A0A1W6BE31	96.4
OG0001112	HTCC1002_00740	Q4FN90	100
OG0001113	HTCC1002_00042	Q1UZU0	93.2
OG0001114	HIMB5_01092	J9YVS3	98.5
OG0001115	NP1_00431	A0A6H1Q1B9	94.8
OG0001116	HIMB5_00525	J9YTK9	94.2
OG0001117	HIMB4_01030	A0A966Y795	96.2
OG0001118	Uisw_106_00297	A0A6H1Q1Y6	100
OG0001119	HTCC7217_01057	A0A926RF49	99.1
OG0001120	Uisw_114_00025	Q1V1I8	99.1
OG0001121	IMCC9063_00430	F2I2Z8	93.8
OG0001122	ME-17_00204	A0A969VTY0	91.7
OG0001123	HIMB1492_00193	A0A3E0QF44	93.4
OG0001124	RS39_00961	A0A1W6BDY5	99.8
OG0001125	HTCC7211_00504	B6BSB7	96.1
OG0001127	HTCC7211_00511	B6BSC4	97.2
OG0001128	RS39_00194	A0A1W6BC18	96.9
OG0001129	Uisw_099_02_00851	A0A6H1Q1N9	98.1
OG0001130	RS39_00290	A0A1W6BC49	98.2
OG0001131	NP1_00545	A0A6H1Q1J0	98.4
OG0001132	HIMB2304_00022	A0A920ARR2	95.2
OG0001133	HTCC7211_01090	A0A926MGD5	93.8
OG0001134	HIMB5_00419	J9YUN5	100
OG0001135	HTCC7217_01467	B6BSK3	98.7
OG0001136	HTCC7211_01089	A0A926REN8	94.5
OG0001137	RS40_01223	A0A1W6BI19	94.2
OG0001138	LSUCC0723_00101	A0A2E1LP67	94.7
OG0001139	LSUCC0723_00089	A0A2E1LP59	99.8
OG0001140	HTCC1062_00883	Q4FM98	86.6
OG0001141	HIMB114_00787	D0RPQ5	100
OG0001142	HIMB1321_00392	A0A1X7GS42	91
OG0001143	HIMB114_01357	M3SKK9	92.9
OG0001144	HIMB5_00934	J9YXL7	95.5
OG0001145	HTCC7211_00801	A0A926MI89	98.6
OG0001146	RS40_00974	A0A1W6BHM2	91.4
OG0001147	HIMB1321_00340	A0A1X7GR37	90.4
OG0001148	HIMB1321_00895	A0A1X7H1V9	97.1
OG0001149	RS40_00638	A0A1W6BGS1	95.4
OG0001150	HTCC1002_00513	Q1V2G4	98.9
OG0001151	HIMB114_00232	D0RN68	92.4
OG0001152	HIMB1483_00283	A0A1W6BBG6	96
OG0001153	HIMB1402_00816	A0A2A5V0K8	100
OG0001154	HIMB1517_00389	D0RPC6	94.4
OG0001155	HIMB114_00652	D0RPC2	94
OG0001156	HIMB1420_01310	A0A3E0QCC8	100
OG0001157	HTCC1013_01185	Q1V073	97.9
OG0001158	HTCC7211_00510	A0A926MFP5	97.1
OG0001159	HTCC7217_00410	A0A2E1F437	95.2
OG0001160	HTCC7211_00816	B6BT58	98.5
OG0001161	RS40_00972	A0A1W6BHM1	91.8
OG0001162	Uisw_130_00397	A0A6H1Q3W4	98
OG0001163	HTCC7211_01291	B6BQ90	99.4
OG0001164	HIMB114_00655	D0RPC5	92.8
OG0001165	HTCC1062_01200	Q4FLE5	94.9
OG0001166	HIMB5_01448	J9YZ32	93.1
OG0001167	HIMB5_00530	J9YTL4	95.1
OG0001168	NP1_01201	A0A6H1Q3R1	95.6
OG0001169	HIMB1565_00407	D0RR78	95.9
OG0001170	HTCC7211_01466	B6BQR0	95
OG0001171	HTCC7211_00610	B6BSL3	100
OG0001172	HIMB114_00882	D0RPZ6	97
OG0001173	HIMB2187_00207	A0A2D9U4S4	87.7
OG0001174	RS40_01183	A0A1W6BHZ8	97
OG0001175	RS40_01185	A0A1W6BJ41	100
OG0001177	HIMB1409_00265	A0A1Z9D241	87.9
OG0001178	HIMB114_00659	D0RPC9	97
OG0001179	RS39_00548	A0A1W6BD05	95
OG0001180	HTCC7211_01104	A0A926REN2	95.5
OG0001181	HIMB114_00990	D0RQ99	97.1
OG0001182	HIMB1701_01286	A0A1W6BHE0	96.5
OG0001183	HTCC7211_01088	A0A926RF07	95.1
OG0001184	HTCC1013_00536	Q1V1F6	96.8
OG0001185	HIMB2304_00911	A0A1C2AT31	92
OG0001186	RS40_00715	A0A1W6BGR4	94.8
OG0001187	HTCC1002_00076	Q1UZQ3	86.5
OG0001188	HIMB5_01406	J9YXB6	96.5
OG0001189	RS40_00714	A0A1W6BH21	99.1
OG0001190	HTCC7211_01210	B6BQ14	98.2
OG0001191	RS40_00268	A0A1W6BFV8	92.4
OG0001192	HIMB114_00295	M3TSN5	96.3
OG0001193	HIMB5_00902	J9YVE8	99.8
OG0001194	HIMB1321_00619	A0A1X7GX54	95.3
OG0001195	HTCC1002_00434	Q1V2P5	97
OG0001196	RS40_01169	A0A1W6BHW9	96.9
OG0001197	HIMB1321_00349	A0A1X7GR67	95.6
OG0001198	HIMB5_01223	J9YYD8	85.7
OG0001199	HIMB1463_00031	J9YXJ7	100
OG0001200	HIMB1321_00273	A0A1X7GPE2	96.7
OG0001201	RS40_01395	A0A1W6BIV9	90.6
OG0001202	HIMB1321_00762	A0A1X7GZ43	89.5
OG0001203	HIMB114_00237	D0RN73	98.8
OG0001204	HIMB1321_00840	A0A1X7H2G6	94
OG0001205	HIMB1321_01141	A0A1X7H551	97.4
OG0001206	HIMB1520_00487	J9YUF8	100
OG0001207	HIMB1321_00348	A0A1X7GR32	95
OG0001208	RS40_00264	A0A1W6BFR2	97.6
OG0001209	IMCC9063_00244	F2I3R8	97.7
OG0001210	IMCC9063_00832	F2I2B7	91.7
OG0001211	LSUCC0530_00326	A0A845S7I5	95.6
OG0001212	HTCC7211_00699	A0A926MH40	96.8
OG0001213	LSUCC0530_00320	A0A388Q0U0	96.2
OG0001214	RS39_00963	A0A1W6BE05	93.7
OG0001215	HTCC1002_00628	Q1V248	95.5
OG0001216	HTCC7211_00499	B6BSB2	100
OG0001217	HIMB5_00674	J9YV90	99.5
OG0001218	HIMB114_00848	D0RPW5	90.2
OG0001219	HIMB1549_00272	A0A1X7GPV0	96.9
OG0001220	HIMB1437_01193	A0A1W6BDY9	100
OG0001221	HIMB1565_00451	D0RRA5	100
OG0001222	HTCC7211_01196	A0A926RFN1	92.7
OG0001223	RS40_00275	A0A1W6BFP8	97.3
OG0001224	HIMB114_00243	D0RN79	90.7
OG0001225	HTCC7211_00748	B6BSZ3	90.1
OG0001226	MKE-138_00420	A0A9E3GKP4	96.4
OG0001227	RS40_00986	A0A1W6BHT3	98.5
OG0001228	RS40_01025	A0A1W6BHP8	94.6
OG0001229	HIMB1321_00290	A0A1X7GQ00	98.4
OG0001230	HTCC1062_00702	Q4FMS9	100
OG0001231	HTCC7211_00944	A0A926REZ1	87
OG0001232	HIMB1492_01314	A0A926MIR8	98.8
OG0001233	NP1_00013	A0A6H1Q1D4	96.2
OG0001234	RS40_01268	A0A1W6BIC6	96.9
OG0001235	IMCC9063_00559	F2I3Z5	93.8
OG0001236	HTCC7211_00853	B6BP46	94.8
OG0001237	HTCC1062_00794	Q4FMI7	100
OG0001238	RS39_00734	A0A1W6BEZ4	100
OG0001239	HTCC1002_01141	Q1V0P7	92.7
OG0001240	HTCC7211_01563	A0A926MGC2	96.3
OG0001241	Uisw_092_00330	A0A6H1Q1M9	100
OG0001242	NP1_00183	A0A6H1Q0B3	96.7
OG0001243	IMCC9063_01318	F2I1R9	97.2
OG0001244	IMCC9063_00058	F2I2L2	96.5
OG0001245	RS40_01381	A0A1W6BIR0	93
OG0001246	HTCC7211_01464	A0A926MFV5	93.2
OG0001247	HIMB1444_00880	A0A1Z9D2I7	87.8
OG0001249	HIMB5_00368	J9YUJ1	97
OG0001250	HIMB1573_00944	A0A9E5LGZ8	98.5
OG0001251	HIMB1463_00507	J9YXF0	100
OG0001252	RS40_00194	A0A1W6BFP4	96.7
OG0001253	HIMB5_00264	J9YSU1	94.6
OG0001254	HIMB1520_00564	A0A3E0QAJ6	98
OG0001255	HTCC7211_01399	B6BQJ5	95.8
OG0001256	HTCC7217_00786	B6BQS0	93
OG0001257	IMCC9063_00452	F2I3F8	96.8
OG0001258	RS40_00970	A0A1W6BHK0	92
OG0001259	RS40_00966	A0A1W6BHP3	96
OG0001260	HIMB2201_01235	A0A966Y7U6	100
OG0001261	HIMB1321_00845	A0A1X7H178	96.6
OG0001262	HIMB5_00347	J9YVS8	96.7
OG0001263	HIMB1321_01049	A0A1X7H4W2	100
OG0001264	IMCC9063_00233	F2I3Q7	98.9
OG0001265	HTCC7211_01391	B6BQI7	95.3
OG0001266	HIMB5_00348	J9YUG6	100
OG0001267	HIMB1321_00696	A0A1X7GXW9	100
OG0001268	HTCC1002_01209	Q1V0H8	96.3
OG0001269	HIMB1444_00926	A0A926MLA7	89.5
OG0001270	HTCC7211_01407	B6BQK3	97.3
OG0001271	HTCC7217_01314	B6BS62	100
OG0001272	HTCC7211_00046	B6BR54	95.5
OG0001273	HIMB5_00523	J9YW63	98.6
OG0001274	RS40_01126	A0A1W6BI49	98.1
OG0001275	HIMB5_00458	J9YW16	91.8
OG0001276	HTCC7211_00797	A0A926MH84	96.4
OG0001277	HTCC7211_01456	A0A926RFP5	98.9
OG0001278	HIMB5_00441	J9YW61	95.8
OG0001279	HIMB1520_01037	J9YY65	100
OG0001280	HIMB1321_00337	A0A1X7GQR6	100
OG0001281	RS40_01036	A0A1W6BHK9	98.8
OG0001282	HIMB1517_00312	D0RQQ9	100
OG0001283	HIMB5_00871	J9YVT1	98.1
OG0001284	RS40_00506	A0A1W6BGB5	92.8
OG0001285	HIMB114_01321	D0RR81	87.3
OG0001286	HTCC1062_00795	Q4FMI6	100
OG0001287	HTCC8051_00382	A0A926N376	96.2
OG0001288	IMCC9063_01289	F2I1N9	93.4
OG0001289	HTCC7211_01463	A0A926MI54	93.5
OG0001290	Uisw_094_00430	A0A0R2R7E5	90.3
OG0001291	HTCC8051_00384	A0A926RS19	95.2
OG0001292	HIMB1321_01029	A0A1X7H466	95.2
OG0001293	NP1_00026	A0A6H1Q0I5	95.3
OG0001294	Uisw_099_02_00820	A0A6H1Q181	92.4
OG0001295	IMCC9063_00784	F2I268	98.1
OG0001296	HTCC8051_00385	A0A926MD86	97.3
OG0001297	HTCC8051_00383	A0A926N837	93
OG0001298	NP1_00425	A0A6H1Q2V3	100
OG0001299	Uisw_136_00901	A0A2E1UTW9	93.7
OG0001300	HIMB2305_01139	A0A1W6BFH6	99.3
OG0001301	HIMB114_00632	D0RPA1	98
OG0001302	HIMB1321_00276	A0A1X7GPL9	99.2
OG0001303	HTCC7214_01335	A0A926MIH1	100
OG0001304	Uisw_104_00394	A0A0R2R5X4	94.4
OG0001306	Uisw_094_00445	A0A945E7B9	91.2
OG0001307	HTCC1002_00471	Q1V2K6	96.2
OG0001308	HIMB5_00224	J9YSQ4	99.9
OG0001309	RS40_01265	A0A1W6BIT1	97.6
OG0001310	HIMB1321_00849	A0A1X7H157	99.3
OG0001311	NP1_00422	A0A6H1Q0Y0	100
OG0001312	IMCC9063_00224	F2I3P7	92.7
OG0001313	HTCC1002_00019	Q1UZW2	89.5
OG0001314	HIMB5_00225	J9YVC8	97.2
OG0001315	HIMB2304_00140	A0A926N319	89.8
OG0001316	RS40_00153	A0A1W6BFD8	87
OG0001317	HIMB1527_01213	A0A1X7GSA1	98.1
OG0001318	RS40_00258	A0A1W6BFU9	96.7
OG0001319	RS40_00604	A0A1W6BGR5	92.1
OG0001320	RS39_00336	A0A1W6BCC5	90.2
OG0001321	NP1_00384	A0A6H1Q136	97.1
OG0001322	FZCC0015_01068	A0A920ATL0	95.1
OG0001323	HIMB2304_00994	A0A920P0W4	98.7
OG0001324	HIMB1413_00316	A0A920MGQ2	100
OG0001325	LSUCC0723_00049	A0A2E1LP28	95
OG0001326	HIMB1409_00256	A0A920DGN6	96.8
OG0001327	HIMB1409_00257	A0A920DH87	94.6
OG0001328	HIMB1409_00258	A0A919ZS39	94.7
OG0001329	HIMB1436_00667	A0A1W6BE30	97.4
OG0001330	HIMB2304_00357	A0A920NZG4	92
OG0001331	HTCC9022_00687	A0A946N9Z0	95.1
OG0001332	HTCC8051_01485	A0A926N5Z8	88.5
OG0001333	FZCC0015_00092	A0A926MMT3	95
OG0001334	HIMB2250_00415	A0A919ZSK2	96
OG0001335	HIMB1436_00846	A0A3D8UQI0	93.3
OG0001336	NP1_00413	A0A6H1Q2G6	100
OG0001337	HIMB1413_00317	A0A919ZRW0	95.6
OG0001338	RS40_00176	A0A1W6BIY7	97.1
OG0001339	NP1_00712	A0A6H1Q402	98.3
OG0001340	HIMB1444_00892	A0A920DDW3	92.3
OG0001341	HTCC7211_00796	B6BT38	95.8
OG0001342	HIMB1321_00867	A0A1X7H249	91.3
OG0001343	RS40_00984	A0A1W6BHJ6	86.6
OG0001344	Uisw_136_00436	A0A0R2QV47	96.1
OG0001345	HTCC7211_01398	B6BQJ4	97.9
OG0001346	HTCC1002_00840	Q1V1J8	94.7
OG0001347	RS40_00385	A0A1W6BG23	98.6
OG0001348	HTCC7211_00799	A0A926MGN3	97.4
OG0001349	HTCC8051_00386	A0A946A736	95.3
OG0001350	HTCC7211_01386	B6BQI3	94.2
OG0001351	HTCC7211_00789	B6BT31	99.7
OG0001352	IMCC9063_00571	F2I407	91.3
OG0001353	HTCC1002_00634	Q1V242	96.5
OG0001354	IMCC9063_00552	F2I3Y8	100
OG0001355	RS40_00180	A0A1W6BFI9	95.6
OG0001356	RS39_00850	A0A1W6BDS6	98.2
OG0001357	HIMB114_00495	D0RNX1	95.4
OG0001358	RS40_01041	A0A1W6BHW3	96.5
OG0001359	HIMB114_00895	D0RQ09	95.1
OG0001360	HIMB5_00185	J9YV82	88.6
OG0001361	HIMB1413_01080	A0A926RH87	90.7
OG0001362	HIMB083_01081	A0A926RGR1	93.3
OG0001363	RS40_01018	A0A1W6BHN0	100
OG0001364	RS39_00523	A0A1W6BCY5	94.4
OG0001365	RS40_01267	A0A1W6BI65	96.1
OG0001366	LSUCC0530_00945	A0A388PZL0	97.5
OG0001367	HTCC7211_01083	A0A926MF08	97.6
OG0001368	HIMB2201_01341	A0A926RHP1	88
OG0001371	RS39_00316	A0A1W6BCC9	96.8
OG0001372	HIMB1427_00355	A0A3E0QBM4	94.6
OG0001373	NP1_01492	A0A6H1Q667	94.9
OG0001374	HIMB1517_01031	A0A2E1LNA2	97.2
OG0001376	RS40_00190	A0A1W6BFJ7	92.5
OG0001377	NP1_00713	A0A6H1Q2X0	95.1
OG0001378	HIMB1321_00343	A0A1X7GRC9	95.3
OG0001380	HIMB2304_00601	A0A926M6K1	88.7
OG0001381	HTCC1062_01261	Q4FL85	88.6
OG0001382	HIMB5_00979	J9YXQ3	97.7
OG0001383	IMCC9063_00256	F2I3T0	89.3
OG0001384	LSUCC0723_00796	A0A2E1LNP0	98.3
OG0001385	HIMB114_00258	M3V1P5	98
OG0001386	NP1_00014	A0A6H1Q045	90.5
OG0001387	RS40_01375	A0A1W6BIF2	96.1
OG0001388	HTCC1002_01230	Q1V0F8	92.5
OG0001389	HTCC1002_00478	Q1V2J9	100
OG0001390	IMCC9063_00892	F2I0T1	96.7
OG0001391	HIMB114_00259	M3TSJ4	95.9
OG0001392	HIMB114_00618	D0RP87	94
OG0001394	HIMB114_00868	D0RPY2	97.9
OG0001395	HIMB2187_00253	A0A8I0FS65	86.2
OG0001396	HIMB114_01304	D0RR63	96.3
OG0001397	HIMB1321_00740	A0A1X7H0M9	96.9
OG0001398	RS40_00330	A0A1W6BFX1	100
OG0001399	HIMB114_00619	D0RP88	94.4
OG0001400	RS40_00960	A0A1W6BHE6	94.1
OG0001401	RS39_00292	A0A1W6BCC6	98.6
OG0001402	RS40_00013	A0A1W6BEX6	92.6
OG0001403	HIMB5_01112	J9YVT8	90.9
OG0001405	RS39_00321	A0A1W6BC79	97.6
OG0001406	HIMB2304_00913	A0A920HZ14	94.3
OG0001407	HIMB2304_00914	A0A920I2R0	99.3
OG0001408	IMCC9063_01302	F2I1Q3	94.6
OG0001409	RS40_00323	A0A1W6BG05	97.3
OG0001410	HIMB1456_01334	A0A920ARK1	97.1
OG0001411	HIMB5_00465	J9YTC5	99
OG0001412	NP1_01009	A0A6H1Q2H6	94.4
OG0001413	HIMB5_01426	J9YXD6	96.4
OG0001414	HTCC7211_00893	B6BP81	99.3
OG0001415	RS40_01236	A0A1W6BIA0	98.3
OG0001416	HIMB114_00063	M3UTW6	98.9
OG0001417	Uisw_106_01196	A0A0R2V614	100
OG0001418	HTCC1002_00069	Q1UZR0	97.4
OG0001419	NP1_00246	A0A6H1Q0U7	96
OG0001420	RS40_01234	A0A1W6BI28	96.9
OG0001421	IMCC9063_00679	F2I0E3	94.9
OG0001422	FZCC0015_01072	A0A920DZ12	95
OG0001423	Uisw_130_00063	Q4FNF6	97.6
OG0001424	IMCC9063_00079	F2I2N3	96.5
OG0001425	RS40_00708	A0A1W6BGZ5	99.9
OG0001426	HIMB114_00338	D0RNH1	93.9
OG0001427	IMCC9063_00681	F2I0E5	93.9
OG0001428	HTCC1002_01335	Q1V056	100
OG0001429	HTCC7211_00039	A0A926MFS0	96.6
OG0001430	Uisw_127_01156	A0A0R2V2Y8	90.9
OG0001431	HIMB1695_00574	A0A941L4C5	97.2
OG0001432	HTCC7211_01005	B6BPI3	100
OG0001433	HTCC1002_01334	Q1V057	97.8
OG0001434	RS39_00925	A0A1W6BDZ8	90.2
OG0001435	HTCC1062_00848	Q4FMD3	88.8
OG0001437	HTCC1013_01102	Q4FL76	89.6
OG0001438	HTCC1013_01101	Q4FL77	93.7
OG0001439	HTCC1002_01333	Q1V058	98.3
OG0001440	RS40_01037	A0A1W6BHT4	98.2
OG0001441	HIMB5_01207	J9YYA7	95
OG0001442	RS40_00848	A0A1W6BH34	96
OG0001444	NP1_00705	A0A6H1Q1P5	98.1
OG0001446	NP1_00687	A0A6H1Q1X2	95
OG0001448	NP1_00703	A0A6H1Q2V9	95.6
OG0001449	HIMB1593_00821	A0A2E1STQ9	93
OG0001451	HTCC7211_00036	B6BR44	93.9
OG0001452	IMCC9063_01292	F2I1P3	98.2
OG0001453	RS40_01039	A0A1W6BHT5	99.2
OG0001454	RS40_00979	A0A1W6BHF1	100
OG0001455	NP1_00550	A0A6H1Q2U4	98.6
OG0001456	HTCC7211_00292	A0A926RFM7	100
OG0001457	IMCC9063_00869	F2I0Q6	93.8
OG0001458	HTCC7211_01364	B6BQG1	94.5
OG0001460	LSUCC0723_00091	A0A2E1LP57	96.8
OG0001461	RS40_00263	A0A1W6BFL6	96.9
OG0001462	HIMB5_01129	J9YY41	94.5
OG0001463	HTCC7211_01010	B6BPI8	96.2
OG0001464	RS40_01071	A0A1W6BI10	94.5
OG0001465	Uisw_090_00530	Q4FLE6	93.3
OG0001466	HIMB114_00966	D0RQ77	94.8
OG0001468	HTCC7211_01572	B6BR04	97.5
OG0001469	RS40_01155	A0A1W6BI48	94.7
OG0001470	NP1_01139	A0A6H1Q4U1	94.4
OG0001471	RS39_00192	A0A1W6BBX2	98.5
OG0001472	HIMB5_01121	J9YWE2	97.2
OG0001473	Uisw_104_00451	A0A6H1Q362	96.5
OG0001474	Uisw_106_01256	A0A926MQJ2	89.6
OG0001477	IMCC9063_00227	F2I3Q0	94.3
OG0001478	HIMB1552_00606	A0A920NYA1	96.4
OG0001479	HIMB114_00256	M3U6V5	96.9
OG0001480	IMCC9063_00878	F2I0R4	95.1
OG0001483	RS40_01165	A0A1W6BI57	96.4
OG0001484	HIMB1483_00394	A0A937IK14	88
OG0001485	FZCC0015_00050	A0A920TQD4	93.5
OG0001486	HIMB114_00260	D0RN95	92.8
OG0001487	HTCC1062_01227	Q4FLB8	95.2
OG0001489	HIMB1573_01506	A0A920NY62	91.1
OG0001490	HTCC1062_01196	Q4FLE9	90.8
OG0001491	Uisw_114_01232	A0A6H1Q341	92.1
OG0001492	HIMB114_01334	D0RMV2	96.2
OG0001493	HTCC7211_01316	B6BQB4	98.7
OG0001494	RS39_00315	A0A1W6BCA4	96.3
OG0001495	IMCC9063_00104	F2I2Q9	97.9
OG0001497	HTCC7211_01564	A0A926MFM1	97.2
OG0001499	HTCC7211_01321	B6BQB9	99.6
OG0001500	HIMB114_01309	D0RR68	99
OG0001501	HIMB114_00920	D0RQ35	92
OG0001503	HIMB1444_00432	A0A920TPS3	97.7
OG0001504	Uisw_136_00895	A0A2E1UTX1	93.6
OG0001505	HTCC7214_00918	B6BQ88	99.2
OG0001507	HIMB2201_00086	A0A1C2AJU8	90.4
OG0001508	LSUCC0530_00694	A0A970B0E3	93.4
OG0001509	HTCC8051_00285	A0A926RGY1	100
OG0001510	LSUCC0530_00106	A0A966M1Y5	92.3
OG0001512	NP1_00767	A0A6H1Q318	93.6
OG0001514	RS40_00269	A0A1W6BFW5	91
OG0001515	HTCC7211_01078	B6BPP6	97.9
OG0001516	RS39_00847	A0A1W6BDS3	93.3
OG0001517	RS40_00111	A0A1W6BFD2	95.1
OG0001518	HTCC7211_00573	B6BSH8	99.4
OG0001519	HIMB5_00815	J9YWW6	95.8
OG0001521	HTCC7211_01281	B6BQ81	98.5
OG0001522	HIMB114_00254	D0RN90	95.2
OG0001523	HIMB1463_00262	J9YVS4	91.8
OG0001524	RS40_00847	A0A1W6BHE9	92.5
OG0001525	HTCC7214_00925	B6BQ82	100
OG0001526	RS40_01393	A0A1W6BIN7	95.7
OG0001527	HIMB1321_00421	A0A1X7GTC6	98.3
OG0001528	RS40_01020	A0A1W6BHW0	99.2
OG0001529	RS40_00963	A0A1W6BHL7	98
OG0001530	HIMB1321_00827	A0A1X7H270	93.7
OG0001531	HIMB1430_00052	A0A964NBP3	87.4
OG0001532	HTCC7217_00664	B6BQE5	100
OG0001533	HIMB5_01021	J9YW52	88.7
OG0001534	HIMB114_00252	D0RN88	95.7
OG0001535	HTCC7211_01573	B6BR05	97.6
OG0001536	IMCC9063_00971	F2I2I2	91.4
OG0001537	HTCC7211_00733	B6BSX8	95.4
OG0001538	HIMB140_00944	A0A3E0QAN5	100
OG0001539	RS40_00112	A0A1W6BFG4	95.9
OG0001540	HIMB5_01020	J9YXF9	95.5
OG0001541	NP1_00771	A0A6H1Q250	92.3
OG0001542	Uisw_114_01270	A0A0R2SJ47	100
OG0001543	HIMB1556_00683	A0A0R2QVR9	99.1
OG0001544	HIMB114_00615	D0RP85	98.8
OG0001548	HIMB1321_01030	A0A1X7H417	96.2
OG0001549	HIMB1321_01045	A0A1X7H650	96.4
OG0001550	HTCC1002_01211	Q1V0H6	96.6
OG0001554	ME-20_00967	A0A9E3GIP2	96
OG0001555	HIMB114_00853	D0RPX0	89.6
OG0001556	HIMB5_00833	J9YXB0	94.5
OG0001557	IMCC9063_00868	F2I0Q5	96.8
OG0001558	HIMB1517_00837	A0A520T9L7	97.4
OG0001559	HIMB058_00768	A0A2D5G8U2	90.5
OG0001560	NP1_00720	A0A6H1Q1R2	93.5
OG0001561	RS40_00381	A0A1W6BG56	95.2
OG0001564	MiE-29_00110	A0A845RZR0	100
OG0001565	HIMB1321_01043	A0A1X7H4A3	95.1
OG0001567	HIMB1463_00719	A0A3E0QH48	100
OG0001568	Uisw_127_01173	A0A926MRC5	92.1
OG0001569	HTCC1002_01214	Q1V0H3	90.3
OG0001571	IMCC9063_00127	F2I2T2	93.7
OG0001572	IMCC9063_00085	F2I2P0	96.9
OG0001573	RS40_00120	A0A1W6BF84	93.2
OG0001574	HTCC1013_01070	Q1UZV9	100
OG0001575	HIMB114_01329	D0RMU7	98.1
OG0001577	NP1_01241	A0A6H1Q3E6	96.9
OG0001580	HTCC7217_01433	B6BSH2	96.1
OG0001581	HTCC1040_00519	Q4FMV9	100
OG0001582	HIMB1565_00660	D0RN46	96.6
OG0001584	HTCC7211_00763	B6BT06	98.5
OG0001585	HIMB5_00830	J9YWY3	88
OG0001586	NP1_01235	A0A6H1Q4C5	92.8
OG0001587	ME-20_00184	A0A4V0X2Q7	95.1
OG0001588	HTCC7211_01086	B6BPQ4	93.5
OG0001589	HTCC1002_00081	Q1UZP8	95.9
OG0001590	HTCC7211_01569	A0A926REU5	94.6
OG0001591	LSUCC0723_00713	A0A2E1LN93	95.7
OG0001593	HTCC1062_00854	Q4FMC7	99.3
OG0001595	HTCC1013_00780	Q4FM43	92.9
OG0001596	HTCC7211_01080	A0A926MG35	95.8
OG0001597	HIMB1321_00928	A0A1X7H212	94.6
OG0001598	HIMB5_01324	J9YYP8	98.2
OG0001599	HIMB114_00919	D0RQ34	96.4
OG0001600	HTCC7211_00832	B6BT74	93.7
OG0001601	IMCC9063_00850	F2I0N6	99.6
OG0001602	HTCC1002_00321	Q1UZ19	98
OG0001603	HIMB114_01332	D0RMV0	94.9
OG0001604	HTCC7211_01081	B6BPP9	92.6
OG0001605	IMCC9063_00803	F2I287	96.5
OG0001606	HIMB1321_00809	A0A1X7H037	95.7
OG0001607	HIMB1321_00818	A0A1X7H099	97.3
OG0001608	HIMB1321_00822	A0A1X7H131	91
OG0001609	HIMB5_00839	J9YX90	97.8
OG0001610	HIMB114_00633	M3SI68	96.5
OG0001611	HTCC7211_01557	A0A926RFP9	100
OG0001613	HIMB058_00077	A0A926RBR6	98.3
OG0001614	HTCC7211_00833	B6BT75	95.7
OG0001615	HTCC7211_01082	A0A926MGJ0	92.2
OG0001616	HTCC7211_01076	A0A926LUN7	92.5
OG0001617	HIMB1520_00362	A0A3E0QBH0	100
OG0001618	HIMB1517_00814	A0A520SZ57	96.3
OG0001619	HIMB114_00657	D0RPC7	96.8
OG0001620	HIMB1321_00805	A0A1X7H122	94
OG0001621	HIMB1321_00804	A0A1X7H1T4	95.3
OG0001622	HIMB1321_00798	A0A1X7GZV3	90.4
OG0001623	HIMB5_01270	J9YW95	93.1
OG0001625	NP1_00701	A0A6H1Q1Y8	96.8
OG0001626	IMCC9063_00125	F2I2T0	95.3
OG0001628	HIMB114_00985	D0RQ95	93.2
OG0001629	NP1_01234	A0A6H1Q5H9	95.9
OG0001630	HIMB5_00840	J9YWZ4	94.1
OG0001631	HIMB114_00646	D0RPB6	98.8
OG0001632	HIMB1321_00808	A0A1X7H1X3	93.8
OG0001633	HTCC7211_00890	A0A926MHG4	99.9
OG0001634	HIMB2250_01164	A0A920TQ17	95.8
OG0001635	IMCC9063_00977	F2I2I8	99.5
OG0001637	HTCC1040_01016	Q4FLH1	96.8
OG0001638	RS39_00323	A0A1W6BCF2	95.3
OG0001639	HIMB2226_00095	A0A3D8ULS3	98.3
OG0001640	IMCC9063_00273	F2I3U7	95.5
OG0001642	HIMB1494_00792	A0A946G449	86.3
OG0001643	HIMB123_00453	A0A966ISF2	93.7
OG0001644	HTCC7211_01006	B6BPI4	98.3
OG0001646	HTCC7211_00028	B6BR36	97.4
OG0001647	HIMB5_01126	J9YWE9	97.7
OG0001648	Uisw_094_00448	A0A2E1ZHY2	86.8
OG0001649	HIMB1413_00911	A4GJQ0	100
OG0001650	HTCC7211_01073	B6BPP1	96
OG0001651	HIMB1321_00797	A0A1X7GZX7	87.2
OG0001652	HIMB1456_01310	A0A2E1JJZ3	98.2
OG0001653	HIMB1602_00050	A0A2P6GJ28	94.6
OG0001655	RS40_00846	A0A1W6BHD6	93.2
OG0001656	RS39_00328	A0A1W6BCE7	96.1
OG0001658	NP1_01238	A0A6H1Q4R9	91.6
OG0001659	HTCC7211_01075	A0A926LTA7	96.5
OG0001660	HTCC7211_01074	A0A926REP3	98.9
OG0001661	HTCC7211_01072	B6BPP0	97.7
OG0001662	HTCC7211_01067	A0A926R4F4	96
OG0001663	RS40_01174	A0A1W6BI34	96.1
OG0001665	HIMB114_00934	D0RQ45	99.7
OG0001666	ME-33_00058	A0A845S415	98.5
OG0001667	HIMB1321_00423	A0A1X7GT38	97
OG0001668	HIMB1483_00398	A0A937ISB5	90
OG0001669	HIMB114_01082	D0RQJ1	99.3
OG0001670	NP1_00694	A0A6H1Q211	98.5
OG0001672	HTCC7211_01435	B6BQM9	93.4
OG0001673	HTCC7211_01416	A0A926MHK9	92.2
OG0001674	HIMB083_00390	A0A1Z9N0Q4	93.1
OG0001675	HIMB114_00913	D0RQ27	98.1
OG0001677	IMCC9063_00867	F2I0Q4	98.9
OG0001679	LSUCC0530_00424	A0A966HHE3	94.9
OG0001680	RS40_01439	A0A1W6BJ07	96.5
OG0001681	HIMB5_01185	J9YWK7	95
OG0001682	HTCC7211_01070	B6BPN9	95.1
OG0001683	HIMB5_01425	J9YYR0	97.9
OG0001684	RS40_00380	A0A1W6BG55	94.7
OG0001686	NP1_01212	A0A6H1Q321	93.2
OG0001687	RS39_00320	A0A1W6BCE5	93.3
OG0001688	HIMB114_00009	D0RRB2	88.4
OG0001689	HTCC7217_01377	A0A926RSK8	92.2
OG0001690	IMCC9063_01282	F2I1N2	93
OG0001691	HIMB5_00506	J9YWC2	96
OG0001692	RS39_00856	A0A1W6BDQ1	90.2
OG0001693	HTCC7211_01068	B6BPN8	96.1
OG0001694	HIMB1321_00786	A0A1X7H034	100
OG0001695	HIMB1685_00581	A0A0R2RE46	99.3
OG0001696	RS40_01168	A0A1W6BIA5	96
OG0001697	IMCC9063_00070	F2I2M4	92.6
OG0001699	HIMB109_00815	D0RPQ1	90.6
OG0001700	HTCC7211_01069	A0A926MHW6	91.1
OG0001701	HIMB114_00624	D0RP93	92.6
OG0001702	HIMB1701_00415	A0A926MUD4	95.8
OG0001705	HIMB1488_00015	A0A1Z8NKQ1	89.1
OG0001706	IMCC9063_00037	F2I229	98.6
OG0001707	IMCC9063_00040	F2I232	91.6
OG0001708	IMCC9063_00622	F2I089	98
OG0001709	HIMB2304_00433	A4GJP2	95.1
OG0001710	HIMB1409_00931	A4GJP3	93.3
OG0001711	HIMB1444_00325	A4GJP4	94.7
OG0001714	HTCC7211_00861	B6BP53	99.6
OG0001715	HIMB058_00800	A0A2D5G7A2	89
OG0001716	HIMB1409_00939	A4GJQ1	96.8
OG0001718	HIMB114_00029	D0RRD2	94.3
OG0001719	HIMB1409_00933	A4GJP5	96
OG0001720	IMCC9063_00921	F2I0W2	95
OG0001721	IMCC9063_01168	F2I1C4	95.1
OG0001722	IMCC9063_00661	F2I0C5	97.1
OG0001723	ME-17_00947	A0A4P5SVS0	99.7
OG0001724	HIMB114_01164	D0RQS2	94.3
OG0001726	RS40_00378	A0A1W6BFZ7	95.5
OG0001728	HIMB5_01103	J9YY30	94.8
OG0001729	NP1_00335	A0A6H1Q1B3	91
OG0001730	HIMB1409_00934	A4GJP6	92.2
OG0001731	HIMB2304_00428	A4GJP7	92.8
OG0001732	HIMB2250_01000	A4GJP8	90.8
OG0001733	IMCC9063_00658	F2I0C2	95.3
OG0001734	RS40_01437	A0A1W6BIZ9	97.2
OG0001735	RS40_01438	A0A1W6BIY4	99.7
OG0001736	HIMB1577_01324	A0A926RQC8	98
OG0001737	HIMB1321_00795	A0A1X7H089	93.1
OG0001743	HIMB2305_01383	A0A926MMP7	94.5
OG0001745	HIMB114_01062	D0RQH1	94
OG0001746	IMCC9063_00895	F2I0T4	95.3
OG0001748	IMCC9063_00493	F2I3K0	95.8
OG0001749	IMCC9063_00339	F2I047	96.4
OG0001750	HIMB114_01092	D0RQK1	92.4
OG0001751	HIMB5_00414	J9YUN2	98.7
OG0001752	HTCC1002_01017	Q1V122	98
OG0001754	HIMB1321_00864	A0A1X7H1H5	99.4
OG0001755	LSUCC0530_00696	A0A388Q197	88.8
OG0001756	IMCC9063_00036	F2I228	96.4
OG0001758	HTCC1002_00423	Q1V2Q6	95.5
OG0001760	IMCC9063_00948	F2I2F9	93.2
OG0001761	IMCC9063_00364	F2I073	94.5
OG0001762	LSUCC0530_00488	A0A966HRV3	91.4
OG0001763	HIMB5_00463	J9YW19	95.8
OG0001764	IMCC9063_00277	F2I3V1	100
OG0001767	HIMB5_00243	J9YU78	92
OG0001770	HTCC7211_00041	A0A926RFS2	98.2
OG0001771	IMCC9063_00925	F2I2D6	97
OG0001775	HIMB1527_01154	A0A1X7H0E6	100
OG0001778	IMCC9063_00039	F2I231	89.3
OG0001779	HIMB1321_00793	A0A1X7H090	92.4
OG0001781	HTCC1002_00075	Q1UZQ4	93.2
OG0001783	HTCC7211_01562	B6BQZ4	99
OG0001784	NP1_01282	A0A6H1Q5L8	87.5
OG0001785	RS39_01091	A0A1W6BEE0	95.1
OG0001786	NP1_00809	A0A6H1Q287	93.8
OG0001788	IMCC9063_00979	F2I2J0	95.2
OG0001790	HIMB058_00061	A0A2D5G8P5	90.8
OG0001791	HIMB1321_00559	A0A1X7GWU5	100
OG0001792	HIMB109_00038	D0RRA6	92.6
OG0001795	HTCC1062_01173	Q4FLH2	92.5
OG0001796	NP1_00931	A0A6H1Q3W9	94.8
OG0001797	HIMB114_00915	D0RQ29	98.3
OG0001800	HIMB5_01133	J9YY53	97
OG0001801	HIMB114_00942	D0RQ53	91.9
OG0001802	HIMB1695_00508	A0A926LZ21	91.8
OG0001805	HIMB1321_01364	A0A1X7H850	95.6
OG0001806	ME-20_00044	A0A9E5I481	93.7
OG0001810	HIMB5_01183	J9YY97	92.5
OG0001811	RS40_00639	A0A1W6BGK3	100
OG0001816	IMCC9063_00816	F2I2A1	95.3
OG0001818	HIMB1597_00215	A0A520T5I2	89
OG0001819	NP1_01284	A0A6H1Q3M2	95.1
OG0001822	ME-17_00317	A0A845RXX6	100
OG0001823	HIMB1685_00821	A0A2E1S7M9	92.5
OG0001824	HIMB1321_01351	A0A1X7H889	96.7
OG0001827	HIMB058_00221	A0A9E1JCR9	88.2
OG0001829	RS39_00349	A0A1W6BCK0	98.6
OG0001831	HTCC1062_00577	Q4FN53	99
OG0001834	LSUCC0530_00609	A0A388PXA9	94.9
OG0001835	IMCC9063_00771	F2I254	94.7
OG0001837	HTCC1002_00088	Q1UZP1	95.5
OG0001838	IMCC9063_01346	F2I1U7	96.3
OG0001840	HTCC7211_00220	B6BRK6	91.1
OG0001841	IMCC9063_00566	F2I403	93.1
OG0001842	LSUCC0530_00446	A0A388Q0E9	87.4
OG0001843	IMCC9063_01317	F2I1R8	88.9
OG0001844	HIMB1758_01018	A0A946RK13	87.9
OG0001846	Uisw_134_02_01046	A0A2D7TW94	88.9
OG0001848	HTCC7211_00735	A0A926RF96	94.2
OG0001849	HTCC7211_01543	A0A926RFK7	91.2
OG0001852	HTCC7211_00506	B6BSB9	94.2
OG0001853	HIMB5_00464	J9YUR4	93.8
OG0001854	HIMB1321_01191	A0A1X7H674	88.8
OG0001855	RS40_00273	A0A1W6BFM5	98.4
OG0001856	IMCC9063_00554	F2I3Z0	91
OG0001860	NP1_00770	A0A6H1Q3G6	90.8
OG0001861	RS39_00853	A0A1W6BDS1	91.3
OG0001862	HIMB5_00384	J9YT80	97.6
OG0001866	IMCC9063_00346	F2I054	92.3
OG0001867	IMCC9063_01351	F2I1V2	87
OG0001868	LSUCC0530_00322	A0A388Q2D6	97.5
OG0001872	HIMB5_00460	J9YTC2	93.5
OG0001873	NP1_00688	A0A6H1Q3J9	96.5
OG0001874	HIMB5_01202	J9YYA1	100
OG0001875	HIMB1321_01291	A0A1X7H7I1	89.3
OG0001876	Uisw_127_00872	Q1V2I7	100
OG0001877	HIMB1321_01355	A0A1X7H842	92.9
OG0001878	HIMB058_00043	A0A2D5G800	92.3
OG0001879	NP1_00045	A0A6H1Q1G9	97.9
OG0001881	HTCC1062_00559	Q1V1V8	92.5
OG0001882	HIMB1321_00965	A0A1X7H3G1	95.6
OG0001886	HTCC7211_00629	B6BSN1	95
OG0001887	HIMB1321_00193	A0A1X7GMM7	88.3
OG0001889	HIMB4_01041	A0A966Y4G0	98.3
OG0001890	LSUCC0530_00170	A0A966HPP7	96.7
OG0001891	HIMB114_00768	D0RPN7	95.9
OG0001892	IMCC9063_01357	F2I1V9	98.8
OG0001893	ME-20_00504	A0A969VU34	92
OG0001894	HIMB114_00431	D0RNQ8	94.6
OG0001898	HIMB5_00510	J9YTJ2	94.9
OG0001899	RS39_00286	A0A1W6BCA2	93.5
OG0001900	HIMB114_00901	M3UVX6	96
OG0001903	HTCC1002_00112	Q1UZL6	88.8
OG0001906	ME-18_00322	A0A4P5SNH4	100
OG0001907	LSUCC0530_00139	A0A845SHN0	91.9
OG0001908	HIMB114_01163	D0RQS1	93.3
OG0001909	HTCC7217_00057	A0A926LV10	97.3
OG0001911	RS40_00118	A0A1W6BFE9	96.3
OG0001915	HIMB5_01107	J9YVT4	95.6
OG0001916	HTCC7211_00760	B6BT03	90
OG0001917	HTCC7214_01379	A0A926N9B5	97.2
OG0001921	HTCC1040_01022	Q4FLG5	100
OG0001923	HIMB1456_00715	A0A926M1E7	90.4
OG0001924	HIMB1321_00291	A0A1X7GQ82	91.9
OG0001925	HIMB114_00715	D0RPI5	88
OG0001926	RS39_00283	A0A1W6BC46	96.5
OG0001927	IMCC9063_00583	F2I419	96.6
OG0001928	HIMB1413_00033	A0A2E0MFI4	93.2
OG0001934	HTCC1062_00536	Q1V1T5	96.9
OG0001936	HTCC7214_01360	A0A940CJI9	87
OG0001939	HIMB1321_00352	A0A1X7GSA6	94.5
OG0001940	IMCC9063_00088	F2I2P3	95.7
OG0001943	NP1_00015	A0A6H1Q1Q1	96.6
OG0001945	HIMB114_00984	D0RQ94	95
OG0001946	HIMB5_00466	J9YW80	91.1
OG0001948	RS40_00646	A0A1W6BGK1	99.3
OG0001950	RS40_01154	A0A1W6BI12	89.4
OG0001956	FZCC0015_01238	A0A5N9AZW8	99.7
OG0001957	IMCC9063_00105	F2I2R0	98.2
OG0001958	IMCC9063_00066	F2I2M0	95.9
OG0001959	HIMB114_00197	D0RN32	99.8
OG0001960	HIMB114_01356	D0RMW7	99.1
OG0001965	HIMB5_01178	J9YY88	89.6
OG0001967	RS40_01153	A0A1W6BI50	94.5
OG0001972	HIMB114_01303	D0RR62	97.1
OG0001974	IMCC9063_00075	F2I2M9	94.2
OG0001976	HIMB114_00187	D0RN22	93.3
OG0001978	HTCC7211_00871	B6BP63	95
OG0001979	HTCC9022_01330	A0A926LTN1	85.4
OG0001980	RS39_00565	A0A1W6BCY3	96.3
OG0001981	HIMB5_01181	J9YVZ3	91.9
OG0001983	IMCC9063_00647	F2I0B2	100
OG0001984	RS40_01152	A0A1W6BHW8	91.3
OG0001987	RS39_00351	A0A1W6BCB2	97.4
OG0002009	HIMB1321_01027	A0A1X7H407	97.2
OG0002013	HTCC1002_00108	Q1UZM0	97.7
OG0002014	HTCC1062_01184	Q4FLG2	93.7
OG0002017	HIMB1321_01157	A0A1X7H5C8	97.3
OG0002019	RS39_00335	A0A1W6BCG7	97.6
OG0002020	RS39_00284	A0A1W6BCB8	91.4
OG0002021	HTCC7211_00040	B6BR48	96.3
OG0002023	IMCC9063_00970	F2I2I1	92
OG0002052	HIMB114_00225	D0RN60	96.4
OG0002053	LSUCC0530_00842	A0A845SCB9	100
OG0002055	HIMB114_00897	D0RQ11	95.5
OG0002056	HIMB114_00896	M3UVX1	91.6
OG0002057	HIMB1436_00849	A0A3D8UPI8	90.5
OG0002059	HIMB114_00826	D0RPU4	92.5
OG0002060	HIMB114_00661	D0RPD1	94.9
OG0002065	HIMB1494_00843	A0A926M7I8	94.4
OG0002066	IMCC9063_00034	F2I226	88.9
OG0002068	HIMB5_00609	J9YWE1	85.8
OG0002106	HIMB1518_01106	A0A3D2IDM7	94.1
OG0002110	IMCC9063_00818	F2I2A3	97.1
OG0002111	HIMB114_00236	D0RN72	91.1
OG0002112	HTCC7211_01394	B6BQJ0	100
OG0002113	HTCC7211_01392	B6BQI8	98.9
OG0002116	IMCC9063_01393	F2I1Z6	95.4
OG0002117	HIMB1506_01174	A0A940CR99	88.7
OG0002118	IMCC9063_00135	F2I383	97.2
OG0002119	HIMB114_00821	D0RPT9	92.6
OG0002120	LSUCC0530_00021	A0A845S922	92
OG0002121	IMCC9063_01321	F2I1S2	89.5
OG0002122	HIMB114_00277	D0RNB2	96.1
OG0002123	HIMB1662_00678	A0A832STB3	90.5
OG0002124	LSUCC0530_00515	A0A388PY72	89.9
OG0002125	HIMB114_01157	D0RQR5	95.7
OG0002126	NP1_01245	A0A6H1Q3F1	95.1
OG0002127	NP1_01484	A0A6H1Q456	87.6
OG0002128	IMCC9063_00617	F2I085	95.8
OG0002129	HTCC7211_00038	B6BR46	98.3
OG0002172	IMCC9063_01325	F2I1S6	99.2
OG0002174	RS40_01060	A0A1W6BHV2	92.9
OG0002177	RS40_00641	A0A1W6BGP7	97.2
OG0002180	HIMB5_01131	J9YWF6	98.3
OG0002181	IMCC9063_00068	F2I2M2	92.9
OG0002182	IMCC9063_01395	F2I322	99
OG0002183	IMCC9063_00830	F2I2B5	97
OG0002184	IMCC9063_00815	F2I2A0	100
OG0002192	NP1_00393	A0A6H1Q2E7	98.2
OG0002193	LSUCC0530_00069	A0A845SBC1	91.8
OG0002194	IMCC9063_00203	F2I3E7	97.2
OG0002195	LSUCC0530_00600	A0A845SG96	93.6
OG0002198	HTCC1002_00636	Q1V240	96.6
OG0002199	HTCC1002_00063	Q1UZR9	100
OG0002201	HTCC1002_00082	Q1UZP7	93.2
OG0002203	RS39_00287	A0A1W6BCA0	96.6
OG0002204	RS39_00350	A0A1W6BCH5	93.2
OG0002206	MKE-138_00886	A0A845S8K5	95.1
OG0002231	IMCC9063_00981	F2I2J2	96.8
OG0002232	Uisw_130_01051	A0A382FDF1	89
OG0002234	HIMB114_00622	D0RP91	95.8
OG0002238	HTCC1062_01302	Q4FL44	99.3
OG0002239	HTCC1062_01300	Q4FL46	97.4
OG0002241	IMCC9063_00133	F2I2U0	94.4
OG0002242	IMCC9063_00786	F2I270	96.2
OG0002243	NP1_00776	A0A6H1Q471	97
OG0002244	HIMB114_00445	D0RNS2	93.3
OG0002245	LSUCC0723_01100	D0RR66	96.1
OG0002246	LSUCC0530_00356	A0A845SC83	91.1
OG0002247	IMCC9063_00565	F2I402	97.5
OG0002252	HIMB5_00022	J9YUQ0	98.5
OG0002254	RS40_01150	A0A1W6BHV4	96.2
OG0002255	Uisw_113_00492	A0A0R2UZF4	89.6
OG0002256	HIMB5_01263	J9YY59	99.1
OG0002257	Uisw_136_01430	A0A1C2AXK6	87.5
OG0002263	HTCC1002_00107	Q1UZM1	94.8
OG0002279	HIMB1321_00427	A0A1X7GTY8	100
OG0002280	NP1_00782	A0A6H1Q3T7	97.2
OG0002282	Uisw_104_00155	A0A520QUD0	92.9
OG0002283	NP1_00682	A0A6H1Q3X2	96.8
OG0002286	HTCC7211_01575	A0A926MF88	96.2
OG0002287	HIMB1863_01031	A0A2E6T9K8	86.7
OG0002288	HIMB114_00229	D0RN65	96.5
OG0002290	HTCC7211_00791	B6BT33	100
OG0002295	HIMB1758_00068	A0A926MVD1	85.6
OG0002298	HIMB1321_00204	A0A1X7GMS2	96.6
OG0002299	HIMB5_00467	J9YWD4	91.3
OG0002301	NP1_01491	A0A6H1Q422	89.4
OG0002303	HTCC1002_00083	Q1UZP6	90.2
OG0002306	HTCC1002_00073	Q1UZQ6	96.2
OG0002308	RS39_00568	A0A1W6BD48	97.1
OG0002312	HIMB1321_00757	A0A1X7GZ09	94.9
OG0002313	HIMB1321_01034	A0A1X7H4R1	96
OG0002334	NP1_00135	A0A6H1Q076	98.1
OG0002336	HIMB1436_00847	A0A3D8UP38	89.6
OG0002338	HIMB5_01203	J9YYB9	100
OG0002339	HIMB114_01242	D0RR01	96.8
OG0002341	IMCC9063_00264	F2I3T8	97.6
OG0002342	HIMB114_00195	D0RN30	100
OG0002343	LSUCC0530_00071	A0A845SH33	88.4
OG0002344	HIMB5_01206	J9YW20	89.7
OG0002347	HTCC7211_00858	B6BP51	90.4
OG0002350	HIMB1701_00422	A0A9E1Y683	89.7
OG0002354	HIMB1321_00433	A0A1X7GT79	94.7
OG0002355	IMCC9063_01109	F2I167	95.8
OG0002363	LSUCC0530_00904	A0A388Q2Z0	95.3
OG0002365	Uisw_121_00437	A0A0R2V5H2	92.1
OG0002367	LSUCC0530_00108	A0A966HN92	95.9
OG0002369	HIMB1321_01025	A0A1X7H4K9	98.4
OG0002370	IMCC9063_00562	F2I3Z8	95.3
OG0002373	HIMB1436_00848	A0A3D8UP27	90.3
OG0002379	IMCC9063_00035	F2I227	94.5
OG0002381	LSUCC0530_00180	A0A966HNP6	98.6
OG0002384	HTCC1062_00560	Q4FN70	92.6
OG0002385	HIMB114_00743	D0RPL3	98.3
OG0002386	IMCC9063_00275	F2I3U9	98.8
OG0002387	HIMB114_01118	D0RQM6	90.8
OG0002388	HIMB1565_01119	D0RPC8	94.9
OG0002389	HIMB114_01339	D0RR98	96.3
OG0002391	NP1_01475	A0A6H1Q3Q6	100
OG0002392	NP1_01485	A0A6H1Q3R6	96.9
OG0002393	NP1_00659	A0A6H1Q1K4	95.3
OG0002395	HTCC7211_00854	B6BP47	95.4
OG0002399	RS39_00567	A0A1W6BD20	89
OG0002401	HTCC7211_01368	B6BQG5	95.6
OG0002402	RS40_00376	A0A1W6BFW7	96.7
OG0002409	RS40_00373	A0A1W6BG13	98.6
OG0002414	RS39_00300	A0A1W6BC61	96
OG0002416	RS40_01175	A0A1W6BI66	96.4
OG0002424	HIMB1321_00366	A0A1X7GRS6	96
OG0002427	HIMB1321_00339	A0A1X7GR26	94.8
OG0002428	HIMB114_01296	D0RR55	93.3
OG0002430	HIMB1321_00422	A0A1X7GTV3	95.5
OG0002432	HTCC7211_00857	B6BP50	100
OG0002436	HTCC7211_01549	B6BQY2	93.2
OG0002437	RS39_00059	A0A1W6BBN5	97.6
OG0002438	HIMB1490_00595	A0A926MI48	89.7
OG0002439	HIMB1491_00602	A0A926RFF3	87.6
OG0002440	Uisw_094_00391	A0A381W119	95.9
OG0002453	LSUCC0723_00597	A0A2E1LNM7	90.8
OG0002454	RS39_00302	A0A1W6BCD6	92.9
OG0002456	NP1_00351	A0A6H1Q0Q7	87.7
OG0002457	IMCC9063_00098	F2I2Q3	95.6
OG0002463	HIMB114_01187	D0RQU6	97.8
OG0002464	HIMB114_00813	D0RPT1	86.7
OG0002465	IMCC9063_00532	F2I3W8	86.8
OG0002466	IMCC9063_00531	F2I3W7	87.6
OG0002467	HIMB1565_00456	D0RRA9	98
OG0002469	LSUCC0530_00840	A0A388Q0G7	95.6
OG0002473	HTCC7211_00856	B6BP49	100
OG0002483	NP1_00683	A0A6H1Q2T9	93.3
OG0002489	IMCC9063_00074	F2I2M8	97.2
OG0002491	HTCC1002_00716	Q1V1W3	96.2
OG0002493	RS39_00305	A0A1W6BC98	100
OG0002494	HIMB5_01269	J9YWT9	95.9
OG0002498	LSUCC0723_01024	A0A2E8X8X9	85.5
OG0002499	NP1_01478	A0A6H1Q5T7	94.2
OG0002501	LSUCC0530_00786	A0A970AYE7	89.6
OG0002503	HIMB1321_00432	A0A1X7GTR3	98.9
OG0002504	HIMB5_01209	J9YY05	89.2
OG0002505	HIMB114_00939	D0RQ50	92.4
OG0002506	HIMB5_01204	J9YY00	93.5
OG0002507	IMCC9063_01406	F2I333	97.7
OG0002508	HIMB114_00005	D0RRA8	97.6
OG0002509	HIMB114_00194	D0RN29	98.2
OG0002510	HIMB114_00520	M3V285	93.9
OG0002511	HTCC7211_00219	B6BRK5	93.9
OG0002514	HTCC7211_00863	B6BP55	93.6
OG0002516	HTCC1002_00109	Q1UZL9	98.4
OG0002517	HIMB1321_00780	A0A1X7GZL3	96.7
OG0002518	HTCC7211_01462	A0A926MHI5	90.6
OG0002524	HIMB114_00918	D0RQ32	95.2
OG0002525	HIMB5_00409	J9YUN0	94.5
OG0002527	HIMB1770_00572	A0A3D2IFG7	90.5
OG0002528	NP1_00769	A0A6H1Q1V4	97.4
OG0002533	RS39_00282	A0A1W6BCB6	87.6
OG0002539	HTCC1062_01172	Q4FLH3	87.4
OG0002541	Uisw_094_00407	A0A926MDE9	96.1
OG0002543	HTCC7211_01397	B6BQJ3	99.4
OG0002550	Uisw_136_00615	A0A9E1JCR1	95.1
OG0002551	HIMB1662_00683	A0A1Z9MIT4	86.7
OG0002553	IMCC9063_00572	F2I408	98.1
OG0002554	HIMB114_01180	D0RQT9	95.6
OG0002555	IMCC9063_00782	F2I266	92
OG0002556	HIMB114_00261	D0RN96	98.4
OG0002557	HIMB1565_00442	D0RMX2	87.2
OG0002559	IMCC9063_00646	F2I0B1	93.2
OG0002561	MKE-138_00261	A0A4P5SKE6	89
OG0002563	HTCC7211_00862	B6BP54	91.1
OG0002569	HIMB5_01111	J9YWD2	95.5
OG0002582	IMCC9063_01356	F2I1V8	96.2
OG0002589	Uisw_094_00389	A0A2E2EKD5	100
OG0002590	IMCC9063_01399	F2I326	91.2
OG0002593	HTCC1062_01024	Q4FLW5	96.7
OG0002602	RS40_00640	A0A1W6BGS2	94.1
OG0002604	RS40_00377	A0A1W6BG22	94.2
OG0002606	HIMB114_01337	D0RMV5	98.1
OG0002607	RS40_00270	A0A1W6BFK1	95.3
OG0002609	HIMB109_00082	D0RR79	91.3
OG0002610	HIMB114_00735	D0RPK5	98
OG0002612	LSUCC0723_00770	D0RNA1	100
OG0002615	IMCC9063_01299	F2I1Q0	97
OG0002616	MKE-138_00415	A0A845SA72	96.3
OG0002617	LSUCC0723_00085	D0RQ92	95.9
OG0002618	HIMB1321_00211	A0A1X7GMX1	100
OG0002622	NP1_01488	A0A6H1Q5U7	93.3
OG0002626	HTCC7211_00868	A0A926MEU7	94.4
OG0002632	Uisw_101_00839	A0A945E7Q3	94.7
OG0002640	RS39_01089	A0A1W6BEF3	90.8
OG0002641	RS40_00875	A0A1W6BH66	91.7
OG0002643	IMCC9063_00093	F2I2P8	94.3
OG0002647	Uisw_094_00396	A0A2E2EKD6	99.8
OG0002648	Uisw_094_00392	A0A2E2EKS2	92.5
OG0002649	Uisw_094_00390	A0A381W152	85.3
OG0002650	Uisw_094_00388	A0A926RE14	98
OG0002653	HTCC7211_00628	B6BSN0	99.7
OG0002658	LSUCC0723_01096	A0A2E1LLU4	98.5
OG0002661	HTCC7211_00014	A0A926MF95	97.7
OG0002666	NP1_01472	A0A6H1Q647	91.2
OG0002667	NP1_01476	A0A6H1Q5D8	94.3
OG0002677	HIMB114_01317	D0RR77	92.1
OG0002678	HIMB114_00291	D0RNC6	85.5
OG0002680	ME-17_00928	A0A9E3LFE2	93.8
OG0002681	HTCC1002_00343	Q4FLB5	96.4
OG0002684	NP1_01474	A0A6H1Q447	88.1
OG0002687	IMCC9063_00960	F2I2H1	95.4
OG0002701	HIMB1444_00774	A0A3C0GKH4	88.8
OG0002702	IMCC9063_00278	F2I3V2	92
OG0002705	NP1_00136	A0A6H1Q0G7	95.6
OG0002719	IMCC9063_00131	F2I2T8	95.6
OG0002720	HIMB1321_00831	A0A1X7H1J3	99.2
OG0002722	HTCC1002_01014	Q1V125	92.2
OG0002733	HIMB114_01156	D0RQR4	89.5
OG0002735	RS40_00444	A0A1W6BG82	97.1
OG0002737	RS40_00520	A0A1W6BGI3	98.2
OG0002740	NP1_01479	A0A6H1Q4H7	100
OG0002741	NP1_01489	A0A6H1Q4I6	100
OG0002742	NP1_01468	A0A6H1Q5S7	93.5
OG0002743	NP1_01451	A0A6H1Q4X0	94.3
OG0002745	RS40_00642	A0A1W6BGS5	96
OG0002748	HTCC7214_00045	A0A0R2RR17	95.1
OG0002752	HIMB1863_01030	A0A2E6TAW9	86.5
OG0002755	HIMB109_00429	D0RNA5	90.7
OG0002759	IMCC9063_01402	F2I329	97
OG0002760	HIMB114_01148	D0RQQ6	98.1
OG0002761	HIMB123_00580	A0A9E4HT89	85
OG0002762	HIMB5_00837	J9YV22	90.9
OG0002763	LSUCC0530_00496	A0A845SBX3	87.9
OG0002765	HIMB5_01212	J9YYB4	97.1
OG0002775	HTCC7211_00872	B6BP64	95.2
OG0002784	RS39_01120	A0A1W6BE80	96.3
OG0002792	HTCC1002_00102	Q1UZM7	92.6
OG0002804	IMCC9063_00814	F2I299	98.4
OG0002807	RS39_00314	A0A1W6BCF1	94.9
OG0002812	NP1_01446	A0A6H1Q4E0	96.8
OG0002816	NP1_00780	A0A6H1Q3H5	95.9
OG0002826	LSUCC0530_00032	A0A388PZZ8	97
OG0002827	RS40_00343	A0A1W6BG29	92
OG0002832	NP1_01481	A0A6H1Q413	92.8
OG0002833	NP1_01482	A0A6H1Q657	94.7
OG0002835	NP1_01463	A0A6H1Q3P5	98.4
OG0002836	NP1_01456	A0A6H1Q5R7	93.1
OG0002837	NP1_01453	A0A6H1Q3N5	92
OG0002838	NP1_01452	A0A6H1Q427	96.1
OG0002839	NP1_01449	A0A6H1Q629	89.3
OG0002846	HIMB1463_00032	J9YX85	98.8
OG0002848	HIMB1702_01137	A0A382VCU7	88.9
OG0002850	RS40_01171	A0A1W6BI41	90.3
OG0002852	RS40_00169	A0A1W6BFL4	90.7
OG0002860	HIMB1321_00197	A0A1X7GN77	95.8
OG0002871	MiE-29_00660	A0A845S3L5	87.7
OG0002872	HIMB114_01107	D0RQL6	97.8
OG0002875	HIMB5_01195	J9YWL6	95.3
OG0002876	HTCC1002_00095	Q1UZN4	96.9
OG0002877	HIMB5_01193	J9YYA8	91.1
OG0002878	HIMB5_01192	J9YY93	96.7
OG0002879	LSUCC0530_00441	A0A388PZ22	99.7
OG0002880	MKE-138_00258	A0A964UZ88	91
OG0002888	HIMB1509_01216	A0A926MFV9	89.1
OG0002895	HTCC7211_00017	A0A926MGD7	97.3
OG0002899	HIMB114_00842	M3U8B9	92.9
OG0002901	NP1_01487	A0A6H1Q421	91.3
OG0002908	IMCC9063_00076	F2I2N0	93.8
OG0002909	HIMB2304_00740	A0A920NYI4	97.8
OG0002910	MKE-138_00885	A0A966LXM1	86.3
OG0002925	HTCC7211_00005	B6BR13	100
OG0002927	HIMB1321_00201	A0A1X7GN87	97.1
OG0002928	LSUCC0723_00596	A0A2D7TW62	93.2
OG0002930	Uisw_099_02_00836	A0A0R2V8E9	97.1
OG0002931	HTCC9565_01030	A0A0R2V431	89.2
OG0002932	HTCC1002_01012	Q1V127	98.5
OG0002935	HIMB5_00471	J9YW86	98.7
OG0002939	NP1_00772	A0A6H1Q3S8	94.2
OG0002940	HTCC1002_00078	Q1UZQ1	97.2
OG0002954	NP1_01480	A0A6H1Q3R7	93.3
OG0002955	NP1_01483	A0A6H1Q500	94
OG0002956	NP1_01461	A0A6H1Q4Y0	95
OG0002957	NP1_01458	A0A6H1Q3P8	97.9
OG0002958	NP1_01457	A0A6H1Q4F0	100
OG0002959	NP1_01454	A0A6H1Q5B8	96.4
OG0002960	NP1_01448	A0A6H1Q3Y3	100
OG0002961	NP1_01444	A0A6H1Q5Q8	97.5
OG0002962	NP1_01442	A0A6H1Q5A8	98.1
OG0002967	NP1_01490	A0A6H1Q3S7	94.8
OG0002977	HTCC7214_00044	A0A0R2RXN2	91.1
OG0002980	HIMB1321_00430	A0A1X7GTA0	94.3
OG0002984	RS40_00379	A0A1W6BG18	99.1
OG0002985	HIMB109_00840	A0A9E3GJ71	88.3
OG0002986	LSUCC0723_01099	A0A2E1LLP7	100
OG0002987	HIMB114_00325	D0RNF8	96.1
OG0002991	IMCC9063_00812	F2I297	96.1
OG0002992	RS40_00108	A0A1W6BF73	95.6
OG0002996	LSUCC0530_01167	A0A388PX82	92.2
OG0002997	HTCC7217_00050	A0A926LUH2	95.3
OG0002999	LSUCC0530_00104	A0A969VVG8	87.4
OG0003000	HIMB114_00288	D0RNC3	87.1
OG0003002	HIMB114_01340	D0RR99	91.8
OG0003006	Uisw_094_00915	Q1UZR6	94.9
OG0003007	HTCC7214_01284	A0A926MT01	99
OG0003008	HIMB1321_00754	A0A1X7GZG0	96.6
OG0003012	IMCC9063_00966	F2I2H7	98.4
OG0003013	LSUCC0530_00142	A0A9E5H7Y8	88.9
OG0003014	ME-33_00032	A0A9E3GKE5	85.7
OG0003015	LSUCC0530_00036	A0A388PZV7	93.6
OG0003016	LSUCC0530_00040	A0A388Q1N7	91.8
OG0003017	LSUCC0530_00045	A0A4P5SM33	93.1
OG0003018	ME-18_00061	A0A845S8W5	91.2
OG0003020	ME-20_00076	A0A966T8P1	93.1
OG0003021	LSUCC0530_00096	A0A969VVG2	90.3
OG0003022	LSUCC0530_00109	A0A969VVD9	100
OG0003025	LSUCC0530_00374	A0A966HPM8	90.2
OG0003026	LSUCC0530_00421	A0A966HMZ9	91.8
OG0003027	LSUCC0530_00426	A0A845SBD9	94.7
OG0003028	LSUCC0530_00791	A0A845SB24	88.3
OG0003029	MiE-29_00756	A0A9E3LGR5	88.2
OG0003030	ME-18_00738	A0A9E3LFD7	89.3
OG0003032	ME-18_00765	A0A9E3GJ20	99.1
OG0003033	LSUCC0530_01008	A0A845SAN2	92.4
OG0003034	LSUCC0530_01014	A0A388PYE7	94.2
OG0003035	LSUCC0530_01016	A0A388PZG9	98.3
OG0003036	LSUCC0530_01023	A0A966HQ17	91.4
OG0003037	LSUCC0530_01079	A0A388PX33	91.9
OG0003039	LSUCC0530_01164	A0A966HLH4	97.2
OG0003052	HIMB5_01019	J9YXU1	97.2
OG0003054	Uisw_114_00936	A0A0R2QWJ5	89
OG0003086	HTCC7217_00954	A0A2D7Q547	87.6
OG0003092	HTCC1002_01013	Q1V126	97.2
OG0003099	HTCC7217_00960	A0A2D8KJK3	89.7
OG0003111	IMCC9063_00062	F2I2L6	90.5
OG0003114	Uisw_114_00901	Q6SHL3	91.3
OG0003116	NP1_01470	A0A6H1Q3Q7	92.1
OG0003119	NP1_01462	A0A6H1Q437	99.6
OG0003120	NP1_01459	A0A6H1Q3Z3	98.8
OG0003136	IMCC9063_00245	F2I3R9	96.3
OG0003138	HTCC7211_01209	A0A926MH86	98.6
OG0003149	NP1_01469	A0A6H1Q4F9	93.2
OG0003150	IMCC9063_00792	F2I276	93.1
OG0003158	HIMB114_01300	M3V3Q4	88.5
OG0003164	IMCC9063_00180	F2I3C5	97.7
OG0003170	HIMB5_01189	J9YXY6	91.9
OG0003171	HIMB5_01187	J9YY90	95
OG0003172	MiE-29_00754	A0A388Q1I6	89.4
OG0003173	ME-20_00108	A0A845S4I7	90.3
OG0003174	LSUCC0723_00087	A0A520TCN8	91.1
OG0003192	RS40_00383	A0A1W6BFU7	100
OG0003201	IMCC9063_00872	F2I0Q8	92.3
OG0003216	HIMB1321_00428	A0A1X7GSS7	99.5
OG0003223	HTCC7211_00891	A0A926MGA6	98.3
OG0003233	HTCC1013_00865	A0A9E1Y6M3	96.7
OG0003235	Uisw_099_02_00837	A0A0R2V774	92.4
OG0003236	Uisw_099_02_00839	A0A0R2V8E3	91.7
OG0003237	Uisw_099_02_00840	A0A0R2V2D4	92
OG0003255	RS40_00866	A0A1W6BHC6	95.2
OG0003256	RS40_00849	A0A1W6BH28	96.4
OG0003257	RS40_00862	A0A1W6BH43	92.9
OG0003262	HIMB1321_01050	A0A1X7H4E5	97.2
OG0003264	IMCC9063_00052	F2I247	85.2
OG0003265	LSUCC0261_00325	A0A2N7UBI3	86.7
OG0003269	NP1_01471	A0A6H1Q403	99
OG0003270	NP1_01473	A0A6H1Q4Z0	94
OG0003271	NP1_01464	A0A6H1Q5C9	91.3
OG0003277	HTCC1002_01274	Q1V0B6	97.2
OG0003278	HIMB1321_00833	A0A1X7H0K9	95.4
OG0003294	HIMB1321_01057	A0A1X7H4Y5	94.6
OG0003297	HIMB1321_00208	A0A1X7GNH0	97.9
OG0003307	HIMB114_00331	D0RNG4	96.2
OG0003308	HIMB114_00330	D0RNG3	86.3
OG0003309	HIMB114_00321	D0RNF4	94.7
OG0003318	HIMB114_00964	D0RQ75	88
OG0003319	IMCC9063_00183	F2I3C8	93.8
OG0003320	HTCC1002_01273	Q1V0B7	95.2
OG0003322	LSUCC0723_01045	D0RMX1	98.4
OG0003324	HIMB1321_00807	A0A1X7H012	90.1
OG0003336	HIMB5_01191	J9YW03	94.4
OG0003337	HIMB5_01190	J9YWL0	97.6
OG0003340	ME-20_00111	A0A970AZJ2	94.3
OG0003341	ME-18_00094	A0A970B1L5	93.7
OG0003343	NP1_01486	A0A6H1Q5E7	92.2
OG0003348	HTCC7211_00873	B6BP65	94.6
OG0003349	HTCC7211_00870	A0A926MET6	94.2
OG0003401	NP1_00783	A0A6H1Q2I3	97
OG0003426	HIMB1321_00431	A0A1X7GV05	98
OG0003433	HIMB1321_00429	A0A1X7GT48	95
OG0003435	RS40_00864	A0A1W6BHA6	96.2
OG0003441	ME-31_00355	A0A969VY06	98.8
OG0003442	NP1_01466	A0A6H1Q400	89.5
OG0003453	IMCC9063_00132	F2I2T9	97.8
OG0003466	HIMB1321_00855	A0A1X7H0U3	96.4
OG0003468	RS40_01164	A0A1W6BI23	90.2
OG0003471	HIMB1321_00198	A0A1X7GMP1	95.6
OG0003477	HIMB1321_00209	A0A1X7GPP4	94.6
OG0003492	NP1_00677	A0A6H1Q1W1	93.9
OG0003502	HTCC7211_00864	B6BP56	100
OG0003520	HTCC7211_00883	A0A926MEV5	100
OG0003521	HTCC7211_00876	B6BP67	93.8
OG0003533	HTCC1002_00077	Q1UZQ2	89.1
OG0003541	IMCC9063_01315	F2I1R6	98
OG0003542	IMCC9063_01147	F2I1A2	93.5
OG0003543	HIMB1517_00382	M3UVB9	94.2
OG0003544	HIMB1709_00400	A0A9E2DP36	93.6
OG0003547	HTCC1002_00100	Q1UZM9	95.3
OG0003548	LSUCC0723_01058	M3V3T4	96.3
OG0003549	HIMB109_00955	A0A2E1LP48	92.1
OG0003551	HIMB1463_00895	J9YUR7	94.2
OG0003555	HIMB5_01197	J9YY98	96.1
OG0003560	HTCC1002_01237	Q1V0F1	87.5
OG0003561	Uisw_121_00815	A0A946A854	85.4
OG0003562	IMCC9063_01408	F2I335	93.4
OG0003563	ME-31_00143	A0A970AXQ0	93.6
OG0003565	ME-18_00133	A0A969VVC3	93
OG0003567	ME-33_00133	A0A970B196	88.4
OG0003589	Uisw_137_00842	A0A926RJX2	86.1
OG0003624	HTCC9022_00768	A0A9E2DP57	85.4
OG0003650	NP1_00784	A0A6H1Q1X3	90.4
OG0003661	IMCC9063_00049	F2I242	91.5
OG0003671	HIMB1863_00930	A0A920TRC6	95
OG0003692	RS40_00865	A0A1W6BH52	93.6
OG0003713	IMCC9063_00968	F2I2H9	96.6
OG0003721	NP1_00774	A0A6H1Q1W3	95.9
OG0003722	NP1_00768	A0A6H1Q286	95.4
OG0003723	NP1_00766	A0A6H1Q454	97.3
OG0003724	HTCC1062_00547	Q4FN83	92.4
OG0003732	HIMB114_00886	D0RQ00	95.7
OG0003743	HIMB1321_00847	A0A1X7H189	89.5
OG0003744	HIMB1321_00848	A0A1X7H1T6	100
OG0003797	HIMB114_00074	D0RRH4	95.5
OG0003817	NP1_00698	A0A6H1Q3K7	98.7
OG0003840	HIMB1321_00196	A0A1X7GN32	95.6
OG0003847	IMCC9063_00983	F2I2J4	93.8
OG0003859	HIMB1527_01209	A0A967CZG3	85.9
OG0003861	IMCC9063_00874	F2I0R0	90.5
OG0003862	HTCC1002_00101	Q1UZM8	97.5
OG0003864	HIMB114_00015	D0RRB8	90.2
OG0003867	IMCC9063_00181	F2I3C6	93.9
OG0003868	HIMB114_00999	D0RQA8	96.7
OG0003869	HIMB114_01000	D0RQA9	94.6
OG0003871	HIMB114_00641	M3V2F6	92.2
OG0003872	HIMB114_00640	D0RPB0	97.2
OG0003873	HIMB114_00627	D0RP96	88.9
OG0003874	HIMB114_00626	D0RP95	87.4
OG0003875	HIMB114_00617	D0RP86	92.2
OG0003890	HTCC1002_00092	Q1UZN7	95.5
OG0003891	HIMB1527_01153	A0A966Y8D4	93.1
OG0003892	HTCC7211_00869	B6BP61	97.3
OG0003893	HIMB1517_00110	A0A2E1LLQ1	96.4
OG0003895	HIMB5_01188	J9YYA2	93.3
OG0003897	IMCC9063_00962	F2I2H3	96
OG0003898	IMCC9063_01409	F2I336	89.8
OG0003900	LSUCC0530_00048	A0A966M2M9	93
OG0003903	ME-18_00053	A0A9E5I571	89.4
OG0003963	HTCC1002_00090	Q1UZN9	100
OG0003991	HIMB1527_00653	A0A926LZG9	87
OG0004026	RS40_00626	A0A1W6BGH8	94.6
OG0004033	HTCC1002_00086	Q1UZP3	95.7
OG0004071	ME-33_00533	A0A964JAT4	98.8
OG0004089	HTCC7211_00867	A0A926MHM6	96.2
OG0004093	NP1_01455	A0A6H1Q3Z1	98.7
OG0004111	HIMB114_00909	D0RQ23	97.7
OG0004118	HIMB114_00899	D0RQ13	96
OG0004119	HIMB114_00904	D0RQ18	93.8
OG0004120	HIMB114_00887	D0RQ01	94.9
OG0004121	HIMB114_00873	D0RPY7	90.5
OG0004123	HTCC7211_01550	A0A926MHU3	96
OG0004126	HIMB1509_01069	A0A2E6LWB4	95.6
OG0004133	HIMB1517_00913	A0A926R528	93.7
OG0004136	ME-31_01074	A0A845RW82	91.5
OG0004137	HIMB5_01214	J9YY10	91.9
OG0004138	HIMB5_01216	J9YW31	100
OG0004139	HIMB5_01218	J9YYD4	87.8
OG0004179	Uisw_094_00393	A0A2E2EKG5	90.5
OG0004191	HIMB1321_00425	A0A1X7GSS8	88.2
OG0004232	HIMB1321_00192	A0A1X7GN12	91.3
OG0004242	HIMB5_01213	J9YYC9	98.4
OG0004261	RS39_01090	A0A1W6BE93	97.6
OG0004271	NP1_01443	A0A6H1Q3Y2	89.7
OG0004272	NP1_01460	A0A6H1Q639	97.1
OG0004277	NP1_00125	Q1UZD2	96.6
OG0004286	HIMB5_01211	J9YW28	99
OG0004288	HTCC1002_00708	Q1V1X1	97.7
OG0004290	HIMB114_00916	M3UVY8	100
OG0004293	HIMB2211_01120	A0A937ITH8	94.4
OG0004296	HTCC1062_00580	Q1V1X9	95.4
OG0004302	HTCC1062_01177	Q4FLG9	96.4
OG0004315	HTCC1062_00561	Q1V1W0	89.2
OG0004332	HIMB1321_00345	A0A1X7GRD5	97.1
OG0004337	IMCC9063_00527	F2I3N3	98.2
OG0004338	IMCC9063_00871	F2I0Q7	99.1
OG0004357	HTCC1002_00098	Q1UZN1	96.3
OG0004361	LSUCC0530_00077	A0A845SD10	95.7
OG0004379	IMCC9063_00012	F2I207	99.8
OG0004382	IMCC9063_00888	F2I0S4	97.8
OG0004415	NP1_00189	A0A6H1Q0L6	99.3
OG0004419	RS40_00870	A0A1W6BHF5	91.7
OG0004420	RS40_01270	A0A1W6BID0	94.6
OG0004421	Uisw_113_00479	A0A926RSE7	99
OG0004424	Uisw_114_00538	A0A0R2V0K0	88
OG0004521	HTCC7211_00004	A0A926MHW2	96.8
OG0004533	IMCC9063_00045	F2I238	89.8
OG0004551	HIMB058_00593	A0A2A5VA71	88.1
OG0004669	HIMB114_00884	D0RPZ8	92.8
OG0004698	HIMB1623_00045	A0A3S5IZF6	86.5
OG0004703	HIMB5_01215	J9YWN3	93.9
OG0004814	HTCC7211_00881	B6BP71	94.9
OG0004834	Uisw_121_01279	Q1V0X9	86.3
OG0004849	NP1_00696	A0A6H1Q383	91.9
OG0004905	NP1_01477	A0A6H1Q411	97.7
OG0004946	HTCC7217_00959	A0A2D8KJL3	88
OG0004996	Uisw_114_01549	A0A0R2V800	91.5
OG0005011	IMCC9063_00998	F2I2K8	94.8
OG0005049	HIMB058_00109	A0A2A5V552	85.6
OG0005059	HIMB114_00871	D0RPY5	95
OG0005060	HIMB1321_00344	A0A1X7GRB9	88.2
OG0005061	HIMB1321_00435	A0A1X7GT88	87
OG0005062	HIMB1321_00755	A0A1X7H036	100
OG0005063	Uisw_090_01442	A0A520QZU7	85.6
OG0005073	HIMB4_00595	A0A944Y7K4	88.8
OG0005125	HIMB5_00878	J9YXH1	89.9
OG0005126	HIMB1527_01193	A0A967CXH5	93
OG0005128	HIMB1527_01197	A0A966Y6Y8	91.6
OG0005145	ME-18_00091	A0A9E5I4E5	93
OG0005146	ME-18_00092	A0A9E5I3Z1	92.6
OG0005157	RS40_00872	A0A1W6BH51	90.2
OG0005172	HIMB5_01057	J9YXX6	95.4
OG0005173	HTCC1002_00133	Q1UZJ5	96.6
OG0005174	HTCC1002_00261	Q1UZ73	93
OG0005176	HTCC1062_00556	Q4FN74	86
OG0005177	HTCC1062_00555	Q1V1V4	90.7
OG0005178	HTCC1002_00726	Q1V1V3	93.2
OG0005179	HTCC1002_01015	Q1V124	98.2
OG0005180	HTCC1013_01061	Q4FLB6	100
OG0005183	HTCC1062_01178	Q4FLG8	93.3
OG0005184	HTCC1040_01021	Q4FLG6	88
OG0005185	HTCC7211_00882	A0A926MHN7	90.6
OG0005186	HTCC7211_00884	A0A926MGD4	90.4
OG0005192	IMCC9063_00567	F2I404	92.9
OG0005193	IMCC9063_01004	F2I0W5	89.7
OG0005194	IMCC9063_01383	F2I1Y5	96.7
OG0005197	LSUCC0530_00120	A0A969VW04	92.5
OG0005201	LSUCC0530_00338	A0A9E5L7N1	95
OG0005204	ME-17_00109	A0A845RX74	90.5
OG0005210	MKE-138_00334	A0A970AY36	98.3
OG0005316	NP1_00962	Q4FNU7	86.6
OG0005318	RS39_01088	A0A1W6BE60	100
OG0005321	Uisw_136_00898	A0A2E1UVJ0	85.4
OG0005322	Uisw_121_01169	A0A9D7ZJK7	91.5
OG0005330	Uisw_114_00887	A0A6H1Q027	92.7
