sample_id,sumTPM
ERR1001626,368.84
ERR1001627,389.404
ERR1328122,377.469
ERR1328123,359.051
ERR1328124,357.134
ERR1328125,391.201
ERR1336911,241.81
ERR1336912,185.7
ERR3562601,565.504
ERR3586677,31.535
ERR3586678,249.427
ERR3586679,375.979
ERR3586680,432.763
ERR3586681,10.924
ERR3586682,614.68
ERR3586683,223.673
ERR3586684,408.453
ERR3586685,463.598
ERR3586686,237.788
ERR3586687,613.331
ERR3586688,505.254
ERR3586689,504.243
ERR3586690,43.233
ERR3586691,533.117
ERR3586692,63.577
ERR3586693,255.952
ERR3586694,436.518
ERR3586695,454.166
ERR3586696,926.486
ERR3586697,473.602
ERR3586698,306.468
ERR3586699,244.006
ERR3586700,493.983
ERR3586701,254.88
ERR3586702,527.271
ERR3586703,571.807
ERR3586704,796.981
ERR3586705,407.18
ERR3586706,381.148
ERR3586707,464.446
ERR3586708,466.841
ERR3586709,500.432
ERR3586710,459.742
ERR3586711,432.823
ERR3586712,46.363
ERR3586713,12.881
ERR3586714,245.206
ERR3586715,785.306
ERR3586716,462.847
ERR3586717,44.635
ERR3586718,963.483
ERR3586719,509.48
ERR3586720,490.252
ERR3586721,574.34
ERR3586722,804.337
ERR3586723,359.219
ERR3586724,383.066
ERR3586725,480.259
ERR3586726,394.136
ERR3586727,436.268
ERR3586728,471.443
ERR3586729,497.225
ERR3586730,507.844
ERR3586731,474.423
ERR3586732,514.03
ERR3586733,35.703
ERR3586734,526.034
ERR3586735,50.456
ERR3586736,197.452
ERR3586737,441.894
ERR3586738,96.743
ERR3586739,344.306
ERR3586740,538.486
ERR3586741,11.904
ERR3586742,813.461
ERR3586743,452.196
ERR3586744,413.516
ERR3586745,495.743
ERR3586746,655.221
ERR3586747,14.657
ERR3586748,449.665
ERR3586749,472.419
ERR3586750,336.989
ERR3586751,492.335
ERR3586752,330.635
ERR3586753,353.762
ERR3586754,363.332
ERR3586755,345.276
ERR3586756,400.747
ERR3586757,408.418
ERR3586758,409.644
ERR3586759,408.421
ERR3586760,435.978
ERR3586761,469.198
ERR3586762,463.176
ERR3586763,459.724
ERR3586764,404.219
ERR3586765,416.713
ERR3586766,427.449
ERR3586767,420.449
ERR3586768,408.247
ERR3586769,416.322
ERR3586770,400.846
ERR3586771,414.736
ERR3586772,22.95
ERR3586773,24.029
ERR3586774,27.405
ERR3586775,27.721
ERR3586776,854.076
ERR3586777,840.686
ERR3586778,871.027
ERR3586779,873.284
ERR3586780,352.693
ERR3586781,354.697
ERR3586782,357.947
ERR3586783,362.11
ERR3586784,382.618
ERR3586785,42.658
ERR3586786,56.37
ERR3586787,57.048
ERR3586788,47.441
ERR3586789,470.756
ERR3586790,478.92
ERR3586791,469.576
ERR3586792,469.217
ERR3586793,521.787
ERR3586794,518.321
ERR3586795,525.222
ERR3586796,516.254
ERR3586797,584.695
ERR3586798,595.399
ERR3586799,593.543
ERR3586800,605.214
ERR3586801,452.261
ERR3586802,455.61
ERR3586803,452.336
ERR3586804,465.595
ERR3586805,530.667
ERR3586806,531.882
ERR3586807,522.248
ERR3586808,532.337
ERR3586809,506.627
ERR3586810,486.774
ERR3586811,504.691
ERR3586812,502.391
ERR3586813,419.433
ERR3586814,420.359
ERR3586815,415.467
ERR3586816,408.65
ERR3586817,482.432
ERR3586818,482.616
ERR3586819,490.07
ERR3586820,491.105
ERR3586821,530.06
ERR3586822,518.861
ERR3586823,507.471
ERR3586824,527.866
ERR3586825,435.749
ERR3586826,379.524
ERR3586827,358.669
ERR3586828,417.257
ERR3586829,115.002
ERR3586830,176.397
ERR3586831,189.909
ERR3586832,172.657
ERR3586834,427.526
ERR3586835,449.738
ERR3586836,434.065
ERR3586837,424.134
ERR3586838,449.866
ERR3586839,440.226
ERR3586840,590.821
ERR3586841,602.808
ERR3586842,596.097
ERR3586843,591.272
ERR3586844,594.793
ERR3586845,600.871
ERR3586846,861.711
ERR3586847,740.77
ERR3586848,813.555
ERR3586849,840.416
ERR3586850,830.316
ERR3586851,819.325
ERR3586852,562.447
ERR3586853,533.028
ERR3586854,550.162
ERR3586855,537.016
ERR3586856,549.935
ERR3586857,554.583
ERR3586858,510.236
ERR3586859,511.09
ERR3586860,525.978
ERR3586861,525.544
ERR3586862,521.625
ERR3586863,520.228
ERR3586864,508.783
ERR3586865,522.072
ERR3586866,238.247
ERR3586867,240.48
ERR3586868,272.065
ERR3586869,324.974
ERR3586870,322.521
ERR3586871,305.684
ERR3586872,244.709
ERR3586873,312.325
ERR3586890,436.191
ERR3586891,450.273
ERR3586892,394.104
ERR3586893,497.092
ERR3586894,399.559
ERR3586895,381.449
ERR3586896,456.327
ERR3586897,50.757
ERR3586898,439.422
ERR3586899,289.88
ERR3586900,518.212
ERR3586901,315.884
ERR3586902,397.468
ERR3586903,273.19
ERR3586904,247.75
ERR3586905,257.692
ERR3586906,243.413
ERR3586907,264.296
ERR3586908,259.349
ERR3586909,267.197
ERR3586910,259.154
ERR3586911,509.563
ERR3586912,518.807
ERR3586913,518.941
ERR3586914,507.323
ERR3586915,520.811
ERR3586916,518.035
ERR3586917,524.442
ERR3586918,521.054
ERR3586919,538.605
ERR3586920,526.875
ERR3586921,538.353
ERR3586922,533.673
ERR3586923,540.768
ERR3586924,537.21
ERR3586925,527.828
ERR3586926,526.671
ERR3586927,532.621
ERR3586928,504.066
ERR3586929,511.578
ERR3586930,511.166
ERR3586931,508.422
ERR3586932,511.894
ERR3586933,529.048
ERR3586934,512.302
ERR3586935,359.198
ERR3586936,367.216
ERR3586937,383.193
ERR3586938,471.386
ERR3586939,313.496
ERR3586940,552.455
ERR3586941,491.569
ERR3586942,69.765
ERR3586943,571.739
ERR3586944,423.112
ERR3586945,443.158
ERR3586946,403.302
ERR3586947,575.437
ERR3586948,542.002
ERR3586949,521.75
ERR3586950,1059.98
ERR3586951,711.038
ERR3586952,1420.58
ERR3586953,509.094
ERR3586954,463.965
ERR3586955,572.305
ERR3586956,498.029
ERR3586957,555.855
ERR3586958,462.282
ERR3586959,547.821
ERR3586960,440.714
ERR3586961,421.171
ERR3586962,302.965
ERR3586963,745.837
ERR3586967,728.465
ERR3586968,428.625
ERR3586969,355.672
ERR3586970,385.97
ERR3586971,360.216
ERR3586972,399.114
ERR3586973,456.607
ERR3586974,411.424
ERR3586975,391.138
ERR3586976,425.936
ERR3586977,984.471
ERR3586978,486.732
ERR3586979,476.889
ERR3586980,461.195
ERR3586981,409.687
ERR3586982,502.837
ERR3586983,482.011
ERR3586984,463.027
ERR3586985,469.518
ERR3586986,461.801
ERR3586987,377.032
ERR3586988,352.813
ERR3586989,549.661
ERR3586990,354.886
ERR3586991,499.366
ERR3586992,343.035
ERR3586993,369.449
ERR3586994,315.347
ERR3586995,380.153
ERR3586996,549.211
ERR3586997,482.207
ERR3586998,509.408
ERR3586999,1001.15
ERR3587000,1250.97
ERR3587001,478.444
ERR3587002,438.621
ERR3587003,571.922
ERR3587004,449.612
ERR3587005,429.437
ERR3587006,311.06
ERR3587007,485.893
ERR3587008,487.565
ERR3587009,151.437
ERR3587010,376.262
ERR3587011,405.271
ERR3587012,480.266
ERR3587013,442.002
ERR3587014,548.581
ERR3587015,429.534
ERR3587016,569.826
ERR3587017,433.762
ERR3587018,266.816
ERR3587019,628.559
ERR3587020,400.076
ERR3587021,514.741
ERR3587022,529.579
ERR3587023,514.764
ERR3587024,417.296
ERR3587025,75.665
ERR3587026,473.935
ERR3587027,961.17
ERR3587028,85.142
ERR3587029,0
ERR3587030,375.005
ERR3587031,343.462
ERR3587035,352.155
ERR3587037,366.163
ERR3587038,325.76
ERR3587039,378.916
ERR3587040,407.529
ERR3587041,443.976
ERR3587042,257.748
ERR3587043,548.167
ERR3587044,481.172
ERR3587045,30.905
ERR3587046,566.272
ERR3587047,434.443
ERR3587048,448.197
ERR3587049,391.261
ERR3587050,532.71
ERR3587051,529.863
ERR3587052,508.985
ERR3587053,528.781
ERR3587054,1020.36
ERR3587055,705.045
ERR3587056,1309.49
ERR3587057,499.005
ERR3587058,450.828
ERR3587059,582.581
ERR3587060,497.102
ERR3587061,547.445
ERR3587062,427.522
ERR3587063,445.449
ERR3587064,391.048
ERR3587065,339.878
ERR3587066,256.549
ERR3587067,272.904
ERR3587068,459.272
ERR3587069,0.083
ERR3587070,534.485
ERR3587071,508.643
ERR3587072,495.938
ERR3587073,561.13
ERR3587074,527.875
ERR3587075,456.441
ERR3587076,579.205
ERR3587077,602.159
ERR3587078,481.756
ERR3587079,478.622
ERR3587080,448.471
ERR3587081,362.742
ERR3587082,563.868
ERR3587083,402.73
ERR3587084,418.27
ERR3587085,384.765
ERR3587086,306.125
ERR3587087,755.271
ERR3587090,734.555
ERR3587091,427.932
ERR3587092,358.301
ERR3587093,375.701
ERR3587094,356.625
ERR3587095,460.008
ERR3587096,414.582
ERR3587097,384.965
ERR3587098,425.95
ERR3587099,985.618
ERR3587100,503.898
ERR3587101,465.466
ERR3587102,467.814
ERR3587103,415.901
ERR3587104,491.862
ERR3587105,459.155
ERR3587106,385.661
ERR3587107,122.703
ERR3587108,346.428
ERR3587109,14.527
ERR3587110,291.658
ERR3587111,349.191
ERR3587112,407.936
ERR3587113,9.028
ERR3587114,240.412
ERR3587115,6.133
ERR3587116,623.264
ERR3587117,370.195
ERR3587118,158.411
ERR3587119,372.127
ERR3587120,434.586
ERR3587121,230.618
ERR3587122,39.481
ERR3587123,417.529
ERR3587124,352.754
ERR3587125,133.116
ERR3587126,6.257
ERR3587127,14.592
ERR3587128,374.967
ERR3587129,86.171
ERR3587130,203.461
ERR3587131,253.666
ERR3587132,226.227
ERR3587133,204.354
ERR3587134,383.191
ERR3587135,374.064
ERR3587136,214.485
ERR3587137,225.087
ERR3587138,356.492
ERR3587139,415.286
ERR3587140,437.343
ERR3587141,103.229
ERR3587142,240.607
ERR3587143,280.256
ERR3587144,137.859
ERR3587145,11.392
ERR3587146,318.859
ERR3587147,229.268
ERR3587148,318.52
ERR3587149,481.131
ERR3587150,283.974
ERR3587151,178.386
ERR3587154,354.755
ERR3587155,324.522
ERR3587156,290.715
ERR3587157,24.937
ERR3587158,61.52
ERR3587159,51.631
ERR3587160,6.186
ERR3587161,19.206
ERR3587162,7.196
ERR3587163,6.78
ERR3587164,29.086
ERR3587165,245.981
ERR3587166,2.751
ERR3587167,340.945
ERR3587168,86.027
ERR3587169,469.786
ERR3587170,80.08
ERR3587171,342.093
ERR3587172,12.127
ERR3587173,372.682
ERR3587174,33.801
ERR3587175,405.887
ERR3587176,6.073
ERR3587177,114.014
ERR3587178,544.052
ERR3587179,180.739
ERR3587180,14.527
ERR3587181,330.209
ERR3587182,269.8
ERR3587183,6.114
ERR3587184,58.107
ERR3587185,42.238
ERR3587186,49.738
ERR3587187,321.65
ERR3587188,425.939
ERR3587189,25.924
ERR3587190,393.532
ERR3587191,362.789
ERR3587192,423.608
ERR3587193,431.837
ERR3587194,289.514
ERR3587195,250.228
ERR3587196,186.215
ERR3587197,310.926
ERR3587198,299.154
ERR3587199,347.877
ERR3587200,329.094
ERR3587201,368.959
ERR3587202,295.165
ERR3587203,350.702
ERR3587204,341.715
