genome	freel_family	freel_genus	freel_species	species_full_name	species_type_genome	species_reference_genome	species_assignment_source	species_tree_node	species_tree_ufboot
AAA795-A20	Pelagibacteraceae	Xanthinipelagibacter	aumoanae	Xanthinipelagibacter aumoanae	HIMB083	HIMB083	Freel et al. 2025 genome	NA	NA
AG-359-C09	Pelagibacteraceae	Angustipelagibacter	atlanticus	Angustipelagibacter atlanticus	AG-430-E20	AG-430-E20	Freel et al. 2025 genome	NA	NA
AG-359-D09	Pelagibacteraceae	Punctipelagibacter	variabilis	Punctipelagibacter variabilis	AG-359-D09	AG-359-D09	Freel et al. 2025 Type Strains	NA	NA
AG-359-M21	Pelagibacteraceae	Angustipelagibacter	atlanticus	Angustipelagibacter atlanticus	AG-430-E20	AG-430-E20	Freel et al. 2025 genome	NA	NA
AG-414-O11	Pelagibacteraceae	Angustipelagibacter	atlanticus	Angustipelagibacter atlanticus	AG-430-E20	AG-430-E20	Freel et al. 2025 genome	NA	NA
AG-426-E17	Pelagibacteraceae	Extensipelagibacter	unicus	Extensipelagibacter unicus	AG-426-E17	AG-426-E17	Freel et al. 2025 Type Strains	NA	NA
AG-426-F15	Pelagibacteraceae	Parvipelagibacter	dignotus	Parvipelagibacter dignotus	AG-426-F15	AG-426-F15	Freel et al. 2025 Type Strains	NA	NA
AG-430-E20	Pelagibacteraceae	Angustipelagibacter	atlanticus	Angustipelagibacter atlanticus	AG-430-E20	AG-430-E20	Freel et al. 2025 Type Strains	NA	NA
AG-430-F16	Pelagibacteraceae	Amplipelagibacter	globalis	Amplipelagibacter globalis	AG-430-F16	AG-430-F16	Freel et al. 2025 Type Strains	NA	NA
AG-892-F15	Pelagibacteraceae	Copipelagibacter	splendidus	Copipelagibacter splendidus	AG-892-F15	AG-892-F15	Freel et al. 2025 Type Strains	NA	NA
AG-893-F11	Pelagibacteraceae	Proventipelagibacter	oceanicus	Proventipelagibacter oceanicus	AG-893-F11	AG-893-F11	Freel et al. 2025 Type Strains	NA	NA
AG-893-K09	Pelagibacteraceae	Medipelagibacter	bermudensis	Medipelagibacter bermudensis	AG-893-K09	AG-893-K09	Freel et al. 2025 Type Strains	NA	NA
AG-893-L13	Pelagibacteraceae	Fusipelagibacter	tranquillus	Fusipelagibacter tranquillus	AG-905-M05	AG-905-M05	Freel et al. 2025 genome	NA	NA
AG-894-C14	Pelagibacteraceae	Angustipelagibacter	atlanticus	Angustipelagibacter atlanticus	AG-430-E20	AG-430-E20	Freel et al. 2025 genome	NA	NA
AG-894-F15	Pelagibacteraceae	Copipelagibacter	splendidus	Copipelagibacter splendidus	AG-892-F15	AG-892-F15	Freel et al. 2025 genome	NA	NA
AG-895-K10	Pelagibacteraceae	Colligatipelagibacter	wilhelmii	Colligatipelagibacter wilhelmii	AG-895-K10	AG-895-K10	Freel et al. 2025 Type Strains	NA	NA
AG-898-G21	Pelagibacteraceae	Copipelagibacter	splendidus	Copipelagibacter splendidus	AG-892-F15	AG-892-F15	Freel et al. 2025 genome	NA	NA
AG-899-M19	Pelagibacteraceae	Fusipelagibacter	tranquillus	Fusipelagibacter tranquillus	AG-905-M05	AG-905-M05	Freel et al. 2025 genome	NA	NA
AG-899-N21	Pelagibacteraceae	Angustipelagibacter	atlanticus	Angustipelagibacter atlanticus	AG-430-E20	AG-430-E20	Freel et al. 2025 genome	NA	NA
AG-901-I21	Pelagibacteraceae	Medipelagibacter	bermudensis	Medipelagibacter bermudensis	AG-893-K09	AG-893-K09	Freel et al. 2025 genome	NA	NA
AG-903-D02	Pelagibacteraceae	Angustipelagibacter	atlanticus	Angustipelagibacter atlanticus	AG-430-E20	AG-430-E20	Freel et al. 2025 genome	NA	NA
AG-904-F17	Pelagibacteraceae	Angustipelagibacter	atlanticus	Angustipelagibacter atlanticus	AG-430-E20	AG-430-E20	Freel et al. 2025 genome	NA	NA
AG-905-M05	Pelagibacteraceae	Fusipelagibacter	tranquillus	Fusipelagibacter tranquillus	AG-905-M05	AG-905-M05	Freel et al. 2025 Type Strains	NA	NA
AG-912-F16	Pelagibacteraceae	Angustipelagibacter	atlanticus	Angustipelagibacter atlanticus	AG-430-E20	AG-430-E20	Freel et al. 2025 genome	NA	NA
AG-913-A04	Pelagibacteraceae	Angustipelagibacter	atlanticus	Angustipelagibacter atlanticus	AG-430-E20	AG-430-E20	Freel et al. 2025 genome	NA	NA
AG-913-C03	Pelagibacteraceae	Angustipelagibacter	atlanticus	Angustipelagibacter atlanticus	AG-430-E20	AG-430-E20	Freel et al. 2025 genome	NA	NA
AG-915-K13	Pelagibacteraceae	Angustipelagibacter	atlanticus	Angustipelagibacter atlanticus	AG-430-E20	AG-430-E20	Freel et al. 2025 genome	NA	NA
AG-916-A21	Pelagibacteraceae	Extensipelagibacter	unicus	Extensipelagibacter unicus	AG-426-E17	AG-426-E17	Freel et al. 2025 genome	NA	NA
AG-916-G19	Pelagibacteraceae	Pantolocipelagibacter	undulae	Pantolocipelagibacter undulae	AG-916-G19	AG-916-G19	Freel et al. 2025 Type Strains	NA	NA
AG-916-M15	Pelagibacteraceae	Angustipelagibacter	atlanticus	Angustipelagibacter atlanticus	AG-430-E20	AG-430-E20	Freel et al. 2025 genome	NA	NA
AG-917-C08	Pelagibacteraceae	Angustipelagibacter	atlanticus	Angustipelagibacter atlanticus	AG-430-E20	AG-430-E20	Freel et al. 2025 genome	NA	NA
AG-917-F16	Pelagibacteraceae	Fusipelagibacter	tranquillus	Fusipelagibacter tranquillus	AG-905-M05	AG-905-M05	Freel et al. 2025 genome	NA	NA
AG-917-I17	Pelagibacteraceae	Angustipelagibacter	atlanticus	Angustipelagibacter atlanticus	AG-430-E20	AG-430-E20	Freel et al. 2025 genome	NA	NA
AG-917-M22	Pelagibacteraceae	Angustipelagibacter	atlanticus	Angustipelagibacter atlanticus	AG-430-E20	AG-430-E20	Freel et al. 2025 genome	NA	NA
AG-917-P07	Pelagibacteraceae	Angustipelagibacter	atlanticus	Angustipelagibacter atlanticus	AG-430-E20	AG-430-E20	Freel et al. 2025 genome	NA	NA
AG-918-K09	Pelagibacteraceae	Angustipelagibacter	atlanticus	Angustipelagibacter atlanticus	AG-430-E20	AG-430-E20	Freel et al. 2025 genome	NA	NA
AG-918-L07	Pelagibacteraceae	Angustipelagibacter	atlanticus	Angustipelagibacter atlanticus	AG-430-E20	AG-430-E20	Freel et al. 2025 genome	NA	NA
AG-918-L21	Pelagibacteraceae	Angustipelagibacter	atlanticus	Angustipelagibacter atlanticus	AG-430-E20	AG-430-E20	Freel et al. 2025 genome	NA	NA
AG-920-J04	Pelagibacteraceae	Angustipelagibacter	atlanticus	Angustipelagibacter atlanticus	AG-430-E20	AG-430-E20	Freel et al. 2025 genome	NA	NA
ETNP2013_S02_SV82_300m_MAG_01	Cosmipelagibacteraceae	Anoxypelagibacter	denitrificans	Anoxypelagibacter denitrificans	ETNP2013_S02_SV82_300m_MAG_01	ETNP2013_S02_SV82_300m_MAG_01	Freel et al. 2025 Type Strains	NA	NA
GOM-A1	Pelagibacteraceae	Copipelagibacter	splendidus	Copipelagibacter splendidus	AG-892-F15	AG-892-F15	Freel et al. 2025 genome	NA	NA
HIMB058	Cosmipelagibacteraceae	Cosmipelagibacter	regressus	Cosmipelagibacter regressus	HIMB058	HIMB058	Freel et al. 2025 Type Strains	NA	NA
HIMB083	Pelagibacteraceae	Xanthinipelagibacter	aumoanae	Xanthinipelagibacter aumoanae	HIMB083	HIMB083	Freel et al. 2025 Type Strains	NA	NA
HIMB109	Fontibacteriaceae	Elongatipelagibacter	longiformis	Elongatipelagibacter longiformis	HIMB114	HIMB114	Freel et al. 2025 genome	NA	NA
HIMB114	Fontibacteriaceae	Elongatipelagibacter	longiformis	Elongatipelagibacter longiformis	HIMB114	HIMB114	Freel et al. 2025 Type Strains	NA	NA
HIMB122	Pelagibacteraceae	Undatipelagibacter	huakaii	Undatipelagibacter huakaii	HIMB1556	HIMB1556	Freel et al. 2025 genome	NA	NA
HIMB1321	Pelagibacteraceae	Litoralipelagibacter	koolauensis	Litoralipelagibacter koolauensis	HIMB4	HIMB4	Freel et al. 2025 genome	NA	NA
HIMB140	Pelagibacteraceae	Undatipelagibacter	huakaii	Undatipelagibacter huakaii	HIMB1556	HIMB1556	Freel et al. 2025 genome	NA	NA
HIMB1412	Pelagibacteraceae	Coralipelagibacter	kukahii	Coralipelagibacter kukahii	HIMB1412	HIMB1412	Freel et al. 2025 Type Strains	NA	NA
HIMB1430	Pelagibacteraceae	Undatipelagibacter	huakaii	Undatipelagibacter huakaii	HIMB1556	HIMB1556	Freel et al. 2025 genome	NA	NA
HIMB1436	Pelagibacteraceae	Tantillipelagibacter	marisrubii	Tantillipelagibacter marisrubii	HIMB1436	HIMB1436	Freel et al. 2025 Type Strains	NA	NA
HIMB1437	Pelagibacteraceae	Lacunipelagibacter	aumakalihii	Lacunipelagibacter aumakalihii	HIMB1437	HIMB1437	Freel et al. 2025 Type Strains	NA	NA
HIMB1483	Pelagibacteraceae	Alipelagibacter	loemeaikii	Alipelagibacter loemeaikii	HIMB1483	HIMB1483	Freel et al. 2025 Type Strains	NA	NA
HIMB1485	Pelagibacteraceae	Undatipelagibacter	huakaii	Undatipelagibacter huakaii	HIMB1556	HIMB1556	Freel et al. 2025 genome	NA	NA
HIMB1488	Pelagibacteraceae	Undatipelagibacter	huakaii	Undatipelagibacter huakaii	HIMB1556	HIMB1556	Freel et al. 2025 genome	NA	NA
HIMB1490	Pelagibacteraceae	Undatipelagibacter	huakaii	Undatipelagibacter huakaii	HIMB1556	HIMB1556	Freel et al. 2025 genome	NA	NA
HIMB1491	Pelagibacteraceae	Undatipelagibacter	huakaii	Undatipelagibacter huakaii	HIMB1556	HIMB1556	Freel et al. 2025 genome	NA	NA
HIMB1492	Pelagibacteraceae	Undatipelagibacter	huakaii	Undatipelagibacter huakaii	HIMB1556	HIMB1556	Freel et al. 2025 genome	NA	NA
HIMB1493	Pelagibacteraceae	Undatipelagibacter	huakaii	Undatipelagibacter huakaii	HIMB1556	HIMB1556	Freel et al. 2025 genome	NA	NA
HIMB1494	Pelagibacteraceae	Undatipelagibacter	huakaii	Undatipelagibacter huakaii	HIMB1556	HIMB1556	Freel et al. 2025 genome	NA	NA
HIMB1495	Pelagibacteraceae	Undatipelagibacter	huakaii	Undatipelagibacter huakaii	HIMB1556	HIMB1556	Freel et al. 2025 genome	NA	NA
HIMB1505	Pelagibacteraceae	Litoralipelagibacter	koolauensis	Litoralipelagibacter koolauensis	HIMB4	HIMB4	Freel et al. 2025 genome	NA	NA
HIMB1506	Pelagibacteraceae	Undatipelagibacter	huakaii	Undatipelagibacter huakaii	HIMB1556	HIMB1556	Freel et al. 2025 genome	NA	NA
HIMB1507	Pelagibacteraceae	Undatipelagibacter	huakaii	Undatipelagibacter huakaii	HIMB1556	HIMB1556	Freel et al. 2025 genome	NA	NA
HIMB1509	Pelagibacteraceae	Undatipelagibacter	huakaii	Undatipelagibacter huakaii	HIMB1556	HIMB1556	Freel et al. 2025 genome	NA	NA
HIMB1513	Pelagibacteraceae	Undatipelagibacter	huakaii	Undatipelagibacter huakaii	HIMB1556	HIMB1556	Freel et al. 2025 genome	NA	NA
HIMB1517	Fontibacteriaceae	Elongatipelagibacter	longiformis	Elongatipelagibacter longiformis	HIMB114	HIMB114	Freel et al. 2025 genome	NA	NA
HIMB1518	Pelagibacteraceae	Undatipelagibacter	huakaii	Undatipelagibacter huakaii	HIMB1556	HIMB1556	Freel et al. 2025 genome	NA	NA
HIMB1521	Pelagibacteraceae	Undatipelagibacter	huakaii	Undatipelagibacter huakaii	HIMB1556	HIMB1556	Freel et al. 2025 genome	NA	NA
HIMB1526	Pelagibacteraceae	Undatipelagibacter	huakaii	Undatipelagibacter huakaii	HIMB1556	HIMB1556	Freel et al. 2025 genome	NA	NA
HIMB1527	Pelagibacteraceae	Litoralipelagibacter	koolauensis	Litoralipelagibacter koolauensis	HIMB4	HIMB4	Freel et al. 2025 genome	NA	NA
HIMB1542	Pelagibacteraceae	Undatipelagibacter	huakaii	Undatipelagibacter huakaii	HIMB1556	HIMB1556	Freel et al. 2025 genome	NA	NA
HIMB1549	Pelagibacteraceae	Litoralipelagibacter	koolauensis	Litoralipelagibacter koolauensis	HIMB4	HIMB4	Freel et al. 2025 genome	NA	NA
HIMB1552	Pelagibacteraceae	Undatipelagibacter	huakaii	Undatipelagibacter huakaii	HIMB1556	HIMB1556	Freel et al. 2025 genome	NA	NA
HIMB1556	Pelagibacteraceae	Undatipelagibacter	huakaii	Undatipelagibacter huakaii	HIMB1556	HIMB1556	Freel et al. 2025 Type Strains	NA	NA
HIMB1559	Pelagibacteraceae	Undatipelagibacter	huakaii	Undatipelagibacter huakaii	HIMB1556	HIMB1556	Freel et al. 2025 genome	NA	NA
HIMB1565	Fontibacteriaceae	Elongatipelagibacter	longiformis	Elongatipelagibacter longiformis	HIMB114	HIMB114	Freel et al. 2025 genome	NA	NA
HIMB1573	Pelagibacteraceae	Undatipelagibacter	huakaii	Undatipelagibacter huakaii	HIMB1556	HIMB1556	Freel et al. 2025 genome	NA	NA
HIMB1577	Pelagibacteraceae	Undatipelagibacter	huakaii	Undatipelagibacter huakaii	HIMB1556	HIMB1556	Freel et al. 2025 genome	NA	NA
HIMB1587	Pelagibacteraceae	Undatipelagibacter	huakaii	Undatipelagibacter huakaii	HIMB1556	HIMB1556	Freel et al. 2025 genome	NA	NA
HIMB1593	Pelagibacteraceae	Undatipelagibacter	huakaii	Undatipelagibacter huakaii	HIMB1556	HIMB1556	Freel et al. 2025 genome	NA	NA
HIMB1597	Pelagibacteraceae	Undatipelagibacter	huakaii	Undatipelagibacter huakaii	HIMB1556	HIMB1556	Freel et al. 2025 genome	NA	NA
HIMB1602	Pelagibacteraceae	Undatipelagibacter	huakaii	Undatipelagibacter huakaii	HIMB1556	HIMB1556	Freel et al. 2025 genome	NA	NA
HIMB1611	Pelagibacteraceae	Undatipelagibacter	huakaii	Undatipelagibacter huakaii	HIMB1556	HIMB1556	Freel et al. 2025 genome	NA	NA
HIMB1631	Pelagibacteraceae	Undatipelagibacter	huakaii	Undatipelagibacter huakaii	HIMB1556	HIMB1556	Freel et al. 2025 genome	NA	NA
HIMB1636	Pelagibacteraceae	Undatipelagibacter	huakaii	Undatipelagibacter huakaii	HIMB1556	HIMB1556	Freel et al. 2025 genome	NA	NA
HIMB1641	Pelagibacteraceae	Undatipelagibacter	huakaii	Undatipelagibacter huakaii	HIMB1556	HIMB1556	Freel et al. 2025 genome	NA	NA
HIMB1662	Pelagibacteraceae	Undatipelagibacter	huakaii	Undatipelagibacter huakaii	HIMB1556	HIMB1556	Freel et al. 2025 genome	NA	NA
HIMB1701	Pelagibacteraceae	Undatipelagibacter	huakaii	Undatipelagibacter huakaii	HIMB1556	HIMB1556	Freel et al. 2025 genome	NA	NA
HIMB1702	Pelagibacteraceae	Undatipelagibacter	huakaii	Undatipelagibacter huakaii	HIMB1556	HIMB1556	Freel et al. 2025 genome	NA	NA
HIMB1710	Pelagibacteraceae	Undatipelagibacter	huakaii	Undatipelagibacter huakaii	HIMB1556	HIMB1556	Freel et al. 2025 genome	NA	NA
HIMB1715	Pelagibacteraceae	Undatipelagibacter	huakaii	Undatipelagibacter huakaii	HIMB1556	HIMB1556	Freel et al. 2025 genome	NA	NA
HIMB1723	Pelagibacteraceae	Undatipelagibacter	huakaii	Undatipelagibacter huakaii	HIMB1556	HIMB1556	Freel et al. 2025 genome	NA	NA
HIMB1746	Pelagibacteraceae	Undatipelagibacter	huakaii	Undatipelagibacter huakaii	HIMB1556	HIMB1556	Freel et al. 2025 genome	NA	NA
HIMB1748	Pelagibacteraceae	Undatipelagibacter	huakaii	Undatipelagibacter huakaii	HIMB1556	HIMB1556	Freel et al. 2025 genome	NA	NA
HIMB1758	Pelagibacteraceae	Undatipelagibacter	huakaii	Undatipelagibacter huakaii	HIMB1556	HIMB1556	Freel et al. 2025 genome	NA	NA
HIMB1765	Pelagibacteraceae	Undatipelagibacter	huakaii	Undatipelagibacter huakaii	HIMB1556	HIMB1556	Freel et al. 2025 genome	NA	NA
HIMB1770	Pelagibacteraceae	Undatipelagibacter	huakaii	Undatipelagibacter huakaii	HIMB1556	HIMB1556	Freel et al. 2025 genome	NA	NA
HIMB1782	Pelagibacteraceae	Undatipelagibacter	huakaii	Undatipelagibacter huakaii	HIMB1556	HIMB1556	Freel et al. 2025 genome	NA	NA
HIMB2211	Pelagibacteraceae	Undatipelagibacter	huakaii	Undatipelagibacter huakaii	HIMB1556	HIMB1556	Freel et al. 2025 genome	NA	NA
HIMB2305	Pelagibacteraceae	Superipelagibacter	microcenae	Superipelagibacter microcenae	HIMB2305	HIMB2305	Freel et al. 2025 Type Strains	NA	NA
HIMB4	Pelagibacteraceae	Litoralipelagibacter	koolauensis	Litoralipelagibacter koolauensis	HIMB4	HIMB4	Freel et al. 2025 Type Strains	NA	NA
HIMB5	Pelagibacteraceae	Coralipelagibacter	heeiaensis	Coralipelagibacter heeiaensis	HIMB5	HIMB5	Freel et al. 2025 Type Strains	NA	NA
HTCC1002	Pelagibacteraceae	Pelagibacter	ubiqueversans	Pelagibacter ubiqueversans	HTCC1062	HTCC1062	Freel et al. 2025 genome	NA	NA
HTCC1013	Pelagibacteraceae	Pelagibacter	ubiqueversans	Pelagibacter ubiqueversans	HTCC1062	HTCC1062	Freel et al. 2025 genome	NA	NA
HTCC1016	Pelagibacteraceae	Pelagibacter	ubiqueversans	Pelagibacter ubiqueversans	HTCC1062	HTCC1062	Freel et al. 2025 genome	NA	NA
HTCC1040	Pelagibacteraceae	Pelagibacter	ubiqueversans	Pelagibacter ubiqueversans	HTCC1062	HTCC1062	Freel et al. 2025 genome	NA	NA
HTCC1062	Pelagibacteraceae	Pelagibacter	ubiqueversans	Pelagibacter ubiqueversans	HTCC1062	HTCC1062	Freel et al. 2025 Type Strains	NA	NA
HTCC7211	Pelagibacteraceae	Atlantikopelagibacter	sargassoseensis	Atlantikopelagibacter sargassoseensis	HTCC7211	HTCC7211	Freel et al. 2025 Type Strains	NA	NA
HTCC7217	Pelagibacteraceae	Atlantikopelagibacter	sargassoseensis	Atlantikopelagibacter sargassoseensis	HTCC7211	HTCC7211	Freel et al. 2025 genome	NA	NA
HTCC8051	Pelagibacteraceae	Accedentipelagibacter	yaqonii	Accedentipelagibacter yaqonii	HTCC8051	HTCC8051	Freel et al. 2025 Type Strains	NA	NA
HTCC9565	Pelagibacteraceae	Pelagibacter	yakuwasiensis	Pelagibacter yakuwasiensis	HTCC9565	HTCC9565	Freel et al. 2025 Type Strains	NA	NA
LSUCC0530	Fontibacteriaceae	Fontibacterium	commune	Fontibacterium commune	LSUCC0530	LSUCC0530	Freel et al. 2025 Type Strains	NA	NA
NP1	Pelagibacteraceae	Pelagibacter	giovannonii	Pelagibacter giovannonii	NP1	NP1	Freel et al. 2025 Type Strains	NA	NA
SAG-MED08	Pelagibacteraceae	Angustipelagibacter	atlanticus	Angustipelagibacter atlanticus	AG-430-E20	AG-430-E20	Freel et al. 2025 genome	NA	NA
