genome	Clade1	original_Subclade	harmonized_Subclade	original_Family	harmonized_Family	original_Genus	harmonized_Genus	original_Species	harmonized_Species	subclade_changed	family_changed	genus_changed	species_changed
HTCC1002	I	Ia.1	Ia.1.I	Pelagibacteraceae	Pelagibacteraceae	Pelagibacter	Pelagibacter	NA	ubiqueversans	TRUE	FALSE	FALSE	TRUE
HIMB122	I	Ia.3	Ia.3.VI	Pelagibacteraceae	Pelagibacteraceae	Proprepelagibacter	Undatipelagibacter	NA	huakaii	TRUE	FALSE	TRUE	TRUE
HTCC1016	I	Ia.1	Ia.1.I	Pelagibacteraceae	Pelagibacteraceae	Pelagibacter	Pelagibacter	NA	ubiqueversans	TRUE	FALSE	FALSE	TRUE
HTCC1013	I	Ia.1	Ia.1.I	Pelagibacteraceae	Pelagibacteraceae	Pelagibacter	Pelagibacter	NA	ubiqueversans	TRUE	FALSE	FALSE	TRUE
HTCC1062	I	Ia.1	Ia.1.I	Pelagibacteraceae	Pelagibacteraceae	Pelagibacter	Pelagibacter	ubiqueversans	ubiqueversans	TRUE	FALSE	FALSE	FALSE
HTCC1040	I	Ia.1	Ia.1.I	Pelagibacteraceae	Pelagibacteraceae	Pelagibacter	Pelagibacter	NA	ubiqueversans	TRUE	FALSE	FALSE	TRUE
NP1	I	Ia.1	Ia.1.I	Pelagibacteraceae	Pelagibacteraceae	Pelagibacter	Pelagibacter	giovannonii	giovannonii	TRUE	FALSE	FALSE	FALSE
Uisw_137	I	Ia.1	Ia.1.I	Pelagibacteraceae	Pelagibacteraceae	Pelagibacter	Pelagibacter	NA	NA	TRUE	FALSE	FALSE	FALSE
RIS-SAG-41	I	Ia.1	Ia.1.I	Pelagibacteraceae	Pelagibacteraceae	Pelagibacter	Pelagibacter	NA	NA	TRUE	FALSE	FALSE	FALSE
Uisw_101	I	Ia.1	Ia.1.I	Pelagibacteraceae	Pelagibacteraceae	Pelagibacter	Pelagibacter	NA	NA	TRUE	FALSE	FALSE	FALSE
Uisw_104	I	Ia.1	Ia.1.I	Pelagibacteraceae	Pelagibacteraceae	Pelagibacter	Pelagibacter	NA	NA	TRUE	FALSE	FALSE	FALSE
Uisw_106	I	Ia.1	Ia.1.I	Pelagibacteraceae	Pelagibacteraceae	Pelagibacter	Pelagibacter	NA	NA	TRUE	FALSE	FALSE	FALSE
Uisw_094	I	Ia.1	Ia.1.I	Pelagibacteraceae	Pelagibacteraceae	Pelagibacter	Pelagibacter	NA	NA	TRUE	FALSE	FALSE	FALSE
Uisw_136	I	Ia.1	Ia.1.I	Pelagibacteraceae	Pelagibacteraceae	Pelagibacter	Pelagibacter	NA	NA	TRUE	FALSE	FALSE	FALSE
Uisw_113	I	Ia.1	Ia.1.I	Pelagibacteraceae	Pelagibacteraceae	Pelagibacter	Pelagibacter	NA	NA	TRUE	FALSE	FALSE	FALSE
Uisw_116	I	Ia.1	Ia.1.I	Pelagibacteraceae	Pelagibacteraceae	Pelagibacter	Pelagibacter	NA	NA	TRUE	FALSE	FALSE	FALSE
Uisw_121	I	Ia.1	Ia.1.I	Pelagibacteraceae	Pelagibacteraceae	Pelagibacter	Pelagibacter	NA	NA	TRUE	FALSE	FALSE	FALSE
Uisw_114	I	Ia.1	Ia.1.I	Pelagibacteraceae	Pelagibacteraceae	Pelagibacter	Pelagibacter	NA	NA	TRUE	FALSE	FALSE	FALSE
Uisw_130	I	Ia.1	Ia.1.I	Pelagibacteraceae	Pelagibacteraceae	Pelagibacter	Pelagibacter	NA	NA	TRUE	FALSE	FALSE	FALSE
Uisw_092	I	Ia.1	Ia.1.I	Pelagibacteraceae	Pelagibacteraceae	Pelagibacter	Pelagibacter	NA	NA	TRUE	FALSE	FALSE	FALSE
Uisw_090	I	Ia.1	Ia.1.I	Pelagibacteraceae	Pelagibacteraceae	Pelagibacter	Pelagibacter	NA	NA	TRUE	FALSE	FALSE	FALSE
Uisw_127	I	Ia.1	Ia.1.I	Pelagibacteraceae	Pelagibacteraceae	Pelagibacter	Pelagibacter	NA	NA	TRUE	FALSE	FALSE	FALSE
Uisw_099_02	I	Ia.1	Ia.1.I	Pelagibacteraceae	Pelagibacteraceae	Pelagibacter	Pelagibacter	NA	NA	TRUE	FALSE	FALSE	FALSE
HTCC9565	I	Ia.1	Ia.1.I	Pelagibacteraceae	Pelagibacteraceae	Pelagibacter	Pelagibacter	yakuwasiensis	yakuwasiensis	TRUE	FALSE	FALSE	FALSE
Uisw_134_02	I	Ia.1	NA	Pelagibacteraceae	Pelagibacteraceae	Pelagibacter	NA	NA	NA	TRUE	FALSE	TRUE	FALSE
HTCC7217	I	Ia.3.I	Ia.3.I	Pelagibacteraceae	Pelagibacteraceae	Atlantikopelagibacter	Atlantikopelagibacter	NA	sargassoseensis	FALSE	FALSE	FALSE	TRUE
HIMB1321	I	Ia.3.III	Ia.3.III	Pelagibacteraceae	Pelagibacteraceae	Littoralipelagibacter	Litoralipelagibacter	NA	koolauensis	FALSE	FALSE	TRUE	TRUE
HIMB1527	I	Ia.3.III	Ia.3.III	Pelagibacteraceae	Pelagibacteraceae	Littoralipelagibacter	Litoralipelagibacter	NA	koolauensis	FALSE	FALSE	TRUE	TRUE
HIMB1505	I	Ia.3.III	Ia.3.III	Pelagibacteraceae	Pelagibacteraceae	Littoralipelagibacter	Litoralipelagibacter	NA	koolauensis	FALSE	FALSE	TRUE	TRUE
HIMB1549	I	Ia.3.III	Ia.3.III	Pelagibacteraceae	Pelagibacteraceae	Littoralipelagibacter	Litoralipelagibacter	NA	koolauensis	FALSE	FALSE	TRUE	TRUE
HIMB4	I	Ia.3.III	Ia.3.III	Pelagibacteraceae	Pelagibacteraceae	Littoralipelagibacter	Litoralipelagibacter	koolauensis	koolauensis	FALSE	FALSE	TRUE	FALSE
AG-390-G11	I	Ia.3.IV	Ia.3.IV	Pelagibacteraceae	Pelagibacteraceae	Proprepelagibacter	Accedentipelagibacter	NA	NA	FALSE	FALSE	TRUE	FALSE
AG-390-L03	I	Ia.3.IV	Ia.3.IV	Pelagibacteraceae	Pelagibacteraceae	Proprepelagibacter	Accedentipelagibacter	NA	NA	FALSE	FALSE	TRUE	FALSE
SAG-MED06	I	Ia.3.IV	Ia.3.IV	Pelagibacteraceae	Pelagibacteraceae	Proprepelagibacter	Accedentipelagibacter	NA	NA	FALSE	FALSE	TRUE	FALSE
SAG-MED50	I	Ia.3.IV	Ia.3.IV	Pelagibacteraceae	Pelagibacteraceae	Proprepelagibacter	Accedentipelagibacter	NA	NA	FALSE	FALSE	TRUE	FALSE
HTCC8051	I	Ia.3.IV	Ia.3.IV	Pelagibacteraceae	Pelagibacteraceae	Proprepelagibacter	Accedentipelagibacter	yaqonii	yaqonii	FALSE	FALSE	TRUE	FALSE
HTCC9022	I	Ia.3.IV	Ia.3.IV	Pelagibacteraceae	Pelagibacteraceae	Proprepelagibacter	Accedentipelagibacter	NA	NA	FALSE	FALSE	TRUE	FALSE
SAG-MED49	I	Ia.3.IV	NA	Pelagibacteraceae	Pelagibacteraceae	Proprepelagibacter	NA	NA	NA	TRUE	FALSE	TRUE	FALSE
AAA795-A20	I	Ia.3.V	Ia.3.V	Pelagibacteraceae	Pelagibacteraceae	Xanthipelagibacter	Xanthinipelagibacter	NA	aumoanae	FALSE	FALSE	TRUE	TRUE
AG-333-A04	I	Ia.3.V	NA	Pelagibacteraceae	Pelagibacteraceae	Xanthipelagibacter	NA	NA	NA	TRUE	FALSE	TRUE	FALSE
AG-447-M10	I	Ia.3.V	Ia.3.V	Pelagibacteraceae	Pelagibacteraceae	Xanthipelagibacter	Xanthinipelagibacter	NA	NA	FALSE	FALSE	TRUE	FALSE
AH-324-N03	I	Ia.3.V	Ia.3.V	Pelagibacteraceae	Pelagibacteraceae	Xanthipelagibacter	Xanthinipelagibacter	NA	NA	FALSE	FALSE	TRUE	FALSE
AH-287-B07	I	Ia.3.V	Ia.3.V	Pelagibacteraceae	Pelagibacteraceae	Xanthipelagibacter	Xanthinipelagibacter	NA	NA	FALSE	FALSE	TRUE	FALSE
AH-324-F03	I	Ia.3.V	Ia.3.V	Pelagibacteraceae	Pelagibacteraceae	Xanthipelagibacter	Xanthinipelagibacter	NA	NA	FALSE	FALSE	TRUE	FALSE
AH-287-E17	I	Ia.3.V	Ia.3.V	Pelagibacteraceae	Pelagibacteraceae	Xanthipelagibacter	Xanthinipelagibacter	NA	NA	FALSE	FALSE	TRUE	FALSE
AH-321-A17	I	Ia.3.V	Ia.3.V	Pelagibacteraceae	Pelagibacteraceae	Xanthipelagibacter	Xanthinipelagibacter	NA	NA	FALSE	FALSE	TRUE	FALSE
AH-324-J07	I	Ia.3.V	Ia.3.V	Pelagibacteraceae	Pelagibacteraceae	Xanthipelagibacter	Xanthinipelagibacter	NA	NA	FALSE	FALSE	TRUE	FALSE
AG-349-L17	I	Ia.3.V	Ia.3.V	Pelagibacteraceae	Pelagibacteraceae	Xanthipelagibacter	Xanthinipelagibacter	NA	NA	FALSE	FALSE	TRUE	FALSE
AG-422-G03	I	Ia.3.V	Ia.3.V	Pelagibacteraceae	Pelagibacteraceae	Xanthipelagibacter	Xanthinipelagibacter	NA	NA	FALSE	FALSE	TRUE	FALSE
AG-912-L11	I	Ia.3.V	Ia.3.V	Pelagibacteraceae	Pelagibacteraceae	Xanthipelagibacter	Xanthinipelagibacter	NA	NA	FALSE	FALSE	TRUE	FALSE
HIMB1456	I	Ia.3.V	Ia.3.V	Pelagibacteraceae	Pelagibacteraceae	Xanthipelagibacter	Xanthinipelagibacter	NA	NA	FALSE	FALSE	TRUE	FALSE
AG-422-C20	I	Ia.3.V	Ia.3.V	Pelagibacteraceae	Pelagibacteraceae	Xanthipelagibacter	Xanthinipelagibacter	NA	NA	FALSE	FALSE	TRUE	FALSE
AG-447-P03	I	Ia.3.V	Ia.3.V	Pelagibacteraceae	Pelagibacteraceae	Xanthipelagibacter	Xanthinipelagibacter	NA	NA	FALSE	FALSE	TRUE	FALSE
AG-917-J06	I	Ia.3.V	Ia.3.V	Pelagibacteraceae	Pelagibacteraceae	Xanthipelagibacter	Xanthinipelagibacter	NA	NA	FALSE	FALSE	TRUE	FALSE
AG-447-E19	I	Ia.3.V	Ia.3.V	Pelagibacteraceae	Pelagibacteraceae	Xanthipelagibacter	Xanthinipelagibacter	NA	NA	FALSE	FALSE	TRUE	FALSE
AG-913-F03	I	Ia.3.V	Ia.3.V	Pelagibacteraceae	Pelagibacteraceae	Xanthipelagibacter	Xanthinipelagibacter	NA	NA	FALSE	FALSE	TRUE	FALSE
AG-896-O18	I	Ia.3.V	Ia.3.V	Pelagibacteraceae	Pelagibacteraceae	Xanthipelagibacter	Xanthinipelagibacter	NA	NA	FALSE	FALSE	TRUE	FALSE
AG-894-P23	I	Ia.3.V	Ia.3.V	Pelagibacteraceae	Pelagibacteraceae	Xanthipelagibacter	Xanthinipelagibacter	NA	NA	FALSE	FALSE	TRUE	FALSE
AG-422-D23	I	Ia.3.V	Ia.3.V	Pelagibacteraceae	Pelagibacteraceae	Xanthipelagibacter	Xanthinipelagibacter	NA	NA	FALSE	FALSE	TRUE	FALSE
AG-895-F17	I	Ia.3.V	Ia.3.V	Pelagibacteraceae	Pelagibacteraceae	Xanthipelagibacter	Xanthinipelagibacter	NA	NA	FALSE	FALSE	TRUE	FALSE
AG-891-I18	I	Ia.3.V	Ia.3.V	Pelagibacteraceae	Pelagibacteraceae	Xanthipelagibacter	Xanthinipelagibacter	NA	NA	FALSE	FALSE	TRUE	FALSE
AG-894-O09	I	Ia.3.V	Ia.3.V	Pelagibacteraceae	Pelagibacteraceae	Xanthipelagibacter	Xanthinipelagibacter	NA	NA	FALSE	FALSE	TRUE	FALSE
AG-916-N14	I	Ia.3.V	Ia.3.V	Pelagibacteraceae	Pelagibacteraceae	Xanthipelagibacter	Xanthinipelagibacter	NA	NA	FALSE	FALSE	TRUE	FALSE
AG-447-L10	I	Ia.3.V	Ia.3.V	Pelagibacteraceae	Pelagibacteraceae	Xanthipelagibacter	Xanthinipelagibacter	NA	NA	FALSE	FALSE	TRUE	FALSE
HIMB2201	I	Ia.3.V	Ia.3.V	Pelagibacteraceae	Pelagibacteraceae	Xanthipelagibacter	Xanthinipelagibacter	NA	NA	FALSE	FALSE	TRUE	FALSE
AG-920-D05	I	Ia.3.V	Ia.3.V	Pelagibacteraceae	Pelagibacteraceae	Xanthipelagibacter	Xanthinipelagibacter	NA	NA	FALSE	FALSE	TRUE	FALSE
AG-349-O05	I	Ia.3.V	Ia.3.V	Pelagibacteraceae	Pelagibacteraceae	Xanthipelagibacter	Xanthinipelagibacter	NA	NA	FALSE	FALSE	TRUE	FALSE
AG-390-G23	I	Ia.3.V	Ia.3.V	Pelagibacteraceae	Pelagibacteraceae	Xanthipelagibacter	Xanthinipelagibacter	NA	NA	FALSE	FALSE	TRUE	FALSE
HIMB123	I	Ia.3.V	Ia.3.V	Pelagibacteraceae	Pelagibacteraceae	Xanthipelagibacter	Xanthinipelagibacter	NA	NA	FALSE	FALSE	TRUE	FALSE
AG-447-C08	I	Ia.3.V	Ia.3.V	Pelagibacteraceae	Pelagibacteraceae	Xanthipelagibacter	Xanthinipelagibacter	NA	NA	FALSE	FALSE	TRUE	FALSE
AG-892-A22	I	Ia.3.V	Ia.3.V	Pelagibacteraceae	Pelagibacteraceae	Xanthipelagibacter	Xanthinipelagibacter	NA	NA	FALSE	FALSE	TRUE	FALSE
AG-410-O02	I	Ia.3.V	Ia.3.V	Pelagibacteraceae	Pelagibacteraceae	Xanthipelagibacter	Xanthinipelagibacter	NA	NA	FALSE	FALSE	TRUE	FALSE
HIMB1444	I	Ia.3.V	Ia.3.V	Pelagibacteraceae	Pelagibacteraceae	Xanthipelagibacter	Xanthinipelagibacter	NA	NA	FALSE	FALSE	TRUE	FALSE
AG-422-E09	I	Ia.3.V	Ia.3.V	Pelagibacteraceae	Pelagibacteraceae	Xanthipelagibacter	Xanthinipelagibacter	NA	NA	FALSE	FALSE	TRUE	FALSE
AG-891-A05	I	Ia.3.V	Ia.3.V	Pelagibacteraceae	Pelagibacteraceae	Xanthipelagibacter	Xanthinipelagibacter	NA	NA	FALSE	FALSE	TRUE	FALSE
AG-913-L03	I	Ia.3.V	Ia.3.V	Pelagibacteraceae	Pelagibacteraceae	Xanthipelagibacter	Xanthinipelagibacter	NA	NA	FALSE	FALSE	TRUE	FALSE
AG-914-B14	I	Ia.3.V	Ia.3.V	Pelagibacteraceae	Pelagibacteraceae	Xanthipelagibacter	Xanthinipelagibacter	NA	NA	FALSE	FALSE	TRUE	FALSE
AG-426-M05	I	Ia.3.V	Ia.3.V	Pelagibacteraceae	Pelagibacteraceae	Xanthipelagibacter	Xanthinipelagibacter	NA	NA	FALSE	FALSE	TRUE	FALSE
HIMB2304	I	Ia.3.V	Ia.3.V	Pelagibacteraceae	Pelagibacteraceae	Xanthipelagibacter	Xanthinipelagibacter	NA	NA	FALSE	FALSE	TRUE	FALSE
AG-908-C18	I	Ia.3.V	Ia.3.V	Pelagibacteraceae	Pelagibacteraceae	Xanthipelagibacter	Xanthinipelagibacter	NA	NA	FALSE	FALSE	TRUE	FALSE
HIMB1409	I	Ia.3.V	Ia.3.V	Pelagibacteraceae	Pelagibacteraceae	Xanthipelagibacter	Xanthinipelagibacter	NA	NA	FALSE	FALSE	TRUE	FALSE
HIMB1413	I	Ia.3.V	Ia.3.V	Pelagibacteraceae	Pelagibacteraceae	Xanthipelagibacter	Xanthinipelagibacter	NA	NA	FALSE	FALSE	TRUE	FALSE
HIMB2250	I	Ia.3.V	Ia.3.V	Pelagibacteraceae	Pelagibacteraceae	Xanthipelagibacter	Xanthinipelagibacter	NA	NA	FALSE	FALSE	TRUE	FALSE
AG-913-M13	I	Ia.3.V	Ia.3.V	Pelagibacteraceae	Pelagibacteraceae	Xanthipelagibacter	Xanthinipelagibacter	NA	NA	FALSE	FALSE	TRUE	FALSE
AG-422-B22	I	Ia.3.V	Ia.3.V	Pelagibacteraceae	Pelagibacteraceae	Xanthipelagibacter	Xanthinipelagibacter	NA	NA	FALSE	FALSE	TRUE	FALSE
AG-447-L03	I	Ia.3.V	Ia.3.V	Pelagibacteraceae	Pelagibacteraceae	Xanthipelagibacter	Xanthinipelagibacter	NA	NA	FALSE	FALSE	TRUE	FALSE
AG-892-F02	I	Ia.3.V	Ia.3.V	Pelagibacteraceae	Pelagibacteraceae	Xanthipelagibacter	Xanthinipelagibacter	NA	NA	FALSE	FALSE	TRUE	FALSE
AG-390-M14	I	Ia.3.V	Ia.3.V	Pelagibacteraceae	Pelagibacteraceae	Xanthipelagibacter	Xanthinipelagibacter	NA	NA	FALSE	FALSE	TRUE	FALSE
FZCC0015	I	Ia.3.V	Ia.3.V	Pelagibacteraceae	Pelagibacteraceae	Xanthipelagibacter	Xanthinipelagibacter	NA	NA	FALSE	FALSE	TRUE	FALSE
AG-892-L17	I	Ia.3.V	Ia.3.V	Pelagibacteraceae	Pelagibacteraceae	Xanthipelagibacter	Xanthinipelagibacter	NA	NA	FALSE	FALSE	TRUE	FALSE
HIMB083	I	Ia.3.V	Ia.3.V	Pelagibacteraceae	Pelagibacteraceae	Xanthipelagibacter	Xanthinipelagibacter	aumoanae	aumoanae	FALSE	FALSE	TRUE	FALSE
AG-390-C17	I	Ia.3.VI	Ia.3.VI	Pelagibacteraceae	Pelagibacteraceae	Ampluspelagibacter	Undatipelagibacter	NA	NA	FALSE	FALSE	TRUE	FALSE
AG-447-K11	I	Ia.3.VI	Ia.3.VI	Pelagibacteraceae	Pelagibacteraceae	Ampluspelagibacter	Undatipelagibacter	NA	NA	FALSE	FALSE	TRUE	FALSE
HIMB1685	I	Ia.3.VI	Ia.3.VI	Pelagibacteraceae	Pelagibacteraceae	Ampluspelagibacter	Undatipelagibacter	NA	NA	FALSE	FALSE	TRUE	FALSE
HIMB1559	I	Ia.3.VI	Ia.3.VI	Pelagibacteraceae	Pelagibacteraceae	Ampluspelagibacter	Undatipelagibacter	NA	huakaii	FALSE	FALSE	TRUE	TRUE
HIMB1597	I	Ia.3.VI	Ia.3.VI	Pelagibacteraceae	Pelagibacteraceae	Ampluspelagibacter	Undatipelagibacter	NA	huakaii	FALSE	FALSE	TRUE	TRUE
HIMB1587	I	Ia.3.VI	Ia.3.VI	Pelagibacteraceae	Pelagibacteraceae	Ampluspelagibacter	Undatipelagibacter	NA	huakaii	FALSE	FALSE	TRUE	TRUE
HIMB1573	I	Ia.3.VI	Ia.3.VI	Pelagibacteraceae	Pelagibacteraceae	Ampluspelagibacter	Undatipelagibacter	NA	huakaii	FALSE	FALSE	TRUE	TRUE
HIMB1490	I	Ia.3.VI	Ia.3.VI	Pelagibacteraceae	Pelagibacteraceae	Ampluspelagibacter	Undatipelagibacter	NA	huakaii	FALSE	FALSE	TRUE	TRUE
HIMB1491	I	Ia.3.VI	Ia.3.VI	Pelagibacteraceae	Pelagibacteraceae	Ampluspelagibacter	Undatipelagibacter	NA	huakaii	FALSE	FALSE	TRUE	TRUE
HIMB1765	I	Ia.3.VI	Ia.3.VI	Pelagibacteraceae	Pelagibacteraceae	Ampluspelagibacter	Undatipelagibacter	NA	huakaii	FALSE	FALSE	TRUE	TRUE
HIMB1494	I	Ia.3.VI	Ia.3.VI	Pelagibacteraceae	Pelagibacteraceae	Ampluspelagibacter	Undatipelagibacter	NA	huakaii	FALSE	FALSE	TRUE	TRUE
HIMB1495	I	Ia.3.VI	Ia.3.VI	Pelagibacteraceae	Pelagibacteraceae	Ampluspelagibacter	Undatipelagibacter	NA	huakaii	FALSE	FALSE	TRUE	TRUE
HIMB1593	I	Ia.3.VI	Ia.3.VI	Pelagibacteraceae	Pelagibacteraceae	Ampluspelagibacter	Undatipelagibacter	NA	huakaii	FALSE	FALSE	TRUE	TRUE
HIMB1509	I	Ia.3.VI	Ia.3.VI	Pelagibacteraceae	Pelagibacteraceae	Ampluspelagibacter	Undatipelagibacter	NA	huakaii	FALSE	FALSE	TRUE	TRUE
AG-898-C07	I	Ia.3.VI	Ia.3.VI	Pelagibacteraceae	Pelagibacteraceae	Ampluspelagibacter	Undatipelagibacter	NA	NA	FALSE	FALSE	TRUE	FALSE
HIMB1485	I	Ia.3.VI	Ia.3.VI	Pelagibacteraceae	Pelagibacteraceae	Ampluspelagibacter	Undatipelagibacter	NA	huakaii	FALSE	FALSE	TRUE	TRUE
HIMB1492	I	Ia.3.VI	Ia.3.VI	Pelagibacteraceae	Pelagibacteraceae	Ampluspelagibacter	Undatipelagibacter	NA	huakaii	FALSE	FALSE	TRUE	TRUE
HIMB1493	I	Ia.3.VI	Ia.3.VI	Pelagibacteraceae	Pelagibacteraceae	Ampluspelagibacter	Undatipelagibacter	NA	huakaii	FALSE	FALSE	TRUE	TRUE
HIMB1518	I	Ia.3.VI	Ia.3.VI	Pelagibacteraceae	Pelagibacteraceae	Ampluspelagibacter	Undatipelagibacter	NA	huakaii	FALSE	FALSE	TRUE	TRUE
HIMB1770	I	Ia.3.VI	Ia.3.VI	Pelagibacteraceae	Pelagibacteraceae	Ampluspelagibacter	Undatipelagibacter	NA	huakaii	FALSE	FALSE	TRUE	TRUE
HIMB1507	I	Ia.3.VI	Ia.3.VI	Pelagibacteraceae	Pelagibacteraceae	Ampluspelagibacter	Undatipelagibacter	NA	huakaii	FALSE	FALSE	TRUE	TRUE
HIMB1526	I	Ia.3.VI	Ia.3.VI	Pelagibacteraceae	Pelagibacteraceae	Ampluspelagibacter	Undatipelagibacter	NA	huakaii	FALSE	FALSE	TRUE	TRUE
HIMB1552	I	Ia.3.VI	Ia.3.VI	Pelagibacteraceae	Pelagibacteraceae	Ampluspelagibacter	Undatipelagibacter	NA	huakaii	FALSE	FALSE	TRUE	TRUE
HIMB1641	I	Ia.3.VI	Ia.3.VI	Pelagibacteraceae	Pelagibacteraceae	Ampluspelagibacter	Undatipelagibacter	NA	huakaii	FALSE	FALSE	TRUE	TRUE
HIMB1636	I	Ia.3.VI	Ia.3.VI	Pelagibacteraceae	Pelagibacteraceae	Ampluspelagibacter	Undatipelagibacter	NA	huakaii	FALSE	FALSE	TRUE	TRUE
HIMB1702	I	Ia.3.VI	Ia.3.VI	Pelagibacteraceae	Pelagibacteraceae	Ampluspelagibacter	Undatipelagibacter	NA	huakaii	FALSE	FALSE	TRUE	TRUE
HIMB1710	I	Ia.3.VI	Ia.3.VI	Pelagibacteraceae	Pelagibacteraceae	Ampluspelagibacter	Undatipelagibacter	NA	huakaii	FALSE	FALSE	TRUE	TRUE
HIMB1556	I	Ia.3.VI	Ia.3.VI	Pelagibacteraceae	Pelagibacteraceae	Ampluspelagibacter	Undatipelagibacter	huakaii	huakaii	FALSE	FALSE	TRUE	FALSE
HIMB1748	I	Ia.3.VI	Ia.3.VI	Pelagibacteraceae	Pelagibacteraceae	Ampluspelagibacter	Undatipelagibacter	NA	huakaii	FALSE	FALSE	TRUE	TRUE
HIMB1662	I	Ia.3.VI	Ia.3.VI	Pelagibacteraceae	Pelagibacteraceae	Ampluspelagibacter	Undatipelagibacter	NA	huakaii	FALSE	FALSE	TRUE	TRUE
HIMB1723	I	Ia.3.VI	Ia.3.VI	Pelagibacteraceae	Pelagibacteraceae	Ampluspelagibacter	Undatipelagibacter	NA	huakaii	FALSE	FALSE	TRUE	TRUE
HIMB140	I	Ia.3.VI	Ia.3.VI	Pelagibacteraceae	Pelagibacteraceae	Ampluspelagibacter	Undatipelagibacter	NA	huakaii	FALSE	FALSE	TRUE	TRUE
HIMB1513	I	Ia.3.VI	Ia.3.VI	Pelagibacteraceae	Pelagibacteraceae	Ampluspelagibacter	Undatipelagibacter	NA	huakaii	FALSE	FALSE	TRUE	TRUE
HIMB1521	I	Ia.3.VI	Ia.3.VI	Pelagibacteraceae	Pelagibacteraceae	Ampluspelagibacter	Undatipelagibacter	NA	huakaii	FALSE	FALSE	TRUE	TRUE
HIMB1430	I	Ia.3.VI	Ia.3.VI	Pelagibacteraceae	Pelagibacteraceae	Ampluspelagibacter	Undatipelagibacter	NA	huakaii	FALSE	FALSE	TRUE	TRUE
HIMB1611	I	Ia.3.VI	Ia.3.VI	Pelagibacteraceae	Pelagibacteraceae	Ampluspelagibacter	Undatipelagibacter	NA	huakaii	FALSE	FALSE	TRUE	TRUE
HIMB1758	I	Ia.3.VI	Ia.3.VI	Pelagibacteraceae	Pelagibacteraceae	Ampluspelagibacter	Undatipelagibacter	NA	huakaii	FALSE	FALSE	TRUE	TRUE
HIMB1488	I	Ia.3.VI	Ia.3.VI	Pelagibacteraceae	Pelagibacteraceae	Ampluspelagibacter	Undatipelagibacter	NA	huakaii	FALSE	FALSE	TRUE	TRUE
HIMB1506	I	Ia.3.VI	Ia.3.VI	Pelagibacteraceae	Pelagibacteraceae	Ampluspelagibacter	Undatipelagibacter	NA	huakaii	FALSE	FALSE	TRUE	TRUE
HIMB2211	I	Ia.3.VI	Ia.3.VI	Pelagibacteraceae	Pelagibacteraceae	Ampluspelagibacter	Undatipelagibacter	NA	huakaii	FALSE	FALSE	TRUE	TRUE
HIMB1746	I	Ia.3.VI	Ia.3.VI	Pelagibacteraceae	Pelagibacteraceae	Ampluspelagibacter	Undatipelagibacter	NA	huakaii	FALSE	FALSE	TRUE	TRUE
HIMB1542	I	Ia.3.VI	Ia.3.VI	Pelagibacteraceae	Pelagibacteraceae	Ampluspelagibacter	Undatipelagibacter	NA	huakaii	FALSE	FALSE	TRUE	TRUE
HIMB1695	I	Ia.3.VI	Ia.3.VI	Pelagibacteraceae	Pelagibacteraceae	Ampluspelagibacter	Undatipelagibacter	NA	NA	FALSE	FALSE	TRUE	FALSE
HIMB1577	I	Ia.3.VI	Ia.3.VI	Pelagibacteraceae	Pelagibacteraceae	Ampluspelagibacter	Undatipelagibacter	NA	huakaii	FALSE	FALSE	TRUE	TRUE
HIMB1631	I	Ia.3.VI	Ia.3.VI	Pelagibacteraceae	Pelagibacteraceae	Ampluspelagibacter	Undatipelagibacter	NA	huakaii	FALSE	FALSE	TRUE	TRUE
HIMB1715	I	Ia.3.VI	Ia.3.VI	Pelagibacteraceae	Pelagibacteraceae	Ampluspelagibacter	Undatipelagibacter	NA	huakaii	FALSE	FALSE	TRUE	TRUE
HIMB1701	I	Ia.3.VI	Ia.3.VI	Pelagibacteraceae	Pelagibacteraceae	Ampluspelagibacter	Undatipelagibacter	NA	huakaii	FALSE	FALSE	TRUE	TRUE
HIMB1782	I	Ia.3.VI	Ia.3.VI	Pelagibacteraceae	Pelagibacteraceae	Ampluspelagibacter	Undatipelagibacter	NA	huakaii	FALSE	FALSE	TRUE	TRUE
HIMB1602	I	Ia.3.VI	Ia.3.VI	Pelagibacteraceae	Pelagibacteraceae	Ampluspelagibacter	Undatipelagibacter	NA	huakaii	FALSE	FALSE	TRUE	TRUE
AG-891-G02	I	Ia.3.VI	Ia.3.VI	Pelagibacteraceae	Pelagibacteraceae	Ampluspelagibacter	Undatipelagibacter	NA	NA	FALSE	FALSE	TRUE	FALSE
HIMB1623	I	Ia.3.VI	Ia.3.VI	Pelagibacteraceae	Pelagibacteraceae	Ampluspelagibacter	Undatipelagibacter	NA	NA	FALSE	FALSE	TRUE	FALSE
HIMB1709	I	Ia.3.VI	Ia.3.VI	Pelagibacteraceae	Pelagibacteraceae	Ampluspelagibacter	Undatipelagibacter	NA	NA	FALSE	FALSE	TRUE	FALSE
AG-359-C09	I	Ia.3.VII	Ia.3.VII	Pelagibacteraceae	Pelagibacteraceae	Angustipelagibacter	Angustipelagibacter	NA	atlanticus	FALSE	FALSE	FALSE	TRUE
AG-359-M21	I	Ia.3.VII	Ia.3.VII	Pelagibacteraceae	Pelagibacteraceae	Angustipelagibacter	Angustipelagibacter	NA	atlanticus	FALSE	FALSE	FALSE	TRUE
AG-920-J04	I	Ia.3.VII	Ia.3.VII	Pelagibacteraceae	Pelagibacteraceae	Angustipelagibacter	Angustipelagibacter	NA	atlanticus	FALSE	FALSE	FALSE	TRUE
AG-904-F17	I	Ia.3.VII	Ia.3.VII	Pelagibacteraceae	Pelagibacteraceae	Angustipelagibacter	Angustipelagibacter	NA	atlanticus	FALSE	FALSE	FALSE	TRUE
AG-915-K13	I	Ia.3.VII	Ia.3.VII	Pelagibacteraceae	Pelagibacteraceae	Angustipelagibacter	Angustipelagibacter	NA	atlanticus	FALSE	FALSE	FALSE	TRUE
AG-892-E08	I	Ia.3.VII	Ia.3.VII	Pelagibacteraceae	Pelagibacteraceae	Angustipelagibacter	Angustipelagibacter	NA	atlanticus	FALSE	FALSE	FALSE	TRUE
AG-899-N21	I	Ia.3.VII	Ia.3.VII	Pelagibacteraceae	Pelagibacteraceae	Angustipelagibacter	Angustipelagibacter	NA	atlanticus	FALSE	FALSE	FALSE	TRUE
AG-914-P23	I	Ia.3.VII	Ia.3.VII	Pelagibacteraceae	Pelagibacteraceae	Angustipelagibacter	Angustipelagibacter	NA	atlanticus	FALSE	FALSE	FALSE	TRUE
AG-917-M22	I	Ia.3.VII	Ia.3.VII	Pelagibacteraceae	Pelagibacteraceae	Angustipelagibacter	Angustipelagibacter	NA	atlanticus	FALSE	FALSE	FALSE	TRUE
AG-414-O11	I	Ia.3.VII	Ia.3.VII	Pelagibacteraceae	Pelagibacteraceae	Angustipelagibacter	Angustipelagibacter	NA	atlanticus	FALSE	FALSE	FALSE	TRUE
AG-913-C03	I	Ia.3.VII	Ia.3.VII	Pelagibacteraceae	Pelagibacteraceae	Angustipelagibacter	Angustipelagibacter	NA	atlanticus	FALSE	FALSE	FALSE	TRUE
AG-917-C08	I	Ia.3.VII	Ia.3.VII	Pelagibacteraceae	Pelagibacteraceae	Angustipelagibacter	Angustipelagibacter	NA	atlanticus	FALSE	FALSE	FALSE	TRUE
AG-917-C11	I	Ia.3.VII	Ia.3.VII	Pelagibacteraceae	Pelagibacteraceae	Angustipelagibacter	Angustipelagibacter	NA	atlanticus	FALSE	FALSE	FALSE	TRUE
AG-917-P07	I	Ia.3.VII	Ia.3.VII	Pelagibacteraceae	Pelagibacteraceae	Angustipelagibacter	Angustipelagibacter	NA	atlanticus	FALSE	FALSE	FALSE	TRUE
AG-913-A04	I	Ia.3.VII	Ia.3.VII	Pelagibacteraceae	Pelagibacteraceae	Angustipelagibacter	Angustipelagibacter	NA	atlanticus	FALSE	FALSE	FALSE	TRUE
AG-918-L07	I	Ia.3.VII	Ia.3.VII	Pelagibacteraceae	Pelagibacteraceae	Angustipelagibacter	Angustipelagibacter	NA	atlanticus	FALSE	FALSE	FALSE	TRUE
AG-911-G03	I	Ia.3.VII	Ia.3.VII	Pelagibacteraceae	Pelagibacteraceae	Angustipelagibacter	Angustipelagibacter	NA	atlanticus	FALSE	FALSE	FALSE	TRUE
SAG-MED08	I	Ia.3.VII	Ia.3.VII	Pelagibacteraceae	Pelagibacteraceae	Angustipelagibacter	Angustipelagibacter	NA	atlanticus	FALSE	FALSE	FALSE	TRUE
AG-912-F16	I	Ia.3.VII	Ia.3.VII	Pelagibacteraceae	Pelagibacteraceae	Angustipelagibacter	Angustipelagibacter	NA	atlanticus	FALSE	FALSE	FALSE	TRUE
AG-903-D02	I	Ia.3.VII	Ia.3.VII	Pelagibacteraceae	Pelagibacteraceae	Angustipelagibacter	Angustipelagibacter	NA	atlanticus	FALSE	FALSE	FALSE	TRUE
AG-894-C14	I	Ia.3.VII	Ia.3.VII	Pelagibacteraceae	Pelagibacteraceae	Angustipelagibacter	Angustipelagibacter	NA	atlanticus	FALSE	FALSE	FALSE	TRUE
AG-918-L21	I	Ia.3.VII	Ia.3.VII	Pelagibacteraceae	Pelagibacteraceae	Angustipelagibacter	Angustipelagibacter	NA	atlanticus	FALSE	FALSE	FALSE	TRUE
AG-916-M15	I	Ia.3.VII	Ia.3.VII	Pelagibacteraceae	Pelagibacteraceae	Angustipelagibacter	Angustipelagibacter	NA	atlanticus	FALSE	FALSE	FALSE	TRUE
AG-917-I17	I	Ia.3.VII	Ia.3.VII	Pelagibacteraceae	Pelagibacteraceae	Angustipelagibacter	Angustipelagibacter	NA	atlanticus	FALSE	FALSE	FALSE	TRUE
AG-918-K09	I	Ia.3.VII	Ia.3.VII	Pelagibacteraceae	Pelagibacteraceae	Angustipelagibacter	Angustipelagibacter	NA	atlanticus	FALSE	FALSE	FALSE	TRUE
AG-390-J21	I	Ia.4	Ia.4.II	Pelagibacteraceae	Pelagibacteraceae	Lacunapelagibacter	Lacunipelagibacter	NA	NA	TRUE	FALSE	TRUE	FALSE
AG-894-B07	I	Ia.4	Ia.4.II	Pelagibacteraceae	Pelagibacteraceae	Lacunapelagibacter	Lacunipelagibacter	NA	NA	TRUE	FALSE	TRUE	FALSE
AG-447-N18	I	Ia.4	Ia.4.II	Pelagibacteraceae	Pelagibacteraceae	Lacunapelagibacter	Lacunipelagibacter	NA	NA	TRUE	FALSE	TRUE	FALSE
AG-919-L02	I	Ia.4	Ia.4.II	Pelagibacteraceae	Pelagibacteraceae	Lacunapelagibacter	Lacunipelagibacter	NA	NA	TRUE	FALSE	TRUE	FALSE
HIMB1437	I	Ia.4	Ia.4.II	Pelagibacteraceae	Pelagibacteraceae	Lacunapelagibacter	Lacunipelagibacter	akoakoaensis	aumakalihii	TRUE	FALSE	TRUE	TRUE
AG-905-E10	I	Ia.4	Ia.4.II	Pelagibacteraceae	Pelagibacteraceae	Lacunapelagibacter	Lacunipelagibacter	NA	NA	TRUE	FALSE	TRUE	FALSE
AG-917-K06	I	Ia.4	Ia.4.II	Pelagibacteraceae	Pelagibacteraceae	Lacunapelagibacter	Lacunipelagibacter	NA	NA	TRUE	FALSE	TRUE	FALSE
HIMB1863	I	Ia.4	Ia.4.II	Pelagibacteraceae	Pelagibacteraceae	Lacunapelagibacter	Lacunipelagibacter	NA	NA	TRUE	FALSE	TRUE	FALSE
AH-287-G05	I	Ia.4	Ia.4.II	Pelagibacteraceae	Pelagibacteraceae	Lacunapelagibacter	Lacunipelagibacter	NA	NA	TRUE	FALSE	TRUE	FALSE
AH-321-M13	I	Ia.4	Ia.4.II	Pelagibacteraceae	Pelagibacteraceae	Lacunapelagibacter	Lacunipelagibacter	NA	NA	TRUE	FALSE	TRUE	FALSE
AH-321-D17	I	Ia.4	Ia.4.II	Pelagibacteraceae	Pelagibacteraceae	Lacunapelagibacter	Lacunipelagibacter	NA	NA	TRUE	FALSE	TRUE	FALSE
HIMB2104	I	Ia.4	Ia.4.II	Pelagibacteraceae	Pelagibacteraceae	Lacunapelagibacter	Lacunipelagibacter	NA	NA	TRUE	FALSE	TRUE	FALSE
HIMB2200	I	Ia.4	Ia.4.II	Pelagibacteraceae	Pelagibacteraceae	Lacunapelagibacter	Lacunipelagibacter	NA	NA	TRUE	FALSE	TRUE	FALSE
AG-918-G06	I	Ia.4	Ia.4.II	Pelagibacteraceae	Pelagibacteraceae	Lacunapelagibacter	Lacunipelagibacter	NA	NA	TRUE	FALSE	TRUE	FALSE
HIMB2215	I	Ia.4	Ia.4.II	Pelagibacteraceae	Pelagibacteraceae	Lacunapelagibacter	Lacunipelagibacter	NA	NA	TRUE	FALSE	TRUE	FALSE
AG-919-C02	I	Ia.4	Ia.4.II	Pelagibacteraceae	Pelagibacteraceae	Lacunapelagibacter	Lacunipelagibacter	NA	NA	TRUE	FALSE	TRUE	FALSE
HIMB2204	I	Ia.4	Ia.4.II	Pelagibacteraceae	Pelagibacteraceae	Lacunapelagibacter	Lacunipelagibacter	NA	NA	TRUE	FALSE	TRUE	FALSE
AG-891-C15	I	Ia.4	Ia.4.II	Pelagibacteraceae	Pelagibacteraceae	Lacunapelagibacter	Lacunipelagibacter	NA	NA	TRUE	FALSE	TRUE	FALSE
AG-896-K10	I	Ia.4	Ia.4.II	Pelagibacteraceae	Pelagibacteraceae	Lacunapelagibacter	Lacunipelagibacter	NA	NA	TRUE	FALSE	TRUE	FALSE
AG-903-F09	I	Ia.4	Ia.4.II	Pelagibacteraceae	Pelagibacteraceae	Lacunapelagibacter	Lacunipelagibacter	NA	NA	TRUE	FALSE	TRUE	FALSE
AG-903-O08	I	Ia.4	Ia.4.II	Pelagibacteraceae	Pelagibacteraceae	Lacunapelagibacter	Lacunipelagibacter	NA	NA	TRUE	FALSE	TRUE	FALSE
HIMB1402	I	Ia.4	Ia.4.II	Pelagibacteraceae	Pelagibacteraceae	Lacunapelagibacter	Lacunipelagibacter	NA	NA	TRUE	FALSE	TRUE	FALSE
HIMB1838	I	Ia.4	Ia.4.II	Pelagibacteraceae	Pelagibacteraceae	Lacunapelagibacter	Lacunipelagibacter	NA	NA	TRUE	FALSE	TRUE	FALSE
HIMB1835	I	Ia.4	Ia.4.II	Pelagibacteraceae	Pelagibacteraceae	Lacunapelagibacter	Lacunipelagibacter	NA	NA	TRUE	FALSE	TRUE	FALSE
AG-917-O20	I	Ia.4	NA	Pelagibacteraceae	Pelagibacteraceae	Lacunapelagibacter	NA	NA	NA	TRUE	FALSE	TRUE	FALSE
AG-905-G04	I	Ia.4	NA	Pelagibacteraceae	Pelagibacteraceae	Lacunapelagibacter	NA	NA	NA	TRUE	FALSE	TRUE	FALSE
HIMB1483	I	Ia.4	Ia.4.N1	Pelagibacteraceae	Pelagibacteraceae	Semelpelagibacter	Alipelagibacter	loemeaikii	loemeaikii	TRUE	FALSE	TRUE	FALSE
AG-359-D09	I	Ia.4	Ia.4.N4	Pelagibacteraceae	Pelagibacteraceae	Punctumpelagibacter	Punctipelagibacter	variabilis	variabilis	TRUE	FALSE	TRUE	FALSE
AH-321-L23	I	Ia.4	Ia.4.N4	Pelagibacteraceae	Pelagibacteraceae	Punctumpelagibacter	Punctipelagibacter	NA	NA	TRUE	FALSE	TRUE	FALSE
AH-321-P04	I	Ia.4	Ia.4.N4	Pelagibacteraceae	Pelagibacteraceae	Punctumpelagibacter	Punctipelagibacter	NA	NA	TRUE	FALSE	TRUE	FALSE
AG-896-C18	I	Ia.4	NA	Pelagibacteraceae	Pelagibacteraceae	Punctumpelagibacter	NA	NA	NA	TRUE	FALSE	TRUE	FALSE
AG-390-E04	I	Ia.4	NA	Pelagibacteraceae	Pelagibacteraceae	Punctumpelagibacter	NA	NA	NA	TRUE	FALSE	TRUE	FALSE
AH-287-E08	I	Ia.4	NA	Pelagibacteraceae	Pelagibacteraceae	Punctumpelagibacter	NA	NA	NA	TRUE	FALSE	TRUE	FALSE
AG-422-C13	I	Ia.4	NA	Pelagibacteraceae	Pelagibacteraceae	Punctumpelagibacter	NA	NA	NA	TRUE	FALSE	TRUE	FALSE
AG-337-D17	I	Ia.4	Ia.4.N5	Pelagibacteraceae	Pelagibacteraceae	Tantilluspelagibacter	Tantillipelagibacter	NA	NA	TRUE	FALSE	TRUE	FALSE
AG-897-G15	I	Ia.4	Ia.4.N5	Pelagibacteraceae	Pelagibacteraceae	Tantilluspelagibacter	Tantillipelagibacter	NA	NA	TRUE	FALSE	TRUE	FALSE
RS39	I	Ia.4	Ia.4.N5	Pelagibacteraceae	Pelagibacteraceae	Tantilluspelagibacter	Tantillipelagibacter	NA	NA	TRUE	FALSE	TRUE	FALSE
AG-447-F10	I	Ia.4	Ia.4.N5	Pelagibacteraceae	Pelagibacteraceae	Tantilluspelagibacter	Tantillipelagibacter	NA	NA	TRUE	FALSE	TRUE	FALSE
AG-907-C04	I	Ia.4	Ia.4.N5	Pelagibacteraceae	Pelagibacteraceae	Tantilluspelagibacter	Tantillipelagibacter	NA	NA	TRUE	FALSE	TRUE	FALSE
AG-896-L20	I	Ia.4	Ia.4.N5	Pelagibacteraceae	Pelagibacteraceae	Tantilluspelagibacter	Tantillipelagibacter	NA	NA	TRUE	FALSE	TRUE	FALSE
AG-916-A16	I	Ia.4	Ia.4.N5	Pelagibacteraceae	Pelagibacteraceae	Tantilluspelagibacter	Tantillipelagibacter	NA	NA	TRUE	FALSE	TRUE	FALSE
AG-909-J05	I	Ia.4	Ia.4.N5	Pelagibacteraceae	Pelagibacteraceae	Tantilluspelagibacter	Tantillipelagibacter	NA	NA	TRUE	FALSE	TRUE	FALSE
AG-893-I20	I	Ia.4	Ia.4.N5	Pelagibacteraceae	Pelagibacteraceae	Tantilluspelagibacter	Tantillipelagibacter	NA	NA	TRUE	FALSE	TRUE	FALSE
AG-899-J23	I	Ia.4	Ia.4.N5	Pelagibacteraceae	Pelagibacteraceae	Tantilluspelagibacter	Tantillipelagibacter	NA	NA	TRUE	FALSE	TRUE	FALSE
HIMB1436	I	Ia.4	Ia.4.N5	Pelagibacteraceae	Pelagibacteraceae	Tantilluspelagibacter	Tantillipelagibacter	marisrubii	marisrubii	TRUE	FALSE	TRUE	FALSE
AG-909-G08	I	Ia.4	Ia.4.N5	Pelagibacteraceae	Pelagibacteraceae	Tantilluspelagibacter	Tantillipelagibacter	NA	NA	TRUE	FALSE	TRUE	FALSE
AG-359-G22	I	Ia.4	Ia.4.N5	Pelagibacteraceae	Pelagibacteraceae	Tantilluspelagibacter	Tantillipelagibacter	NA	NA	TRUE	FALSE	TRUE	FALSE
AG-447-P22	I	Ia.4	Ia.4.N5	Pelagibacteraceae	Pelagibacteraceae	Tantilluspelagibacter	Tantillipelagibacter	NA	NA	TRUE	FALSE	TRUE	FALSE
AG-426-D09	I	Ia.4	Ia.4.N5	Pelagibacteraceae	Pelagibacteraceae	Tantilluspelagibacter	Tantillipelagibacter	NA	NA	TRUE	FALSE	TRUE	FALSE
AG-910-B05	I	Ia.4	Ia.4.N5	Pelagibacteraceae	Pelagibacteraceae	Tantilluspelagibacter	Tantillipelagibacter	NA	NA	TRUE	FALSE	TRUE	FALSE
AG-894-K14	I	Ia.4	Ia.4.N5	Pelagibacteraceae	Pelagibacteraceae	Tantilluspelagibacter	Tantillipelagibacter	NA	NA	TRUE	FALSE	TRUE	FALSE
AG-911-E04	I	Ia.4	Ia.4.N5	Pelagibacteraceae	Pelagibacteraceae	Tantilluspelagibacter	Tantillipelagibacter	NA	NA	TRUE	FALSE	TRUE	FALSE
HIMB2226	I	Ia.4	Ia.4.N5	Pelagibacteraceae	Pelagibacteraceae	Tantilluspelagibacter	Tantillipelagibacter	NA	NA	TRUE	FALSE	TRUE	FALSE
AG-447-B22	I	Ia.4	Ia.4.N5	Pelagibacteraceae	Pelagibacteraceae	Tantilluspelagibacter	Tantillipelagibacter	NA	NA	TRUE	FALSE	TRUE	FALSE
AG-919-O02	I	Ia.4	Ia.4.N5	Pelagibacteraceae	Pelagibacteraceae	Tantilluspelagibacter	Tantillipelagibacter	NA	NA	TRUE	FALSE	TRUE	FALSE
AH-287-J18	I	Ia.4	Ia.4.N5	Pelagibacteraceae	Pelagibacteraceae	Tantilluspelagibacter	Tantillipelagibacter	NA	NA	TRUE	FALSE	TRUE	FALSE
HIMB2187	I	Ia.4	Ia.4.N5	Pelagibacteraceae	Pelagibacteraceae	Tantilluspelagibacter	Tantillipelagibacter	NA	NA	TRUE	FALSE	TRUE	FALSE
AG-919-A21	I	Ia.4	NA	Pelagibacteraceae	Pelagibacteraceae	Tantilluspelagibacter	NA	NA	NA	TRUE	FALSE	TRUE	FALSE
AG-895-K10	I	Ia.4	Ia.4.N6	Pelagibacteraceae	Pelagibacteraceae	Colligopelagibacter	Colligatipelagibacter	wilhelmii	wilhelmii	TRUE	FALSE	TRUE	FALSE
AG-899-M07	I	Ia.4	Ia.4.N6	Pelagibacteraceae	Pelagibacteraceae	Colligopelagibacter	Colligatipelagibacter	NA	NA	TRUE	FALSE	TRUE	FALSE
AG-905-A07	I	Ia.4	Ia.4.N6	Pelagibacteraceae	Pelagibacteraceae	Colligopelagibacter	Colligatipelagibacter	NA	NA	TRUE	FALSE	TRUE	FALSE
AG-919-F03	I	Ia.4	Ia.4.N6	Pelagibacteraceae	Pelagibacteraceae	Colligopelagibacter	Colligatipelagibacter	NA	NA	TRUE	FALSE	TRUE	FALSE
BACL5_MAG-120820-bin39	I	Ia.5	NA	Pelagibacteraceae	Pelagibacteraceae	NA	NA	NA	NA	TRUE	FALSE	FALSE	FALSE
BACL5_MAG-121015-bin10	I	Ia.5	NA	Pelagibacteraceae	Pelagibacteraceae	NA	NA	NA	NA	TRUE	FALSE	FALSE	FALSE
Baikal-G1	I	Ia.5	NA	Pelagibacteraceae	Pelagibacteraceae	NA	NA	NA	NA	TRUE	FALSE	FALSE	FALSE
AG-899-B09	I	Ib.1	Ib.1	Pelagibacteraceae	Pelagibacteraceae	Superopelagibacter	Superipelagibacter	NA	NA	FALSE	FALSE	TRUE	FALSE
AG-899-D19	I	Ib.1	Ib.1	Pelagibacteraceae	Pelagibacteraceae	Superopelagibacter	Superipelagibacter	NA	NA	FALSE	FALSE	TRUE	FALSE
AG-917-E05	I	Ib.1	Ib.1	Pelagibacteraceae	Pelagibacteraceae	Superopelagibacter	Superipelagibacter	NA	NA	FALSE	FALSE	TRUE	FALSE
AG-918-G15	I	Ib.1	Ib.1	Pelagibacteraceae	Pelagibacteraceae	Superopelagibacter	Superipelagibacter	NA	NA	FALSE	FALSE	TRUE	FALSE
AG-917-D09	I	Ib.1	Ib.1	Pelagibacteraceae	Pelagibacteraceae	Superopelagibacter	Superipelagibacter	NA	NA	FALSE	FALSE	TRUE	FALSE
RS40	I	Ib.1	Ib.1	Pelagibacteraceae	Pelagibacteraceae	Superopelagibacter	Superipelagibacter	microceni	NA	FALSE	FALSE	TRUE	TRUE
AH-287-O09	I	Ib.1	Ib.1	Pelagibacteraceae	Pelagibacteraceae	Superopelagibacter	Superipelagibacter	NA	NA	FALSE	FALSE	TRUE	FALSE
HIMB2305	I	Ib.1	Ib.1	Pelagibacteraceae	Pelagibacteraceae	Superopelagibacter	Superipelagibacter	NA	microcenae	FALSE	FALSE	TRUE	TRUE
AH-324-K09	I	Ib.1	NA	Pelagibacteraceae	Pelagibacteraceae	Superopelagibacter	NA	NA	NA	TRUE	FALSE	TRUE	FALSE
AG-337-D16	I	Ib.1	Ib.1.III	Pelagibacteraceae	Pelagibacteraceae	Copiapelagibacter	Copipelagibacter	NA	NA	TRUE	FALSE	TRUE	FALSE
AG-891-N03	I	Ib.1	Ib.1.III	Pelagibacteraceae	Pelagibacteraceae	Copiapelagibacter	Copipelagibacter	NA	NA	TRUE	FALSE	TRUE	FALSE
AG-900-I13	I	Ib.1	Ib.1.III	Pelagibacteraceae	Pelagibacteraceae	Copiapelagibacter	Copipelagibacter	NA	NA	TRUE	FALSE	TRUE	FALSE
AG-917-D03	I	Ib.1	Ib.1.III	Pelagibacteraceae	Pelagibacteraceae	Copiapelagibacter	Copipelagibacter	NA	NA	TRUE	FALSE	TRUE	FALSE
AG-918-G22	I	Ib.1	Ib.1.III	Pelagibacteraceae	Pelagibacteraceae	Copiapelagibacter	Copipelagibacter	NA	NA	TRUE	FALSE	TRUE	FALSE
AG-892-F15	I	Ib.1	Ib.1.III	Pelagibacteraceae	Pelagibacteraceae	Copiapelagibacter	Copipelagibacter	splendidus	splendidus	TRUE	FALSE	TRUE	FALSE
AG-894-F15	I	Ib.1	Ib.1.III	Pelagibacteraceae	Pelagibacteraceae	Copiapelagibacter	Copipelagibacter	NA	splendidus	TRUE	FALSE	TRUE	TRUE
AG-896-G07	I	Ib.1	Ib.1.III	Pelagibacteraceae	Pelagibacteraceae	Copiapelagibacter	Copipelagibacter	NA	splendidus	TRUE	FALSE	TRUE	TRUE
GOM-A1	I	Ib.1	Ib.1.III	Pelagibacteraceae	Pelagibacteraceae	Copiapelagibacter	Copipelagibacter	NA	splendidus	TRUE	FALSE	TRUE	TRUE
AG-913-N09	I	Ib.1	Ib.1.III	Pelagibacteraceae	Pelagibacteraceae	Copiapelagibacter	Copipelagibacter	NA	NA	TRUE	FALSE	TRUE	FALSE
AG-893-J08	I	Ib.1	Ib.1.III	Pelagibacteraceae	Pelagibacteraceae	Copiapelagibacter	Copipelagibacter	NA	NA	TRUE	FALSE	TRUE	FALSE
AG-893-M22	I	Ib.1	Ib.1.III	Pelagibacteraceae	Pelagibacteraceae	Copiapelagibacter	Copipelagibacter	NA	NA	TRUE	FALSE	TRUE	FALSE
AG-900-G16	I	Ib.1	Ib.1.III	Pelagibacteraceae	Pelagibacteraceae	Copiapelagibacter	Copipelagibacter	NA	NA	TRUE	FALSE	TRUE	FALSE
AG-920-L20	I	Ib.1	Ib.1.III	Pelagibacteraceae	Pelagibacteraceae	Copiapelagibacter	Copipelagibacter	NA	NA	TRUE	FALSE	TRUE	FALSE
AG-900-I19	I	Ib.1	Ib.1.III	Pelagibacteraceae	Pelagibacteraceae	Copiapelagibacter	Copipelagibacter	NA	NA	TRUE	FALSE	TRUE	FALSE
AG-894-A03	I	Ib.1	Ib.1.III	Pelagibacteraceae	Pelagibacteraceae	Copiapelagibacter	Copipelagibacter	NA	NA	TRUE	FALSE	TRUE	FALSE
AG-359-G17	I	Ib.1	Ib.1.III	Pelagibacteraceae	Pelagibacteraceae	Copiapelagibacter	Copipelagibacter	NA	NA	TRUE	FALSE	TRUE	FALSE
AG-426-M19	I	Ib.1	Ib.1.III	Pelagibacteraceae	Pelagibacteraceae	Copiapelagibacter	Copipelagibacter	NA	NA	TRUE	FALSE	TRUE	FALSE
AG-894-B06	I	Ib.1	Ib.1.III	Pelagibacteraceae	Pelagibacteraceae	Copiapelagibacter	Copipelagibacter	NA	NA	TRUE	FALSE	TRUE	FALSE
AG-903-C11	I	Ib.1	Ib.1.III	Pelagibacteraceae	Pelagibacteraceae	Copiapelagibacter	Copipelagibacter	NA	NA	TRUE	FALSE	TRUE	FALSE
AG-897-O16	I	Ib.1	Ib.1.III	Pelagibacteraceae	Pelagibacteraceae	Copiapelagibacter	Copipelagibacter	NA	NA	TRUE	FALSE	TRUE	FALSE
AG-899-O04	I	Ib.1	Ib.1.III	Pelagibacteraceae	Pelagibacteraceae	Copiapelagibacter	Copipelagibacter	NA	NA	TRUE	FALSE	TRUE	FALSE
AG-913-G10	I	Ib.1	Ib.1.III	Pelagibacteraceae	Pelagibacteraceae	Copiapelagibacter	Copipelagibacter	NA	NA	TRUE	FALSE	TRUE	FALSE
AG-918-E02	I	Ib.1	Ib.1.III	Pelagibacteraceae	Pelagibacteraceae	Copiapelagibacter	Copipelagibacter	NA	NA	TRUE	FALSE	TRUE	FALSE
AG-893-N07	I	Ib.1	Ib.1.III	Pelagibacteraceae	Pelagibacteraceae	Copiapelagibacter	Copipelagibacter	NA	NA	TRUE	FALSE	TRUE	FALSE
AG-912-A14	I	Ib.1	Ib.1.III	Pelagibacteraceae	Pelagibacteraceae	Copiapelagibacter	Copipelagibacter	NA	NA	TRUE	FALSE	TRUE	FALSE
AG-898-G21	I	Ib.1	Ib.1.III	Pelagibacteraceae	Pelagibacteraceae	Copiapelagibacter	Copipelagibacter	NA	splendidus	TRUE	FALSE	TRUE	TRUE
AG-909-F14	I	Ib.1	Ib.1.III	Pelagibacteraceae	Pelagibacteraceae	Copiapelagibacter	Copipelagibacter	NA	NA	TRUE	FALSE	TRUE	FALSE
AG-912-I02	I	Ib.1	Ib.1.III	Pelagibacteraceae	Pelagibacteraceae	Copiapelagibacter	Copipelagibacter	NA	NA	TRUE	FALSE	TRUE	FALSE
AG-359-O11	I	Ib.1	Ib.1.III	Pelagibacteraceae	Pelagibacteraceae	Copiapelagibacter	Copipelagibacter	NA	NA	TRUE	FALSE	TRUE	FALSE
AG-915-G14	I	Ib.1	Ib.1.III	Pelagibacteraceae	Pelagibacteraceae	Copiapelagibacter	Copipelagibacter	NA	NA	TRUE	FALSE	TRUE	FALSE
AG-916-E19	I	Ib.1	Ib.1.III	Pelagibacteraceae	Pelagibacteraceae	Copiapelagibacter	Copipelagibacter	NA	NA	TRUE	FALSE	TRUE	FALSE
AG-917-D23	I	Ib.1	Ib.1.III	Pelagibacteraceae	Pelagibacteraceae	Copiapelagibacter	Copipelagibacter	NA	NA	TRUE	FALSE	TRUE	FALSE
AG-426-E13	I	Ib.1	Ib.1.III	Pelagibacteraceae	Pelagibacteraceae	Copiapelagibacter	Copipelagibacter	NA	NA	TRUE	FALSE	TRUE	FALSE
AG-894-L19	I	Ib.1	Ib.1.III	Pelagibacteraceae	Pelagibacteraceae	Copiapelagibacter	Copipelagibacter	NA	NA	TRUE	FALSE	TRUE	FALSE
AG-913-I09	I	Ib.1	Ib.1.III	Pelagibacteraceae	Pelagibacteraceae	Copiapelagibacter	Copipelagibacter	NA	NA	TRUE	FALSE	TRUE	FALSE
AG-359-B05	I	Ib.1	Ib.1.III	Pelagibacteraceae	Pelagibacteraceae	Copiapelagibacter	Copipelagibacter	NA	NA	TRUE	FALSE	TRUE	FALSE
AG-892-B11	I	Ib.1	Ib.1.III	Pelagibacteraceae	Pelagibacteraceae	Copiapelagibacter	Copipelagibacter	NA	NA	TRUE	FALSE	TRUE	FALSE
AG-894-E10	I	Ib.1	Ib.1.III	Pelagibacteraceae	Pelagibacteraceae	Copiapelagibacter	Copipelagibacter	NA	NA	TRUE	FALSE	TRUE	FALSE
AG-908-L09	I	Ib.1	Ib.1.III	Pelagibacteraceae	Pelagibacteraceae	Copiapelagibacter	Copipelagibacter	NA	NA	TRUE	FALSE	TRUE	FALSE
AG-917-D14	I	Ib.1	Ib.1.III	Pelagibacteraceae	Pelagibacteraceae	Copiapelagibacter	Copipelagibacter	NA	NA	TRUE	FALSE	TRUE	FALSE
AG-892-J03	I	Ib.1	Ib.1.III	Pelagibacteraceae	Pelagibacteraceae	Copiapelagibacter	Copipelagibacter	NA	NA	TRUE	FALSE	TRUE	FALSE
AG-899-A06	I	Ib.1	Ib.1.III	Pelagibacteraceae	Pelagibacteraceae	Copiapelagibacter	Copipelagibacter	NA	NA	TRUE	FALSE	TRUE	FALSE
AG-918-K13	I	Ib.1	Ib.1.III	Pelagibacteraceae	Pelagibacteraceae	Copiapelagibacter	Copipelagibacter	NA	NA	TRUE	FALSE	TRUE	FALSE
AG-916-L11	I	Ib.1	Ib.1.III	Pelagibacteraceae	Pelagibacteraceae	Copiapelagibacter	Copipelagibacter	NA	NA	TRUE	FALSE	TRUE	FALSE
AG-897-G09	I	Ib.1	Ib.1.III	Pelagibacteraceae	Pelagibacteraceae	Copiapelagibacter	Copipelagibacter	NA	NA	TRUE	FALSE	TRUE	FALSE
AG-916-B06	I	Ib.1	Ib.1.III	Pelagibacteraceae	Pelagibacteraceae	Copiapelagibacter	Copipelagibacter	NA	NA	TRUE	FALSE	TRUE	FALSE
AG-337-C09	I	Ib.2.a	Ib.2.I	Pelagibacteraceae	Pelagibacteraceae	Stellipelagibacter	Stellipelagibacter	NA	NA	TRUE	FALSE	FALSE	FALSE
AG-404-P13	I	Ib.2.a	Ib.2.I	Pelagibacteraceae	Pelagibacteraceae	Stellipelagibacter	Stellipelagibacter	NA	NA	TRUE	FALSE	FALSE	FALSE
AG-907-F09	I	Ib.2.a	Ib.2.I	Pelagibacteraceae	Pelagibacteraceae	Stellipelagibacter	Stellipelagibacter	NA	NA	TRUE	FALSE	FALSE	FALSE
AG-337-G04	I	Ib.2.a	Ib.2.I	Pelagibacteraceae	Pelagibacteraceae	Stellipelagibacter	Stellipelagibacter	NA	NA	TRUE	FALSE	FALSE	FALSE
AG-461-L09	I	Ib.2.a	Ib.2.I	Pelagibacteraceae	Pelagibacteraceae	Stellipelagibacter	Stellipelagibacter	NA	NA	TRUE	FALSE	FALSE	FALSE
AG-894-L17	I	Ib.2.a	Ib.2.I	Pelagibacteraceae	Pelagibacteraceae	Stellipelagibacter	Stellipelagibacter	NA	NA	TRUE	FALSE	FALSE	FALSE
AG-414-O09	I	Ib.2.a	Ib.2.I	Pelagibacteraceae	Pelagibacteraceae	Stellipelagibacter	Stellipelagibacter	NA	NA	TRUE	FALSE	FALSE	FALSE
AG-893-L07	I	Ib.2.a	Ib.2.I	Pelagibacteraceae	Pelagibacteraceae	Stellipelagibacter	Stellipelagibacter	NA	NA	TRUE	FALSE	FALSE	FALSE
AG-904-K03	I	Ib.2.a	Ib.2.I	Pelagibacteraceae	Pelagibacteraceae	Stellipelagibacter	Stellipelagibacter	NA	NA	TRUE	FALSE	FALSE	FALSE
AG-908-F18	I	Ib.2.a	Ib.2.I	Pelagibacteraceae	Pelagibacteraceae	Stellipelagibacter	Stellipelagibacter	NA	NA	TRUE	FALSE	FALSE	FALSE
AG-916-B15	I	Ib.2.a	Ib.2.I	Pelagibacteraceae	Pelagibacteraceae	Stellipelagibacter	Stellipelagibacter	NA	NA	TRUE	FALSE	FALSE	FALSE
AG-896-F06	I	Ib.2.a	Ib.2.I	Pelagibacteraceae	Pelagibacteraceae	Stellipelagibacter	Stellipelagibacter	NA	NA	TRUE	FALSE	FALSE	FALSE
AG-916-O20	I	Ib.2.a	Ib.2.I	Pelagibacteraceae	Pelagibacteraceae	Stellipelagibacter	Stellipelagibacter	NA	NA	TRUE	FALSE	FALSE	FALSE
AG-901-I06	I	Ib.2.a	Ib.2.I	Pelagibacteraceae	Pelagibacteraceae	Stellipelagibacter	Stellipelagibacter	NA	NA	TRUE	FALSE	FALSE	FALSE
AG-337-C19	I	Ib.2.b	Ib.N10	Pelagibacteraceae	Pelagibacteraceae	Fususpelagibacter	Fusipelagibacter	NA	NA	TRUE	FALSE	TRUE	FALSE
AG-893-L13	I	Ib.2.b	Ib.N10	Pelagibacteraceae	Pelagibacteraceae	Fususpelagibacter	Fusipelagibacter	NA	tranquillus	TRUE	FALSE	TRUE	TRUE
AG-899-M19	I	Ib.2.b	Ib.N10	Pelagibacteraceae	Pelagibacteraceae	Fususpelagibacter	Fusipelagibacter	NA	tranquillus	TRUE	FALSE	TRUE	TRUE
AG-917-F16	I	Ib.2.b	Ib.N10	Pelagibacteraceae	Pelagibacteraceae	Fususpelagibacter	Fusipelagibacter	NA	tranquillus	TRUE	FALSE	TRUE	TRUE
AG-905-M05	I	Ib.2.b	Ib.N10	Pelagibacteraceae	Pelagibacteraceae	Fususpelagibacter	Fusipelagibacter	tranquillus	tranquillus	TRUE	FALSE	TRUE	FALSE
AG-893-P02	I	Ib.2.b	NA	Pelagibacteraceae	Pelagibacteraceae	Fususpelagibacter	NA	NA	NA	TRUE	FALSE	TRUE	FALSE
AG-426-F15	I	Ib.2.a	Ib.N7	Pelagibacteraceae	Pelagibacteraceae	Parvipelagibacter	Parvipelagibacter	dignotus	dignotus	TRUE	FALSE	FALSE	FALSE
AG-903-L07	I	Ib.2.a	Ib.2.N7	Pelagibacteraceae	Pelagibacteraceae	Parvipelagibacter	Parvipelagibacter	NA	NA	TRUE	FALSE	FALSE	FALSE
AG-905-O08	I	Ib.2.a	Ib.2.N7	Pelagibacteraceae	Pelagibacteraceae	Parvipelagibacter	Parvipelagibacter	NA	NA	TRUE	FALSE	FALSE	FALSE
AG-916-G09	I	Ib.2.a	Ib.2.N7	Pelagibacteraceae	Pelagibacteraceae	Parvipelagibacter	Parvipelagibacter	NA	NA	TRUE	FALSE	FALSE	FALSE
AG-918-B06	I	Ib.2.a	Ib.2.N7	Pelagibacteraceae	Pelagibacteraceae	Parvipelagibacter	Parvipelagibacter	NA	NA	TRUE	FALSE	FALSE	FALSE
AG-915-G13	I	Ib.2.a	Ib.2.N7	Pelagibacteraceae	Pelagibacteraceae	Parvipelagibacter	Parvipelagibacter	NA	NA	TRUE	FALSE	FALSE	FALSE
AG-365-D07	I	Ib.3	NA	Pelagibacteraceae	Pelagibacteraceae	NA	NA	NA	NA	TRUE	FALSE	FALSE	FALSE
AG-390-C19	I	Ib.3	NA	Pelagibacteraceae	Pelagibacteraceae	NA	NA	NA	NA	TRUE	FALSE	FALSE	FALSE
AG-422-N14	I	Ib.3	NA	Pelagibacteraceae	Pelagibacteraceae	NA	NA	NA	NA	TRUE	FALSE	FALSE	FALSE
AG-426-G09	I	Ib.3	NA	Pelagibacteraceae	Pelagibacteraceae	NA	NA	NA	NA	TRUE	FALSE	FALSE	FALSE
AG-414-M23	I	Ib.3	NA	Pelagibacteraceae	Pelagibacteraceae	NA	NA	NA	NA	TRUE	FALSE	FALSE	FALSE
AG-439-O15	I	Ib.3	NA	Pelagibacteraceae	Pelagibacteraceae	NA	NA	NA	NA	TRUE	FALSE	FALSE	FALSE
AG-426-E17	I	Ib.4	Ib.4.I	Pelagibacteraceae	Pelagibacteraceae	Passimpelagibacter	Extensipelagibacter	unicum	unicus	TRUE	FALSE	TRUE	TRUE
AG-891-E06	I	Ib.4	Ib.4.I	Pelagibacteraceae	Pelagibacteraceae	Passimpelagibacter	Extensipelagibacter	NA	unicus	TRUE	FALSE	TRUE	TRUE
AG-916-A21	I	Ib.4	Ib.4.I	Pelagibacteraceae	Pelagibacteraceae	Passimpelagibacter	Extensipelagibacter	NA	unicus	TRUE	FALSE	TRUE	TRUE
AG-325-E08	I	Ia.4	Ia.4.N2	Pelagibacteraceae	Pelagibacteraceae	Pantolocipelagibacter	Pantolocipelagibacter	NA	NA	TRUE	FALSE	FALSE	FALSE
AG-390-D02	I	Ia.4	Ia.4.N2	Pelagibacteraceae	Pelagibacteraceae	Pantolocipelagibacter	Pantolocipelagibacter	NA	NA	TRUE	FALSE	FALSE	FALSE
AG-390-D15	I	Ia.4	Ia.4.N2	Pelagibacteraceae	Pelagibacteraceae	Pantolocipelagibacter	Pantolocipelagibacter	NA	NA	TRUE	FALSE	FALSE	FALSE
AG-390-M02	I	Ia.4	NA	Pelagibacteraceae	Pelagibacteraceae	Pantolocipelagibacter	NA	NA	NA	TRUE	FALSE	TRUE	FALSE
AG-390-J13	I	Ia.4	Ia.4.N2	Pelagibacteraceae	Pelagibacteraceae	Pantolocipelagibacter	Pantolocipelagibacter	NA	NA	TRUE	FALSE	FALSE	FALSE
SAG-MED11	I	Ia.4	Ia.4.N2	Pelagibacteraceae	Pelagibacteraceae	Pantolocipelagibacter	Pantolocipelagibacter	NA	NA	TRUE	FALSE	FALSE	FALSE
AG-916-G19	I	Ia.4	Ia.4.N2	Pelagibacteraceae	Pelagibacteraceae	Pantolocipelagibacter	Pantolocipelagibacter	undulae	undulae	TRUE	FALSE	FALSE	FALSE
AG-893-F11	I	Ia.4	Ia.4.N3	Pelagibacteraceae	Pelagibacteraceae	Proventuspelagibacter	Proventipelagibacter	oceanicus	oceanicus	TRUE	FALSE	TRUE	FALSE
AG-892-K05	I	Ia.4	Ia.4.N3	Pelagibacteraceae	Pelagibacteraceae	Mediuspelagibacter	Proventipelagibacter	NA	NA	TRUE	FALSE	TRUE	FALSE
AG-912-C08	I	Ia.4	Ia.4.N3	Pelagibacteraceae	Pelagibacteraceae	Mediuspelagibacter	Proventipelagibacter	NA	NA	TRUE	FALSE	TRUE	FALSE
AG-899-G02	I	Ia.4	Ia.4.N3	Pelagibacteraceae	Pelagibacteraceae	Mediuspelagibacter	Proventipelagibacter	NA	NA	TRUE	FALSE	TRUE	FALSE
AG-900-K21	I	Ia.4	Ia.4.N3	Pelagibacteraceae	Pelagibacteraceae	Mediuspelagibacter	Proventipelagibacter	NA	NA	TRUE	FALSE	TRUE	FALSE
AG-908-F20	I	Ia.4	Ia.4.N3	Pelagibacteraceae	Pelagibacteraceae	Mediuspelagibacter	Proventipelagibacter	NA	NA	TRUE	FALSE	TRUE	FALSE
AG-894-L13	I	Ia.4	Ia.4.N3	Pelagibacteraceae	Pelagibacteraceae	Mediuspelagibacter	Proventipelagibacter	NA	NA	TRUE	FALSE	TRUE	FALSE
AG-895-J19	I	Ia.4	Ia.4.N3	Pelagibacteraceae	Pelagibacteraceae	Mediuspelagibacter	Proventipelagibacter	NA	NA	TRUE	FALSE	TRUE	FALSE
AG-461-M18	I	Ib.4	Ib.4.N8	Pelagibacteraceae	Pelagibacteraceae	Mediuspelagibacter	Medipelagibacter	NA	NA	TRUE	FALSE	TRUE	FALSE
AG-893-K09	I	Ib.4	Ib.4.N8	Pelagibacteraceae	Pelagibacteraceae	Mediuspelagibacter	Medipelagibacter	bermudensis	bermudensis	TRUE	FALSE	TRUE	FALSE
AG-901-I21	I	Ib.4	Ib.4.N8	Pelagibacteraceae	Pelagibacteraceae	Mediuspelagibacter	Medipelagibacter	NA	bermudensis	TRUE	FALSE	TRUE	TRUE
AG-917-M15	I	Ib.4	Ib.4.N8	Pelagibacteraceae	Pelagibacteraceae	Mediuspelagibacter	Medipelagibacter	NA	NA	TRUE	FALSE	TRUE	FALSE
AG-909-A17	I	Ib.4	Ib.4.N8	Pelagibacteraceae	Pelagibacteraceae	Mediuspelagibacter	Medipelagibacter	NA	NA	TRUE	FALSE	TRUE	FALSE
AG-920-I06	I	Ib.4	Ib.4.N8	Pelagibacteraceae	Pelagibacteraceae	Mediuspelagibacter	Medipelagibacter	NA	NA	TRUE	FALSE	TRUE	FALSE
AG-917-B07	I	Ib.4	Ib.4.N8	Pelagibacteraceae	Pelagibacteraceae	Mediuspelagibacter	Medipelagibacter	NA	NA	TRUE	FALSE	TRUE	FALSE
AG-920-L19	I	Ib.4	Ib.4.N8	Pelagibacteraceae	Pelagibacteraceae	Mediuspelagibacter	Medipelagibacter	NA	NA	TRUE	FALSE	TRUE	FALSE
AH-324-B10	I	Ib.4	Ib.4.N8	Pelagibacteraceae	Pelagibacteraceae	Mediuspelagibacter	Medipelagibacter	NA	NA	TRUE	FALSE	TRUE	FALSE
AG-430-F16	I	Ib.4	Ib.4.N9	Pelagibacteraceae	Pelagibacteraceae	Amplipelagibacter	Amplipelagibacter	globalis	globalis	TRUE	FALSE	FALSE	FALSE
AG-430-J04	I	Ib.4	NA	Pelagibacteraceae	Pelagibacteraceae	Amplipelagibacter	NA	NA	NA	TRUE	FALSE	TRUE	FALSE
AG-907-E04	I	Ib.4	Ib.2.N9	Pelagibacteraceae	Pelagibacteraceae	Amplipelagibacter	Amplipelagibacter	NA	NA	TRUE	FALSE	FALSE	FALSE
AG-914-A09	I	Ib.4	Ib.2.N9	Pelagibacteraceae	Pelagibacteraceae	Amplipelagibacter	Amplipelagibacter	NA	NA	TRUE	FALSE	FALSE	FALSE
AG-453-K22	I	Ib.4	NA	Pelagibacteraceae	Pelagibacteraceae	Amplipelagibacter	NA	NA	NA	TRUE	FALSE	TRUE	FALSE
AG-916-O13	I	Ib.4	Ib.2.N9	Pelagibacteraceae	Pelagibacteraceae	Amplipelagibacter	Amplipelagibacter	NA	NA	TRUE	FALSE	FALSE	FALSE
AG-903-K07	I	Ib.4	Ib.2.N9	Pelagibacteraceae	Pelagibacteraceae	Amplipelagibacter	Amplipelagibacter	NA	NA	TRUE	FALSE	FALSE	FALSE
AG-325-C21	I	Ib.5	NA	Pelagibacteraceae	Pelagibacteraceae	NA	NA	NA	NA	TRUE	FALSE	FALSE	FALSE
SAG-MED15	I	Ib.5	NA	Pelagibacteraceae	Pelagibacteraceae	NA	NA	NA	NA	TRUE	FALSE	FALSE	FALSE
AG-422-N15	I	Ib.5	NA	Pelagibacteraceae	Pelagibacteraceae	NA	NA	NA	NA	TRUE	FALSE	FALSE	FALSE
AG-349-I05	I	Ib.5	Ib.N11	Pelagibacteraceae	Pelagibacteraceae	Rubeuspelagibacter	Rubripelagibacter	NA	NA	TRUE	FALSE	TRUE	FALSE
AG-430-I18	I	Ib.5	Ib.N11	Pelagibacteraceae	Pelagibacteraceae	Rubeuspelagibacter	Rubripelagibacter	NA	NA	TRUE	FALSE	TRUE	FALSE
AG-914-L20	I	Ib.5	Ib.N11	Pelagibacteraceae	Pelagibacteraceae	Rubeuspelagibacter	Rubripelagibacter	NA	NA	TRUE	FALSE	TRUE	FALSE
AH-324-E14	I	Ib.5	Ib.N11	Pelagibacteraceae	Pelagibacteraceae	Rubeuspelagibacter	Rubripelagibacter	NA	NA	TRUE	FALSE	TRUE	FALSE
AG-911-N14	I	Ib.5	Ib.N11	Pelagibacteraceae	Pelagibacteraceae	Rubeuspelagibacter	Rubripelagibacter	NA	NA	TRUE	FALSE	TRUE	FALSE
AG-414-E02	I	Ic.2	Ic	Mesopelagibacteraceae	Mesopelagibacteraceae	Mesopelagibacter	Mesopelagibacter	carboxydoxivorans	NA	TRUE	FALSE	FALSE	TRUE
ARS1	I	Ic.2	Ic	Mesopelagibacteraceae	Mesopelagibacteraceae	Mesopelagibacter	Mesopelagibacter	NA	NA	TRUE	FALSE	FALSE	FALSE
MED605	I	Ic.2	Ic	Mesopelagibacteraceae	Mesopelagibacteraceae	Mesopelagibacter	Mesopelagibacter	NA	NA	TRUE	FALSE	FALSE	FALSE
HIMB058	II	IIa.B	IIa.B	Cosmipelagibacteraceae	Cosmipelagibacteraceae	Cosmipelagibacter	Cosmipelagibacter	malulaniensis	regressus	FALSE	FALSE	FALSE	TRUE
CPC289	III	IIIa.1	IIIa.1	Allofontibacteraceae	Fontibacteriaceae	Elongatapelagibacter	Elongatipelagibacter	NA	NA	FALSE	TRUE	TRUE	FALSE
MED1116	III	IIIa.1	IIIa.1	Allofontibacteraceae	Fontibacteriaceae	Elongatapelagibacter	Elongatipelagibacter	NA	NA	FALSE	TRUE	TRUE	FALSE
SP27	III	IIIa.1	IIIa.1	Allofontibacteraceae	Fontibacteriaceae	Elongatapelagibacter	Elongatipelagibacter	NA	NA	FALSE	TRUE	TRUE	FALSE
HIMB109	III	IIIa.1	IIIa.1	Allofontibacteraceae	Fontibacteriaceae	Elongatapelagibacter	Elongatipelagibacter	NA	longiformis	FALSE	TRUE	TRUE	TRUE
HIMB114	III	IIIa.1	IIIa.1	Allofontibacteraceae	Fontibacteriaceae	Elongatapelagibacter	Elongatipelagibacter	koolaupokoensis	longiformis	FALSE	TRUE	TRUE	TRUE
HIMB1565	III	IIIa.1	IIIa.1	Allofontibacteraceae	Fontibacteriaceae	Elongatapelagibacter	Elongatipelagibacter	NA	longiformis	FALSE	TRUE	TRUE	TRUE
HIMB1517	III	IIIa.1	IIIa.1	Allofontibacteraceae	Fontibacteriaceae	Elongatapelagibacter	Elongatipelagibacter	NA	longiformis	FALSE	TRUE	TRUE	TRUE
LSUCC0723	III	IIIa.1	IIIa.1	Allofontibacteraceae	Fontibacteriaceae	Elongatapelagibacter	Elongatipelagibacter	NA	NA	FALSE	TRUE	TRUE	FALSE
LSUCC0664	III	IIIa.1	IIIa.1	Allofontibacteraceae	Fontibacteriaceae	Elongatapelagibacter	Elongatipelagibacter	NA	NA	FALSE	TRUE	TRUE	FALSE
AG-894-A09	III	IIIa.2	IIIa.2	Allofontibacteraceae	Fontibacteriaceae	NA	NA	NA	NA	FALSE	TRUE	FALSE	FALSE
AG-907-B09	III	IIIa.2	IIIa.2	Allofontibacteraceae	Fontibacteriaceae	NA	NA	NA	NA	FALSE	TRUE	FALSE	FALSE
MED602	III	IIIa.2	IIIa.2	Allofontibacteraceae	Fontibacteriaceae	NA	NA	NA	NA	FALSE	TRUE	FALSE	FALSE
IMCC9063	III	IIIa.3	IIIa.3	Allofontibacteraceae	Fontibacteriaceae	NA	NA	NA	NA	FALSE	TRUE	FALSE	FALSE
LSUCC0261	III	IIIa.3	IIIa.3	Allofontibacteraceae	Fontibacteriaceae	NA	NA	NA	NA	FALSE	TRUE	FALSE	FALSE
LSUCC0530	III	IIIb	IIIb.16	Allofontibacteraceae	Fontibacteriaceae	Allofontibacter	Fontibacterium	communis	commune	TRUE	TRUE	TRUE	TRUE
ME-33	III	IIIb	IIIb.8	Allofontibacteraceae	Fontibacteriaceae	Allofontibacter	Fontibacterium	medardense	medardense	TRUE	TRUE	TRUE	FALSE
ME-31	III	IIIb	IIIb.8	Allofontibacteraceae	Fontibacteriaceae	Allofontibacter	Fontibacterium	medardense	medardense	TRUE	TRUE	TRUE	FALSE
ME-17	III	IIIb	IIIb.8	Allofontibacteraceae	Fontibacteriaceae	Allofontibacter	Fontibacterium	medardense	medardense	TRUE	TRUE	TRUE	FALSE
ME-20	III	IIIb	IIIb.8	Allofontibacteraceae	Fontibacteriaceae	Allofontibacter	Fontibacterium	medardense	medardense	TRUE	TRUE	TRUE	FALSE
ME-18	III	IIIb	IIIb.8	Allofontibacteraceae	Fontibacteriaceae	Allofontibacter	Fontibacterium	medardense	medardense	TRUE	TRUE	TRUE	FALSE
MiE-29	III	IIIb	IIIb.9	Allofontibacteraceae	Fontibacteriaceae	Allofontibacter	Fontibacterium	abundans	abundans	TRUE	TRUE	TRUE	FALSE
MKE-138	III	IIIb	IIIb.9	Allofontibacteraceae	Fontibacteriaceae	Allofontibacter	Fontibacterium	abundans	abundans	TRUE	TRUE	TRUE	FALSE
AG-337-G11	I	Ia.4	Ia.4.N3	Pelagibacteraceae	Pelagibacteraceae	NA	Proventipelagibacter	NA	NA	TRUE	FALSE	TRUE	FALSE
AG-894-K15	I	Ia.4	Ia.4.N3	Pelagibacteraceae	Pelagibacteraceae	NA	Proventipelagibacter	NA	NA	TRUE	FALSE	TRUE	FALSE
AAA795-D22	I	Ia.3.III	NA	Pelagibacteraceae	Pelagibacteraceae	NA	NA	NA	NA	TRUE	FALSE	FALSE	FALSE
AG-447-O23	I	Ia.3.III	NA	Pelagibacteraceae	Pelagibacteraceae	NA	NA	NA	NA	TRUE	FALSE	FALSE	FALSE
AG-426-P08	I	Ia.3.III	NA	Pelagibacteraceae	Pelagibacteraceae	NA	NA	NA	NA	TRUE	FALSE	FALSE	FALSE
AH-321-N11	I	Ia.3.III	NA	Pelagibacteraceae	Pelagibacteraceae	NA	NA	NA	NA	TRUE	FALSE	FALSE	FALSE
AH-324-K07	I	Ia.3.III	NA	Pelagibacteraceae	Pelagibacteraceae	NA	NA	NA	NA	TRUE	FALSE	FALSE	FALSE
AG-390-O04	I	Ia.3.III	NA	Pelagibacteraceae	Pelagibacteraceae	NA	NA	NA	NA	TRUE	FALSE	FALSE	FALSE
AG-325-C18	I	Ia.4	NA	Pelagibacteraceae	Pelagibacteraceae	NA	NA	NA	NA	TRUE	FALSE	FALSE	FALSE
AG-359-P18	I	Ia.4	NA	Pelagibacteraceae	Pelagibacteraceae	NA	NA	NA	NA	TRUE	FALSE	FALSE	FALSE
SAG-MED13	I	Ia.4	NA	Pelagibacteraceae	Pelagibacteraceae	NA	NA	NA	NA	TRUE	FALSE	FALSE	FALSE
AG-325-L02	I	Ia.4	NA	Pelagibacteraceae	Pelagibacteraceae	NA	NA	NA	NA	TRUE	FALSE	FALSE	FALSE
SAG-MED47	I	Ia.4	NA	Pelagibacteraceae	Pelagibacteraceae	NA	NA	NA	NA	TRUE	FALSE	FALSE	FALSE
AG-325-L05	I	Ia.4	NA	Pelagibacteraceae	Pelagibacteraceae	NA	NA	NA	NA	TRUE	FALSE	FALSE	FALSE
AG-390-M07	I	Ia.4	NA	Pelagibacteraceae	Pelagibacteraceae	NA	NA	NA	NA	TRUE	FALSE	FALSE	FALSE
SAG-MED01	I	Ia.4	NA	Pelagibacteraceae	Pelagibacteraceae	NA	NA	NA	NA	TRUE	FALSE	FALSE	FALSE
AG-333-D08	I	Ia.4	NA	Pelagibacteraceae	Pelagibacteraceae	NA	NA	NA	NA	TRUE	FALSE	FALSE	FALSE
AG-447-N08	I	Ia.4	NA	Pelagibacteraceae	Pelagibacteraceae	NA	NA	NA	NA	TRUE	FALSE	FALSE	FALSE
AG-410-L19	I	Ia.4	NA	Pelagibacteraceae	Pelagibacteraceae	NA	NA	NA	NA	TRUE	FALSE	FALSE	FALSE
AG-447-K09	I	Ia.4	NA	Pelagibacteraceae	Pelagibacteraceae	NA	NA	NA	NA	TRUE	FALSE	FALSE	FALSE
AG-359-F04	I	Ia.4	NA	Pelagibacteraceae	Pelagibacteraceae	NA	NA	NA	NA	TRUE	FALSE	FALSE	FALSE
AG-426-I10	I	Ia.4	NA	Pelagibacteraceae	Pelagibacteraceae	NA	NA	NA	NA	TRUE	FALSE	FALSE	FALSE
AG-410-K05	I	Ia.4	NA	Pelagibacteraceae	Pelagibacteraceae	NA	NA	NA	NA	TRUE	FALSE	FALSE	FALSE
AG-892-C18	I	Ia.4	NA	Pelagibacteraceae	Pelagibacteraceae	NA	NA	NA	NA	TRUE	FALSE	FALSE	FALSE
AG-914-L04	I	Ia.4	NA	Pelagibacteraceae	Pelagibacteraceae	NA	NA	NA	NA	TRUE	FALSE	FALSE	FALSE
AG-447-L14	I	Ia.4	NA	Pelagibacteraceae	Pelagibacteraceae	NA	NA	NA	NA	TRUE	FALSE	FALSE	FALSE
AG-893-P10	I	Ia.4	NA	Pelagibacteraceae	Pelagibacteraceae	NA	NA	NA	NA	TRUE	FALSE	FALSE	FALSE
AG-325-G21	I	Ib.5	NA	Pelagibacteraceae	Pelagibacteraceae	NA	NA	NA	NA	TRUE	FALSE	FALSE	FALSE
AG-430-G11	I	Ib.5	NA	Pelagibacteraceae	Pelagibacteraceae	NA	NA	NA	NA	TRUE	FALSE	FALSE	FALSE
AG-916-J11	I	Ib.5	NA	Pelagibacteraceae	Pelagibacteraceae	NA	NA	NA	NA	TRUE	FALSE	FALSE	FALSE
AG-913-C02	I	Ib.5	NA	Pelagibacteraceae	Pelagibacteraceae	NA	NA	NA	NA	TRUE	FALSE	FALSE	FALSE
AG-390-G13	I	Ib.5	NA	Pelagibacteraceae	Pelagibacteraceae	NA	NA	NA	NA	TRUE	FALSE	FALSE	FALSE
AG-439-C18	I	Ib.5	NA	Pelagibacteraceae	Pelagibacteraceae	NA	NA	NA	NA	TRUE	FALSE	FALSE	FALSE
AG-905-E11	I	Ib.2.a	NA	Pelagibacteraceae	Pelagibacteraceae	NA	NA	NA	NA	TRUE	FALSE	FALSE	FALSE
AG-913-O18	I	Ib.2.a	NA	Pelagibacteraceae	Pelagibacteraceae	NA	NA	NA	NA	TRUE	FALSE	FALSE	FALSE
AG-426-K09	I	Ib.2.a	NA	Pelagibacteraceae	Pelagibacteraceae	NA	NA	NA	NA	TRUE	FALSE	FALSE	FALSE
AG-447-N21	I	Ib.2.a	NA	Pelagibacteraceae	Pelagibacteraceae	NA	NA	NA	NA	TRUE	FALSE	FALSE	FALSE
AG-404-J20	I	Ib.2.b	NA	Pelagibacteraceae	Pelagibacteraceae	NA	NA	NA	NA	TRUE	FALSE	FALSE	FALSE
AG-898-P13	I	Ib.2.b	NA	Pelagibacteraceae	Pelagibacteraceae	NA	NA	NA	NA	TRUE	FALSE	FALSE	FALSE
AG-920-I23	I	Ib.2.b	NA	Pelagibacteraceae	Pelagibacteraceae	NA	NA	NA	NA	TRUE	FALSE	FALSE	FALSE
AG-404-B04	I	Ib.2.b	NA	Pelagibacteraceae	Pelagibacteraceae	NA	NA	NA	NA	TRUE	FALSE	FALSE	FALSE
AG-430-B09	I	Ia.1	NA	Pelagibacteraceae	Pelagibacteraceae	NA	NA	NA	NA	TRUE	FALSE	FALSE	FALSE
