genome	Subclade	Family	Genus	Species	Subclade_assignment_source	Family_assignment_source	Genus_assignment_source	Species_assignment_source
HTCC1002	Ia.1.I	Pelagibacteraceae	Pelagibacter	ubiqueversans	Freel et al. 2025 used genome	Freel et al. 2025 used genome	Freel et al. 2025 used genome	Freel et al. 2025 used genome
HIMB122	Ia.3.VI	Pelagibacteraceae	Undatipelagibacter	huakaii	Freel et al. 2025 used genome	Freel et al. 2025 used genome	Freel et al. 2025 used genome	Freel et al. 2025 used genome
HTCC1016	Ia.1.I	Pelagibacteraceae	Pelagibacter	ubiqueversans	Freel et al. 2025 used genome	Freel et al. 2025 used genome	Freel et al. 2025 used genome	Freel et al. 2025 used genome
HTCC1013	Ia.1.I	Pelagibacteraceae	Pelagibacter	ubiqueversans	Freel et al. 2025 used genome	Freel et al. 2025 used genome	Freel et al. 2025 used genome	Freel et al. 2025 used genome
HTCC1062	Ia.1.I	Pelagibacteraceae	Pelagibacter	ubiqueversans	Freel et al. 2025 Type Strains	Freel et al. 2025 Type Strains	Freel et al. 2025 Type Strains	Freel et al. 2025 Type Strains
HTCC1040	Ia.1.I	Pelagibacteraceae	Pelagibacter	ubiqueversans	Freel et al. 2025 used genome	Freel et al. 2025 used genome	Freel et al. 2025 used genome	Freel et al. 2025 used genome
NP1	Ia.1.I	Pelagibacteraceae	Pelagibacter	giovannonii	Freel et al. 2025 Type Strains	Freel et al. 2025 Type Strains	Freel et al. 2025 Type Strains	Freel et al. 2025 Type Strains
HTCC9565	Ia.1.I	Pelagibacteraceae	Pelagibacter	yakuwasiensis	Freel et al. 2025 Type Strains	Freel et al. 2025 Type Strains	Freel et al. 2025 Type Strains	Freel et al. 2025 Type Strains
AG-447-M05	Ia.3.I	Pelagibacteraceae	Atlantikopelagibacter	NA	Freel et al. 2025 used genome	Freel et al. 2025 used genome	Freel et al. 2025 used genome	NA
HTCC7211	Ia.3.I	Pelagibacteraceae	Atlantikopelagibacter	sargassoseensis	Freel et al. 2025 Type Strains	Freel et al. 2025 Type Strains	Freel et al. 2025 Type Strains	Freel et al. 2025 Type Strains
HTCC7214	Ia.3.I	Pelagibacteraceae	Atlantikopelagibacter	NA	Freel et al. 2025 used genome	Freel et al. 2025 used genome	Freel et al. 2025 used genome	NA
HTCC7217	Ia.3.I	Pelagibacteraceae	Atlantikopelagibacter	sargassoseensis	Freel et al. 2025 used genome	Freel et al. 2025 used genome	Freel et al. 2025 used genome	Freel et al. 2025 used genome
HIMB1412	Ia.3.II	Pelagibacteraceae	Coralipelagibacter	kukahii	Freel et al. 2025 Type Strains	Freel et al. 2025 Type Strains	Freel et al. 2025 Type Strains	Freel et al. 2025 Type Strains
HIMB1420	Ia.3.II	Pelagibacteraceae	Coralipelagibacter	NA	Freel et al. 2025 used genome	Freel et al. 2025 used genome	Freel et al. 2025 used genome	NA
HIMB1427	Ia.3.II	Pelagibacteraceae	Coralipelagibacter	NA	Freel et al. 2025 used genome	Freel et al. 2025 used genome	Freel et al. 2025 used genome	NA
HIMB1463	Ia.3.II	Pelagibacteraceae	Coralipelagibacter	NA	Freel et al. 2025 used genome	Freel et al. 2025 used genome	Freel et al. 2025 used genome	NA
HIMB1564	Ia.3.II	Pelagibacteraceae	Coralipelagibacter	NA	Freel et al. 2025 used genome	Freel et al. 2025 used genome	Freel et al. 2025 used genome	NA
HIMB1520	Ia.3.II	Pelagibacteraceae	Coralipelagibacter	NA	Freel et al. 2025 used genome	Freel et al. 2025 used genome	Freel et al. 2025 used genome	NA
HIMB5	Ia.3.II	Pelagibacteraceae	Coralipelagibacter	heeiaensis	Freel et al. 2025 Type Strains	Freel et al. 2025 Type Strains	Freel et al. 2025 Type Strains	Freel et al. 2025 Type Strains
HIMB1321	Ia.3.III	Pelagibacteraceae	Litoralipelagibacter	koolauensis	Freel et al. 2025 used genome	Freel et al. 2025 used genome	Freel et al. 2025 used genome	Freel et al. 2025 used genome
HIMB1527	Ia.3.III	Pelagibacteraceae	Litoralipelagibacter	koolauensis	Freel et al. 2025 used genome	Freel et al. 2025 used genome	Freel et al. 2025 used genome	Freel et al. 2025 used genome
HIMB1505	Ia.3.III	Pelagibacteraceae	Litoralipelagibacter	koolauensis	Freel et al. 2025 used genome	Freel et al. 2025 used genome	Freel et al. 2025 used genome	Freel et al. 2025 used genome
HIMB1549	Ia.3.III	Pelagibacteraceae	Litoralipelagibacter	koolauensis	Freel et al. 2025 used genome	Freel et al. 2025 used genome	Freel et al. 2025 used genome	Freel et al. 2025 used genome
HIMB4	Ia.3.III	Pelagibacteraceae	Litoralipelagibacter	koolauensis	Freel et al. 2025 Type Strains	Freel et al. 2025 Type Strains	Freel et al. 2025 Type Strains	Freel et al. 2025 Type Strains
AG-390-L03	Ia.3.IV	Pelagibacteraceae	Accedentipelagibacter	NA	Freel et al. 2025 used genome	Freel et al. 2025 used genome	Freel et al. 2025 used genome	NA
SAG-MED50	Ia.3.IV	Pelagibacteraceae	Accedentipelagibacter	NA	Freel et al. 2025 used genome	Freel et al. 2025 used genome	Freel et al. 2025 used genome	NA
HTCC8051	Ia.3.IV	Pelagibacteraceae	Accedentipelagibacter	yaqonii	Freel et al. 2025 Type Strains	Freel et al. 2025 Type Strains	Freel et al. 2025 Type Strains	Freel et al. 2025 Type Strains
HTCC9022	Ia.3.IV	Pelagibacteraceae	Accedentipelagibacter	NA	Freel et al. 2025 used genome	Freel et al. 2025 used genome	Freel et al. 2025 used genome	NA
AAA795-A20	Ia.3.V	Pelagibacteraceae	Xanthinipelagibacter	aumoanae	Freel et al. 2025 used genome	Freel et al. 2025 used genome	Freel et al. 2025 used genome	Freel et al. 2025 used genome
AH-324-N03	Ia.3.V	Pelagibacteraceae	Xanthinipelagibacter	NA	Freel et al. 2025 used genome	Freel et al. 2025 used genome	Freel et al. 2025 used genome	NA
AH-287-B07	Ia.3.V	Pelagibacteraceae	Xanthinipelagibacter	NA	Freel et al. 2025 used genome	Freel et al. 2025 used genome	Freel et al. 2025 used genome	NA
AH-324-F03	Ia.3.V	Pelagibacteraceae	Xanthinipelagibacter	NA	Freel et al. 2025 used genome	Freel et al. 2025 used genome	Freel et al. 2025 used genome	NA
AH-324-J07	Ia.3.V	Pelagibacteraceae	Xanthinipelagibacter	NA	Freel et al. 2025 used genome	Freel et al. 2025 used genome	Freel et al. 2025 used genome	NA
AG-349-L17	Ia.3.V	Pelagibacteraceae	Xanthinipelagibacter	NA	Freel et al. 2025 used genome	Freel et al. 2025 used genome	Freel et al. 2025 used genome	NA
AG-422-G03	Ia.3.V	Pelagibacteraceae	Xanthinipelagibacter	NA	Freel et al. 2025 used genome	Freel et al. 2025 used genome	Freel et al. 2025 used genome	NA
HIMB1456	Ia.3.V	Pelagibacteraceae	Xanthinipelagibacter	NA	Freel et al. 2025 used genome	Freel et al. 2025 used genome	Freel et al. 2025 used genome	NA
AG-422-C20	Ia.3.V	Pelagibacteraceae	Xanthinipelagibacter	NA	Freel et al. 2025 used genome	Freel et al. 2025 used genome	Freel et al. 2025 used genome	NA
AG-447-E19	Ia.3.V	Pelagibacteraceae	Xanthinipelagibacter	NA	Freel et al. 2025 used genome	Freel et al. 2025 used genome	Freel et al. 2025 used genome	NA
AG-896-O18	Ia.3.V	Pelagibacteraceae	Xanthinipelagibacter	NA	Freel et al. 2025 used genome	Freel et al. 2025 used genome	Freel et al. 2025 used genome	NA
AG-894-P23	Ia.3.V	Pelagibacteraceae	Xanthinipelagibacter	NA	Freel et al. 2025 used genome	Freel et al. 2025 used genome	Freel et al. 2025 used genome	NA
AG-422-D23	Ia.3.V	Pelagibacteraceae	Xanthinipelagibacter	NA	Freel et al. 2025 used genome	Freel et al. 2025 used genome	Freel et al. 2025 used genome	NA
AG-895-F17	Ia.3.V	Pelagibacteraceae	Xanthinipelagibacter	NA	Freel et al. 2025 used genome	Freel et al. 2025 used genome	Freel et al. 2025 used genome	NA
AG-891-I18	Ia.3.V	Pelagibacteraceae	Xanthinipelagibacter	NA	Freel et al. 2025 used genome	Freel et al. 2025 used genome	Freel et al. 2025 used genome	NA
AG-894-O09	Ia.3.V	Pelagibacteraceae	Xanthinipelagibacter	NA	Freel et al. 2025 used genome	Freel et al. 2025 used genome	Freel et al. 2025 used genome	NA
AG-916-N14	Ia.3.V	Pelagibacteraceae	Xanthinipelagibacter	NA	Freel et al. 2025 used genome	Freel et al. 2025 used genome	Freel et al. 2025 used genome	NA
HIMB2201	Ia.3.V	Pelagibacteraceae	Xanthinipelagibacter	NA	Freel et al. 2025 used genome	Freel et al. 2025 used genome	Freel et al. 2025 used genome	NA
AG-920-D05	Ia.3.V	Pelagibacteraceae	Xanthinipelagibacter	NA	Freel et al. 2025 used genome	Freel et al. 2025 used genome	Freel et al. 2025 used genome	NA
AG-349-O05	Ia.3.V	Pelagibacteraceae	Xanthinipelagibacter	NA	Freel et al. 2025 used genome	Freel et al. 2025 used genome	Freel et al. 2025 used genome	NA
AG-390-G23	Ia.3.V	Pelagibacteraceae	Xanthinipelagibacter	NA	Freel et al. 2025 used genome	Freel et al. 2025 used genome	Freel et al. 2025 used genome	NA
HIMB123	Ia.3.V	Pelagibacteraceae	Xanthinipelagibacter	NA	Freel et al. 2025 used genome	Freel et al. 2025 used genome	Freel et al. 2025 used genome	NA
AG-447-C08	Ia.3.V	Pelagibacteraceae	Xanthinipelagibacter	NA	Freel et al. 2025 used genome	Freel et al. 2025 used genome	Freel et al. 2025 used genome	NA
AG-892-A22	Ia.3.V	Pelagibacteraceae	Xanthinipelagibacter	NA	Freel et al. 2025 used genome	Freel et al. 2025 used genome	Freel et al. 2025 used genome	NA
AG-410-O02	Ia.3.V	Pelagibacteraceae	Xanthinipelagibacter	NA	Freel et al. 2025 used genome	Freel et al. 2025 used genome	Freel et al. 2025 used genome	NA
HIMB1444	Ia.3.V	Pelagibacteraceae	Xanthinipelagibacter	NA	Freel et al. 2025 used genome	Freel et al. 2025 used genome	Freel et al. 2025 used genome	NA
AG-891-A05	Ia.3.V	Pelagibacteraceae	Xanthinipelagibacter	NA	Freel et al. 2025 used genome	Freel et al. 2025 used genome	Freel et al. 2025 used genome	NA
AG-913-L03	Ia.3.V	Pelagibacteraceae	Xanthinipelagibacter	NA	Freel et al. 2025 used genome	Freel et al. 2025 used genome	Freel et al. 2025 used genome	NA
AG-914-B14	Ia.3.V	Pelagibacteraceae	Xanthinipelagibacter	NA	Freel et al. 2025 used genome	Freel et al. 2025 used genome	Freel et al. 2025 used genome	NA
AG-426-M05	Ia.3.V	Pelagibacteraceae	Xanthinipelagibacter	NA	Freel et al. 2025 used genome	Freel et al. 2025 used genome	Freel et al. 2025 used genome	NA
HIMB2304	Ia.3.V	Pelagibacteraceae	Xanthinipelagibacter	NA	Freel et al. 2025 used genome	Freel et al. 2025 used genome	Freel et al. 2025 used genome	NA
HIMB1409	Ia.3.V	Pelagibacteraceae	Xanthinipelagibacter	NA	Freel et al. 2025 used genome	Freel et al. 2025 used genome	Freel et al. 2025 used genome	NA
HIMB1413	Ia.3.V	Pelagibacteraceae	Xanthinipelagibacter	NA	Freel et al. 2025 used genome	Freel et al. 2025 used genome	Freel et al. 2025 used genome	NA
HIMB2250	Ia.3.V	Pelagibacteraceae	Xanthinipelagibacter	NA	Freel et al. 2025 used genome	Freel et al. 2025 used genome	Freel et al. 2025 used genome	NA
AG-422-B22	Ia.3.V	Pelagibacteraceae	Xanthinipelagibacter	NA	Freel et al. 2025 used genome	Freel et al. 2025 used genome	Freel et al. 2025 used genome	NA
AG-390-M14	Ia.3.V	Pelagibacteraceae	Xanthinipelagibacter	NA	Freel et al. 2025 used genome	Freel et al. 2025 used genome	Freel et al. 2025 used genome	NA
FZCC0015	Ia.3.V	Pelagibacteraceae	Xanthinipelagibacter	NA	Freel et al. 2025 used genome	Freel et al. 2025 used genome	Freel et al. 2025 used genome	NA
HIMB083	Ia.3.V	Pelagibacteraceae	Xanthinipelagibacter	aumoanae	Freel et al. 2025 Type Strains	Freel et al. 2025 Type Strains	Freel et al. 2025 Type Strains	Freel et al. 2025 Type Strains
AG-390-C17	Ia.3.VI	Pelagibacteraceae	Undatipelagibacter	NA	Freel et al. 2025 used genome	Freel et al. 2025 used genome	Freel et al. 2025 used genome	NA
AG-447-K11	Ia.3.VI	Pelagibacteraceae	Undatipelagibacter	NA	Freel et al. 2025 used genome	Freel et al. 2025 used genome	Freel et al. 2025 used genome	NA
HIMB1685	Ia.3.VI	Pelagibacteraceae	Undatipelagibacter	NA	Freel et al. 2025 used genome	Freel et al. 2025 used genome	Freel et al. 2025 used genome	NA
HIMB1559	Ia.3.VI	Pelagibacteraceae	Undatipelagibacter	huakaii	Freel et al. 2025 used genome	Freel et al. 2025 used genome	Freel et al. 2025 used genome	Freel et al. 2025 used genome
HIMB1597	Ia.3.VI	Pelagibacteraceae	Undatipelagibacter	huakaii	Freel et al. 2025 used genome	Freel et al. 2025 used genome	Freel et al. 2025 used genome	Freel et al. 2025 used genome
HIMB1587	Ia.3.VI	Pelagibacteraceae	Undatipelagibacter	huakaii	Freel et al. 2025 used genome	Freel et al. 2025 used genome	Freel et al. 2025 used genome	Freel et al. 2025 used genome
HIMB1573	Ia.3.VI	Pelagibacteraceae	Undatipelagibacter	huakaii	Freel et al. 2025 used genome	Freel et al. 2025 used genome	Freel et al. 2025 used genome	Freel et al. 2025 used genome
HIMB1490	Ia.3.VI	Pelagibacteraceae	Undatipelagibacter	huakaii	Freel et al. 2025 used genome	Freel et al. 2025 used genome	Freel et al. 2025 used genome	Freel et al. 2025 used genome
HIMB1491	Ia.3.VI	Pelagibacteraceae	Undatipelagibacter	huakaii	Freel et al. 2025 used genome	Freel et al. 2025 used genome	Freel et al. 2025 used genome	Freel et al. 2025 used genome
HIMB1765	Ia.3.VI	Pelagibacteraceae	Undatipelagibacter	huakaii	Freel et al. 2025 used genome	Freel et al. 2025 used genome	Freel et al. 2025 used genome	Freel et al. 2025 used genome
HIMB1494	Ia.3.VI	Pelagibacteraceae	Undatipelagibacter	huakaii	Freel et al. 2025 used genome	Freel et al. 2025 used genome	Freel et al. 2025 used genome	Freel et al. 2025 used genome
HIMB1495	Ia.3.VI	Pelagibacteraceae	Undatipelagibacter	huakaii	Freel et al. 2025 used genome	Freel et al. 2025 used genome	Freel et al. 2025 used genome	Freel et al. 2025 used genome
HIMB1593	Ia.3.VI	Pelagibacteraceae	Undatipelagibacter	huakaii	Freel et al. 2025 used genome	Freel et al. 2025 used genome	Freel et al. 2025 used genome	Freel et al. 2025 used genome
HIMB1509	Ia.3.VI	Pelagibacteraceae	Undatipelagibacter	huakaii	Freel et al. 2025 used genome	Freel et al. 2025 used genome	Freel et al. 2025 used genome	Freel et al. 2025 used genome
AG-898-C07	Ia.3.VI	Pelagibacteraceae	Undatipelagibacter	NA	Freel et al. 2025 used genome	Freel et al. 2025 used genome	Freel et al. 2025 used genome	NA
HIMB1485	Ia.3.VI	Pelagibacteraceae	Undatipelagibacter	huakaii	Freel et al. 2025 used genome	Freel et al. 2025 used genome	Freel et al. 2025 used genome	Freel et al. 2025 used genome
HIMB1492	Ia.3.VI	Pelagibacteraceae	Undatipelagibacter	huakaii	Freel et al. 2025 used genome	Freel et al. 2025 used genome	Freel et al. 2025 used genome	Freel et al. 2025 used genome
HIMB1493	Ia.3.VI	Pelagibacteraceae	Undatipelagibacter	huakaii	Freel et al. 2025 used genome	Freel et al. 2025 used genome	Freel et al. 2025 used genome	Freel et al. 2025 used genome
HIMB1518	Ia.3.VI	Pelagibacteraceae	Undatipelagibacter	huakaii	Freel et al. 2025 used genome	Freel et al. 2025 used genome	Freel et al. 2025 used genome	Freel et al. 2025 used genome
HIMB1770	Ia.3.VI	Pelagibacteraceae	Undatipelagibacter	huakaii	Freel et al. 2025 used genome	Freel et al. 2025 used genome	Freel et al. 2025 used genome	Freel et al. 2025 used genome
HIMB1507	Ia.3.VI	Pelagibacteraceae	Undatipelagibacter	huakaii	Freel et al. 2025 used genome	Freel et al. 2025 used genome	Freel et al. 2025 used genome	Freel et al. 2025 used genome
HIMB1526	Ia.3.VI	Pelagibacteraceae	Undatipelagibacter	huakaii	Freel et al. 2025 used genome	Freel et al. 2025 used genome	Freel et al. 2025 used genome	Freel et al. 2025 used genome
HIMB1552	Ia.3.VI	Pelagibacteraceae	Undatipelagibacter	huakaii	Freel et al. 2025 used genome	Freel et al. 2025 used genome	Freel et al. 2025 used genome	Freel et al. 2025 used genome
HIMB1641	Ia.3.VI	Pelagibacteraceae	Undatipelagibacter	huakaii	Freel et al. 2025 used genome	Freel et al. 2025 used genome	Freel et al. 2025 used genome	Freel et al. 2025 used genome
HIMB1636	Ia.3.VI	Pelagibacteraceae	Undatipelagibacter	huakaii	Freel et al. 2025 used genome	Freel et al. 2025 used genome	Freel et al. 2025 used genome	Freel et al. 2025 used genome
HIMB1702	Ia.3.VI	Pelagibacteraceae	Undatipelagibacter	huakaii	Freel et al. 2025 used genome	Freel et al. 2025 used genome	Freel et al. 2025 used genome	Freel et al. 2025 used genome
HIMB1710	Ia.3.VI	Pelagibacteraceae	Undatipelagibacter	huakaii	Freel et al. 2025 used genome	Freel et al. 2025 used genome	Freel et al. 2025 used genome	Freel et al. 2025 used genome
HIMB1556	Ia.3.VI	Pelagibacteraceae	Undatipelagibacter	huakaii	Freel et al. 2025 Type Strains	Freel et al. 2025 Type Strains	Freel et al. 2025 Type Strains	Freel et al. 2025 Type Strains
HIMB1748	Ia.3.VI	Pelagibacteraceae	Undatipelagibacter	huakaii	Freel et al. 2025 used genome	Freel et al. 2025 used genome	Freel et al. 2025 used genome	Freel et al. 2025 used genome
HIMB1662	Ia.3.VI	Pelagibacteraceae	Undatipelagibacter	huakaii	Freel et al. 2025 used genome	Freel et al. 2025 used genome	Freel et al. 2025 used genome	Freel et al. 2025 used genome
HIMB1723	Ia.3.VI	Pelagibacteraceae	Undatipelagibacter	huakaii	Freel et al. 2025 used genome	Freel et al. 2025 used genome	Freel et al. 2025 used genome	Freel et al. 2025 used genome
HIMB140	Ia.3.VI	Pelagibacteraceae	Undatipelagibacter	huakaii	Freel et al. 2025 used genome	Freel et al. 2025 used genome	Freel et al. 2025 used genome	Freel et al. 2025 used genome
HIMB1513	Ia.3.VI	Pelagibacteraceae	Undatipelagibacter	huakaii	Freel et al. 2025 used genome	Freel et al. 2025 used genome	Freel et al. 2025 used genome	Freel et al. 2025 used genome
HIMB1521	Ia.3.VI	Pelagibacteraceae	Undatipelagibacter	huakaii	Freel et al. 2025 used genome	Freel et al. 2025 used genome	Freel et al. 2025 used genome	Freel et al. 2025 used genome
HIMB1430	Ia.3.VI	Pelagibacteraceae	Undatipelagibacter	huakaii	Freel et al. 2025 used genome	Freel et al. 2025 used genome	Freel et al. 2025 used genome	Freel et al. 2025 used genome
HIMB1611	Ia.3.VI	Pelagibacteraceae	Undatipelagibacter	huakaii	Freel et al. 2025 used genome	Freel et al. 2025 used genome	Freel et al. 2025 used genome	Freel et al. 2025 used genome
HIMB1758	Ia.3.VI	Pelagibacteraceae	Undatipelagibacter	huakaii	Freel et al. 2025 used genome	Freel et al. 2025 used genome	Freel et al. 2025 used genome	Freel et al. 2025 used genome
HIMB1488	Ia.3.VI	Pelagibacteraceae	Undatipelagibacter	huakaii	Freel et al. 2025 used genome	Freel et al. 2025 used genome	Freel et al. 2025 used genome	Freel et al. 2025 used genome
HIMB1506	Ia.3.VI	Pelagibacteraceae	Undatipelagibacter	huakaii	Freel et al. 2025 used genome	Freel et al. 2025 used genome	Freel et al. 2025 used genome	Freel et al. 2025 used genome
HIMB2211	Ia.3.VI	Pelagibacteraceae	Undatipelagibacter	huakaii	Freel et al. 2025 used genome	Freel et al. 2025 used genome	Freel et al. 2025 used genome	Freel et al. 2025 used genome
HIMB1746	Ia.3.VI	Pelagibacteraceae	Undatipelagibacter	huakaii	Freel et al. 2025 used genome	Freel et al. 2025 used genome	Freel et al. 2025 used genome	Freel et al. 2025 used genome
HIMB1542	Ia.3.VI	Pelagibacteraceae	Undatipelagibacter	huakaii	Freel et al. 2025 used genome	Freel et al. 2025 used genome	Freel et al. 2025 used genome	Freel et al. 2025 used genome
HIMB1695	Ia.3.VI	Pelagibacteraceae	Undatipelagibacter	NA	Freel et al. 2025 used genome	Freel et al. 2025 used genome	Freel et al. 2025 used genome	NA
HIMB1577	Ia.3.VI	Pelagibacteraceae	Undatipelagibacter	huakaii	Freel et al. 2025 used genome	Freel et al. 2025 used genome	Freel et al. 2025 used genome	Freel et al. 2025 used genome
HIMB1631	Ia.3.VI	Pelagibacteraceae	Undatipelagibacter	huakaii	Freel et al. 2025 used genome	Freel et al. 2025 used genome	Freel et al. 2025 used genome	Freel et al. 2025 used genome
HIMB1715	Ia.3.VI	Pelagibacteraceae	Undatipelagibacter	huakaii	Freel et al. 2025 used genome	Freel et al. 2025 used genome	Freel et al. 2025 used genome	Freel et al. 2025 used genome
HIMB1701	Ia.3.VI	Pelagibacteraceae	Undatipelagibacter	huakaii	Freel et al. 2025 used genome	Freel et al. 2025 used genome	Freel et al. 2025 used genome	Freel et al. 2025 used genome
HIMB1782	Ia.3.VI	Pelagibacteraceae	Undatipelagibacter	huakaii	Freel et al. 2025 used genome	Freel et al. 2025 used genome	Freel et al. 2025 used genome	Freel et al. 2025 used genome
HIMB1602	Ia.3.VI	Pelagibacteraceae	Undatipelagibacter	huakaii	Freel et al. 2025 used genome	Freel et al. 2025 used genome	Freel et al. 2025 used genome	Freel et al. 2025 used genome
HIMB1623	Ia.3.VI	Pelagibacteraceae	Undatipelagibacter	NA	Freel et al. 2025 used genome	Freel et al. 2025 used genome	Freel et al. 2025 used genome	NA
HIMB1709	Ia.3.VI	Pelagibacteraceae	Undatipelagibacter	NA	Freel et al. 2025 used genome	Freel et al. 2025 used genome	Freel et al. 2025 used genome	NA
AG-359-C09	Ia.3.VII	Pelagibacteraceae	Angustipelagibacter	atlanticus	Freel et al. 2025 used genome	Freel et al. 2025 used genome	Freel et al. 2025 used genome	Freel et al. 2025 used genome
AG-359-M21	Ia.3.VII	Pelagibacteraceae	Angustipelagibacter	atlanticus	Freel et al. 2025 used genome	Freel et al. 2025 used genome	Freel et al. 2025 used genome	Freel et al. 2025 used genome
AG-920-J04	Ia.3.VII	Pelagibacteraceae	Angustipelagibacter	atlanticus	Freel et al. 2025 used genome	Freel et al. 2025 used genome	Freel et al. 2025 used genome	Freel et al. 2025 used genome
AG-904-F17	Ia.3.VII	Pelagibacteraceae	Angustipelagibacter	atlanticus	Freel et al. 2025 used genome	Freel et al. 2025 used genome	Freel et al. 2025 used genome	Freel et al. 2025 used genome
AG-915-K13	Ia.3.VII	Pelagibacteraceae	Angustipelagibacter	atlanticus	Freel et al. 2025 used genome	Freel et al. 2025 used genome	Freel et al. 2025 used genome	Freel et al. 2025 used genome
AG-899-N21	Ia.3.VII	Pelagibacteraceae	Angustipelagibacter	atlanticus	Freel et al. 2025 used genome	Freel et al. 2025 used genome	Freel et al. 2025 used genome	Freel et al. 2025 used genome
AG-917-M22	Ia.3.VII	Pelagibacteraceae	Angustipelagibacter	atlanticus	Freel et al. 2025 used genome	Freel et al. 2025 used genome	Freel et al. 2025 used genome	Freel et al. 2025 used genome
AG-414-O11	Ia.3.VII	Pelagibacteraceae	Angustipelagibacter	atlanticus	Freel et al. 2025 used genome	Freel et al. 2025 used genome	Freel et al. 2025 used genome	Freel et al. 2025 used genome
AG-913-C03	Ia.3.VII	Pelagibacteraceae	Angustipelagibacter	atlanticus	Freel et al. 2025 used genome	Freel et al. 2025 used genome	Freel et al. 2025 used genome	Freel et al. 2025 used genome
AG-917-C08	Ia.3.VII	Pelagibacteraceae	Angustipelagibacter	atlanticus	Freel et al. 2025 used genome	Freel et al. 2025 used genome	Freel et al. 2025 used genome	Freel et al. 2025 used genome
AG-917-P07	Ia.3.VII	Pelagibacteraceae	Angustipelagibacter	atlanticus	Freel et al. 2025 used genome	Freel et al. 2025 used genome	Freel et al. 2025 used genome	Freel et al. 2025 used genome
AG-913-A04	Ia.3.VII	Pelagibacteraceae	Angustipelagibacter	atlanticus	Freel et al. 2025 used genome	Freel et al. 2025 used genome	Freel et al. 2025 used genome	Freel et al. 2025 used genome
AG-918-L07	Ia.3.VII	Pelagibacteraceae	Angustipelagibacter	atlanticus	Freel et al. 2025 used genome	Freel et al. 2025 used genome	Freel et al. 2025 used genome	Freel et al. 2025 used genome
AG-430-E20	Ia.3.VII	Pelagibacteraceae	Angustipelagibacter	atlanticus	Freel et al. 2025 Type Strains	Freel et al. 2025 Type Strains	Freel et al. 2025 Type Strains	Freel et al. 2025 Type Strains
SAG-MED08	Ia.3.VII	Pelagibacteraceae	Angustipelagibacter	atlanticus	Freel et al. 2025 used genome	Freel et al. 2025 used genome	Freel et al. 2025 used genome	Freel et al. 2025 used genome
AG-912-F16	Ia.3.VII	Pelagibacteraceae	Angustipelagibacter	atlanticus	Freel et al. 2025 used genome	Freel et al. 2025 used genome	Freel et al. 2025 used genome	Freel et al. 2025 used genome
AG-903-D02	Ia.3.VII	Pelagibacteraceae	Angustipelagibacter	atlanticus	Freel et al. 2025 used genome	Freel et al. 2025 used genome	Freel et al. 2025 used genome	Freel et al. 2025 used genome
AG-894-C14	Ia.3.VII	Pelagibacteraceae	Angustipelagibacter	atlanticus	Freel et al. 2025 used genome	Freel et al. 2025 used genome	Freel et al. 2025 used genome	Freel et al. 2025 used genome
AG-918-L21	Ia.3.VII	Pelagibacteraceae	Angustipelagibacter	atlanticus	Freel et al. 2025 used genome	Freel et al. 2025 used genome	Freel et al. 2025 used genome	Freel et al. 2025 used genome
AG-916-M15	Ia.3.VII	Pelagibacteraceae	Angustipelagibacter	atlanticus	Freel et al. 2025 used genome	Freel et al. 2025 used genome	Freel et al. 2025 used genome	Freel et al. 2025 used genome
AG-917-I17	Ia.3.VII	Pelagibacteraceae	Angustipelagibacter	atlanticus	Freel et al. 2025 used genome	Freel et al. 2025 used genome	Freel et al. 2025 used genome	Freel et al. 2025 used genome
AG-918-K09	Ia.3.VII	Pelagibacteraceae	Angustipelagibacter	atlanticus	Freel et al. 2025 used genome	Freel et al. 2025 used genome	Freel et al. 2025 used genome	Freel et al. 2025 used genome
AG-390-I15	Ia.3.VII	Pelagibacteraceae	Angustipelagibacter	NA	Freel et al. 2025 used genome	Freel et al. 2025 used genome	Freel et al. 2025 used genome	NA
SAG-MED22	Ia.3.VII	Pelagibacteraceae	Angustipelagibacter	NA	Freel et al. 2025 used genome	Freel et al. 2025 used genome	Freel et al. 2025 used genome	NA
AG-891-J07	Ia.3.VII	Pelagibacteraceae	Angustipelagibacter	NA	Freel et al. 2025 used genome	Freel et al. 2025 used genome	Freel et al. 2025 used genome	NA
AG-899-J02	Ia.3.VII	Pelagibacteraceae	Angustipelagibacter	NA	Freel et al. 2025 used genome	Freel et al. 2025 used genome	Freel et al. 2025 used genome	NA
AG-894-B07	Ia.4.II	Pelagibacteraceae	Lacunipelagibacter	NA	Freel et al. 2025 used genome	Freel et al. 2025 used genome	Freel et al. 2025 used genome	NA
AG-447-N18	Ia.4.II	Pelagibacteraceae	Lacunipelagibacter	NA	Freel et al. 2025 used genome	Freel et al. 2025 used genome	Freel et al. 2025 used genome	NA
AG-919-L02	Ia.4.II	Pelagibacteraceae	Lacunipelagibacter	NA	Freel et al. 2025 used genome	Freel et al. 2025 used genome	Freel et al. 2025 used genome	NA
HIMB1437	Ia.4.II	Pelagibacteraceae	Lacunipelagibacter	aumakalihii	Freel et al. 2025 Type Strains	Freel et al. 2025 Type Strains	Freel et al. 2025 Type Strains	Freel et al. 2025 Type Strains
AG-917-K06	Ia.4.II	Pelagibacteraceae	Lacunipelagibacter	NA	Freel et al. 2025 used genome	Freel et al. 2025 used genome	Freel et al. 2025 used genome	NA
HIMB1863	Ia.4.II	Pelagibacteraceae	Lacunipelagibacter	NA	Freel et al. 2025 used genome	Freel et al. 2025 used genome	Freel et al. 2025 used genome	NA
AH-287-G05	Ia.4.II	Pelagibacteraceae	Lacunipelagibacter	NA	Freel et al. 2025 used genome	Freel et al. 2025 used genome	Freel et al. 2025 used genome	NA
AH-321-M13	Ia.4.II	Pelagibacteraceae	Lacunipelagibacter	NA	Freel et al. 2025 used genome	Freel et al. 2025 used genome	Freel et al. 2025 used genome	NA
AH-321-D17	Ia.4.II	Pelagibacteraceae	Lacunipelagibacter	NA	Freel et al. 2025 used genome	Freel et al. 2025 used genome	Freel et al. 2025 used genome	NA
HIMB2104	Ia.4.II	Pelagibacteraceae	Lacunipelagibacter	NA	Freel et al. 2025 used genome	Freel et al. 2025 used genome	Freel et al. 2025 used genome	NA
HIMB2200	Ia.4.II	Pelagibacteraceae	Lacunipelagibacter	NA	Freel et al. 2025 used genome	Freel et al. 2025 used genome	Freel et al. 2025 used genome	NA
AG-918-G06	Ia.4.II	Pelagibacteraceae	Lacunipelagibacter	NA	Freel et al. 2025 used genome	Freel et al. 2025 used genome	Freel et al. 2025 used genome	NA
HIMB2215	Ia.4.II	Pelagibacteraceae	Lacunipelagibacter	NA	Freel et al. 2025 used genome	Freel et al. 2025 used genome	Freel et al. 2025 used genome	NA
AG-919-C02	Ia.4.II	Pelagibacteraceae	Lacunipelagibacter	NA	Freel et al. 2025 used genome	Freel et al. 2025 used genome	Freel et al. 2025 used genome	NA
HIMB2204	Ia.4.II	Pelagibacteraceae	Lacunipelagibacter	NA	Freel et al. 2025 used genome	Freel et al. 2025 used genome	Freel et al. 2025 used genome	NA
AG-891-C15	Ia.4.II	Pelagibacteraceae	Lacunipelagibacter	NA	Freel et al. 2025 used genome	Freel et al. 2025 used genome	Freel et al. 2025 used genome	NA
AG-896-K10	Ia.4.II	Pelagibacteraceae	Lacunipelagibacter	NA	Freel et al. 2025 used genome	Freel et al. 2025 used genome	Freel et al. 2025 used genome	NA
AG-903-F09	Ia.4.II	Pelagibacteraceae	Lacunipelagibacter	NA	Freel et al. 2025 used genome	Freel et al. 2025 used genome	Freel et al. 2025 used genome	NA
AG-903-O08	Ia.4.II	Pelagibacteraceae	Lacunipelagibacter	NA	Freel et al. 2025 used genome	Freel et al. 2025 used genome	Freel et al. 2025 used genome	NA
HIMB1402	Ia.4.II	Pelagibacteraceae	Lacunipelagibacter	NA	Freel et al. 2025 used genome	Freel et al. 2025 used genome	Freel et al. 2025 used genome	NA
HIMB1838	Ia.4.II	Pelagibacteraceae	Lacunipelagibacter	NA	Freel et al. 2025 used genome	Freel et al. 2025 used genome	Freel et al. 2025 used genome	NA
HIMB1835	Ia.4.II	Pelagibacteraceae	Lacunipelagibacter	NA	Freel et al. 2025 used genome	Freel et al. 2025 used genome	Freel et al. 2025 used genome	NA
HIMB1483	Ia.4.N1	Pelagibacteraceae	Alipelagibacter	loemeaikii	Freel et al. 2025 Type Strains	Freel et al. 2025 Type Strains	Freel et al. 2025 Type Strains	Freel et al. 2025 Type Strains
AG-359-D09	Ia.4.N4	Pelagibacteraceae	Punctipelagibacter	variabilis	Freel et al. 2025 Type Strains	Freel et al. 2025 Type Strains	Freel et al. 2025 Type Strains	Freel et al. 2025 Type Strains
AH-321-L23	Ia.4.N4	Pelagibacteraceae	Punctipelagibacter	NA	Freel et al. 2025 used genome	Freel et al. 2025 used genome	Freel et al. 2025 used genome	NA
AH-321-P04	Ia.4.N4	Pelagibacteraceae	Punctipelagibacter	NA	Freel et al. 2025 used genome	Freel et al. 2025 used genome	Freel et al. 2025 used genome	NA
AG-337-D17	Ia.4.N5	Pelagibacteraceae	Tantillipelagibacter	NA	Freel et al. 2025 used genome	Freel et al. 2025 used genome	Freel et al. 2025 used genome	NA
AG-897-G15	Ia.4.N5	Pelagibacteraceae	Tantillipelagibacter	NA	Freel et al. 2025 used genome	Freel et al. 2025 used genome	Freel et al. 2025 used genome	NA
RS39	Ia.4.N5	Pelagibacteraceae	Tantillipelagibacter	NA	Freel et al. 2025 used genome	Freel et al. 2025 used genome	Freel et al. 2025 used genome	NA
AG-447-F10	Ia.4.N5	Pelagibacteraceae	Tantillipelagibacter	NA	Freel et al. 2025 used genome	Freel et al. 2025 used genome	Freel et al. 2025 used genome	NA
AG-907-C04	Ia.4.N5	Pelagibacteraceae	Tantillipelagibacter	NA	Freel et al. 2025 used genome	Freel et al. 2025 used genome	Freel et al. 2025 used genome	NA
AG-896-L20	Ia.4.N5	Pelagibacteraceae	Tantillipelagibacter	NA	Freel et al. 2025 used genome	Freel et al. 2025 used genome	Freel et al. 2025 used genome	NA
AG-916-A16	Ia.4.N5	Pelagibacteraceae	Tantillipelagibacter	NA	Freel et al. 2025 used genome	Freel et al. 2025 used genome	Freel et al. 2025 used genome	NA
AG-899-J23	Ia.4.N5	Pelagibacteraceae	Tantillipelagibacter	NA	Freel et al. 2025 used genome	Freel et al. 2025 used genome	Freel et al. 2025 used genome	NA
HIMB1436	Ia.4.N5	Pelagibacteraceae	Tantillipelagibacter	marisrubii	Freel et al. 2025 Type Strains	Freel et al. 2025 Type Strains	Freel et al. 2025 Type Strains	Freel et al. 2025 Type Strains
AG-909-G08	Ia.4.N5	Pelagibacteraceae	Tantillipelagibacter	NA	Freel et al. 2025 used genome	Freel et al. 2025 used genome	Freel et al. 2025 used genome	NA
AG-447-P22	Ia.4.N5	Pelagibacteraceae	Tantillipelagibacter	NA	Freel et al. 2025 used genome	Freel et al. 2025 used genome	Freel et al. 2025 used genome	NA
AG-426-D09	Ia.4.N5	Pelagibacteraceae	Tantillipelagibacter	NA	Freel et al. 2025 used genome	Freel et al. 2025 used genome	Freel et al. 2025 used genome	NA
AG-910-B05	Ia.4.N5	Pelagibacteraceae	Tantillipelagibacter	NA	Freel et al. 2025 used genome	Freel et al. 2025 used genome	Freel et al. 2025 used genome	NA
AG-894-K14	Ia.4.N5	Pelagibacteraceae	Tantillipelagibacter	NA	Freel et al. 2025 used genome	Freel et al. 2025 used genome	Freel et al. 2025 used genome	NA
HIMB2226	Ia.4.N5	Pelagibacteraceae	Tantillipelagibacter	NA	Freel et al. 2025 used genome	Freel et al. 2025 used genome	Freel et al. 2025 used genome	NA
AG-919-O02	Ia.4.N5	Pelagibacteraceae	Tantillipelagibacter	NA	Freel et al. 2025 used genome	Freel et al. 2025 used genome	Freel et al. 2025 used genome	NA
AH-287-J18	Ia.4.N5	Pelagibacteraceae	Tantillipelagibacter	NA	Freel et al. 2025 used genome	Freel et al. 2025 used genome	Freel et al. 2025 used genome	NA
HIMB2187	Ia.4.N5	Pelagibacteraceae	Tantillipelagibacter	NA	Freel et al. 2025 used genome	Freel et al. 2025 used genome	Freel et al. 2025 used genome	NA
AG-895-K10	Ia.4.N6	Pelagibacteraceae	Colligatipelagibacter	wilhelmii	Freel et al. 2025 Type Strains	Freel et al. 2025 Type Strains	Freel et al. 2025 Type Strains	Freel et al. 2025 Type Strains
AG-899-M07	Ia.4.N6	Pelagibacteraceae	Colligatipelagibacter	NA	Freel et al. 2025 used genome	Freel et al. 2025 used genome	Freel et al. 2025 used genome	NA
AG-905-A07	Ia.4.N6	Pelagibacteraceae	Colligatipelagibacter	NA	Freel et al. 2025 used genome	Freel et al. 2025 used genome	Freel et al. 2025 used genome	NA
AG-919-F03	Ia.4.N6	Pelagibacteraceae	Colligatipelagibacter	NA	Freel et al. 2025 used genome	Freel et al. 2025 used genome	Freel et al. 2025 used genome	NA
AG-899-B09	Ib.1	Pelagibacteraceae	Superipelagibacter	NA	Freel et al. 2025 used genome	Freel et al. 2025 used genome	Freel et al. 2025 used genome	NA
AG-917-E05	Ib.1	Pelagibacteraceae	Superipelagibacter	NA	Freel et al. 2025 used genome	Freel et al. 2025 used genome	Freel et al. 2025 used genome	NA
AG-918-G15	Ib.1	Pelagibacteraceae	Superipelagibacter	NA	Freel et al. 2025 used genome	Freel et al. 2025 used genome	Freel et al. 2025 used genome	NA
RS40	Ib.1	Pelagibacteraceae	Superipelagibacter	NA	Freel et al. 2025 used genome	Freel et al. 2025 used genome	Freel et al. 2025 used genome	NA
AH-287-O09	Ib.1	Pelagibacteraceae	Superipelagibacter	NA	Freel et al. 2025 used genome	Freel et al. 2025 used genome	Freel et al. 2025 used genome	NA
HIMB2305	Ib.1	Pelagibacteraceae	Superipelagibacter	microcenae	Freel et al. 2025 Type Strains	Freel et al. 2025 Type Strains	Freel et al. 2025 Type Strains	Freel et al. 2025 Type Strains
AG-337-D16	Ib.1.III	Pelagibacteraceae	Copipelagibacter	NA	Freel et al. 2025 used genome	Freel et al. 2025 used genome	Freel et al. 2025 used genome	NA
AG-900-I13	Ib.1.III	Pelagibacteraceae	Copipelagibacter	NA	Freel et al. 2025 used genome	Freel et al. 2025 used genome	Freel et al. 2025 used genome	NA
AG-918-G22	Ib.1.III	Pelagibacteraceae	Copipelagibacter	NA	Freel et al. 2025 used genome	Freel et al. 2025 used genome	Freel et al. 2025 used genome	NA
AG-892-F15	Ib.1.III	Pelagibacteraceae	Copipelagibacter	splendidus	Freel et al. 2025 Type Strains	Freel et al. 2025 Type Strains	Freel et al. 2025 Type Strains	Freel et al. 2025 Type Strains
AG-894-F15	Ib.1.III	Pelagibacteraceae	Copipelagibacter	splendidus	Freel et al. 2025 used genome	Freel et al. 2025 used genome	Freel et al. 2025 used genome	Freel et al. 2025 used genome
AG-893-J08	Ib.1.III	Pelagibacteraceae	Copipelagibacter	NA	Freel et al. 2025 used genome	Freel et al. 2025 used genome	Freel et al. 2025 used genome	NA
AG-893-M22	Ib.1.III	Pelagibacteraceae	Copipelagibacter	NA	Freel et al. 2025 used genome	Freel et al. 2025 used genome	Freel et al. 2025 used genome	NA
AG-900-G16	Ib.1.III	Pelagibacteraceae	Copipelagibacter	NA	Freel et al. 2025 used genome	Freel et al. 2025 used genome	Freel et al. 2025 used genome	NA
AG-900-I19	Ib.1.III	Pelagibacteraceae	Copipelagibacter	NA	Freel et al. 2025 used genome	Freel et al. 2025 used genome	Freel et al. 2025 used genome	NA
AG-359-G17	Ib.1.III	Pelagibacteraceae	Copipelagibacter	NA	Freel et al. 2025 used genome	Freel et al. 2025 used genome	Freel et al. 2025 used genome	NA
AG-426-M19	Ib.1.III	Pelagibacteraceae	Copipelagibacter	NA	Freel et al. 2025 used genome	Freel et al. 2025 used genome	Freel et al. 2025 used genome	NA
AG-894-B06	Ib.1.III	Pelagibacteraceae	Copipelagibacter	NA	Freel et al. 2025 used genome	Freel et al. 2025 used genome	Freel et al. 2025 used genome	NA
AG-903-C11	Ib.1.III	Pelagibacteraceae	Copipelagibacter	NA	Freel et al. 2025 used genome	Freel et al. 2025 used genome	Freel et al. 2025 used genome	NA
AG-897-O16	Ib.1.III	Pelagibacteraceae	Copipelagibacter	NA	Freel et al. 2025 used genome	Freel et al. 2025 used genome	Freel et al. 2025 used genome	NA
AG-918-E02	Ib.1.III	Pelagibacteraceae	Copipelagibacter	NA	Freel et al. 2025 used genome	Freel et al. 2025 used genome	Freel et al. 2025 used genome	NA
AG-893-N07	Ib.1.III	Pelagibacteraceae	Copipelagibacter	NA	Freel et al. 2025 used genome	Freel et al. 2025 used genome	Freel et al. 2025 used genome	NA
AG-898-G21	Ib.1.III	Pelagibacteraceae	Copipelagibacter	splendidus	Freel et al. 2025 used genome	Freel et al. 2025 used genome	Freel et al. 2025 used genome	Freel et al. 2025 used genome
AG-909-F14	Ib.1.III	Pelagibacteraceae	Copipelagibacter	NA	Freel et al. 2025 used genome	Freel et al. 2025 used genome	Freel et al. 2025 used genome	NA
AG-912-I02	Ib.1.III	Pelagibacteraceae	Copipelagibacter	NA	Freel et al. 2025 used genome	Freel et al. 2025 used genome	Freel et al. 2025 used genome	NA
AG-359-O11	Ib.1.III	Pelagibacteraceae	Copipelagibacter	NA	Freel et al. 2025 used genome	Freel et al. 2025 used genome	Freel et al. 2025 used genome	NA
AG-915-G14	Ib.1.III	Pelagibacteraceae	Copipelagibacter	NA	Freel et al. 2025 used genome	Freel et al. 2025 used genome	Freel et al. 2025 used genome	NA
AG-916-E19	Ib.1.III	Pelagibacteraceae	Copipelagibacter	NA	Freel et al. 2025 used genome	Freel et al. 2025 used genome	Freel et al. 2025 used genome	NA
AG-359-B05	Ib.1.III	Pelagibacteraceae	Copipelagibacter	NA	Freel et al. 2025 used genome	Freel et al. 2025 used genome	Freel et al. 2025 used genome	NA
AG-892-B11	Ib.1.III	Pelagibacteraceae	Copipelagibacter	NA	Freel et al. 2025 used genome	Freel et al. 2025 used genome	Freel et al. 2025 used genome	NA
AG-894-E10	Ib.1.III	Pelagibacteraceae	Copipelagibacter	NA	Freel et al. 2025 used genome	Freel et al. 2025 used genome	Freel et al. 2025 used genome	NA
AG-908-L09	Ib.1.III	Pelagibacteraceae	Copipelagibacter	NA	Freel et al. 2025 used genome	Freel et al. 2025 used genome	Freel et al. 2025 used genome	NA
AG-917-D14	Ib.1.III	Pelagibacteraceae	Copipelagibacter	NA	Freel et al. 2025 used genome	Freel et al. 2025 used genome	Freel et al. 2025 used genome	NA
AG-892-J03	Ib.1.III	Pelagibacteraceae	Copipelagibacter	NA	Freel et al. 2025 used genome	Freel et al. 2025 used genome	Freel et al. 2025 used genome	NA
AG-899-A06	Ib.1.III	Pelagibacteraceae	Copipelagibacter	NA	Freel et al. 2025 used genome	Freel et al. 2025 used genome	Freel et al. 2025 used genome	NA
AG-918-K13	Ib.1.III	Pelagibacteraceae	Copipelagibacter	NA	Freel et al. 2025 used genome	Freel et al. 2025 used genome	Freel et al. 2025 used genome	NA
AG-897-G09	Ib.1.III	Pelagibacteraceae	Copipelagibacter	NA	Freel et al. 2025 used genome	Freel et al. 2025 used genome	Freel et al. 2025 used genome	NA
AG-907-F09	Ib.2.I	Pelagibacteraceae	Stellipelagibacter	NA	Freel et al. 2025 used genome	Freel et al. 2025 used genome	Freel et al. 2025 used genome	NA
AG-337-G04	Ib.2.I	Pelagibacteraceae	Stellipelagibacter	NA	Freel et al. 2025 used genome	Freel et al. 2025 used genome	Freel et al. 2025 used genome	NA
AG-461-L09	Ib.2.I	Pelagibacteraceae	Stellipelagibacter	NA	Freel et al. 2025 used genome	Freel et al. 2025 used genome	Freel et al. 2025 used genome	NA
AG-894-L17	Ib.2.I	Pelagibacteraceae	Stellipelagibacter	NA	Freel et al. 2025 used genome	Freel et al. 2025 used genome	Freel et al. 2025 used genome	NA
AG-414-O09	Ib.2.I	Pelagibacteraceae	Stellipelagibacter	NA	Freel et al. 2025 used genome	Freel et al. 2025 used genome	Freel et al. 2025 used genome	NA
AG-893-L07	Ib.2.I	Pelagibacteraceae	Stellipelagibacter	NA	Freel et al. 2025 used genome	Freel et al. 2025 used genome	Freel et al. 2025 used genome	NA
AG-904-K03	Ib.2.I	Pelagibacteraceae	Stellipelagibacter	NA	Freel et al. 2025 used genome	Freel et al. 2025 used genome	Freel et al. 2025 used genome	NA
AG-916-O20	Ib.2.I	Pelagibacteraceae	Stellipelagibacter	NA	Freel et al. 2025 used genome	Freel et al. 2025 used genome	Freel et al. 2025 used genome	NA
AG-901-I06	Ib.2.I	Pelagibacteraceae	Stellipelagibacter	NA	Freel et al. 2025 used genome	Freel et al. 2025 used genome	Freel et al. 2025 used genome	NA
AG-337-C19	Ib.N10	Pelagibacteraceae	Fusipelagibacter	NA	Freel et al. 2025 used genome	Freel et al. 2025 used genome	Freel et al. 2025 used genome	NA
AG-893-L13	Ib.N10	Pelagibacteraceae	Fusipelagibacter	tranquillus	Freel et al. 2025 used genome	Freel et al. 2025 used genome	Freel et al. 2025 used genome	Freel et al. 2025 used genome
AG-899-M19	Ib.N10	Pelagibacteraceae	Fusipelagibacter	tranquillus	Freel et al. 2025 used genome	Freel et al. 2025 used genome	Freel et al. 2025 used genome	Freel et al. 2025 used genome
AG-917-F16	Ib.N10	Pelagibacteraceae	Fusipelagibacter	tranquillus	Freel et al. 2025 used genome	Freel et al. 2025 used genome	Freel et al. 2025 used genome	Freel et al. 2025 used genome
AG-905-M05	Ib.N10	Pelagibacteraceae	Fusipelagibacter	tranquillus	Freel et al. 2025 Type Strains	Freel et al. 2025 Type Strains	Freel et al. 2025 Type Strains	Freel et al. 2025 Type Strains
AG-426-F15	Ib.N7	Pelagibacteraceae	Parvipelagibacter	dignotus	Freel et al. 2025 Type Strains	Freel et al. 2025 Type Strains	Freel et al. 2025 Type Strains	Freel et al. 2025 Type Strains
AG-903-L07	Ib.2.N7	Pelagibacteraceae	Parvipelagibacter	NA	Freel et al. 2025 used genome	Freel et al. 2025 used genome	Freel et al. 2025 used genome	NA
AG-905-O08	Ib.2.N7	Pelagibacteraceae	Parvipelagibacter	NA	Freel et al. 2025 used genome	Freel et al. 2025 used genome	Freel et al. 2025 used genome	NA
AG-916-G09	Ib.2.N7	Pelagibacteraceae	Parvipelagibacter	NA	Freel et al. 2025 used genome	Freel et al. 2025 used genome	Freel et al. 2025 used genome	NA
AG-918-B06	Ib.2.N7	Pelagibacteraceae	Parvipelagibacter	NA	Freel et al. 2025 used genome	Freel et al. 2025 used genome	Freel et al. 2025 used genome	NA
AG-915-G13	Ib.2.N7	Pelagibacteraceae	Parvipelagibacter	NA	Freel et al. 2025 used genome	Freel et al. 2025 used genome	Freel et al. 2025 used genome	NA
AG-426-E17	Ib.4.I	Pelagibacteraceae	Extensipelagibacter	unicus	Freel et al. 2025 Type Strains	Freel et al. 2025 Type Strains	Freel et al. 2025 Type Strains	Freel et al. 2025 Type Strains
AG-916-A21	Ib.4.I	Pelagibacteraceae	Extensipelagibacter	unicus	Freel et al. 2025 used genome	Freel et al. 2025 used genome	Freel et al. 2025 used genome	Freel et al. 2025 used genome
AG-325-E08	Ia.4.N2	Pelagibacteraceae	Pantolocipelagibacter	NA	Freel et al. 2025 used genome	Freel et al. 2025 used genome	Freel et al. 2025 used genome	NA
AG-390-D15	Ia.4.N2	Pelagibacteraceae	Pantolocipelagibacter	NA	Freel et al. 2025 used genome	Freel et al. 2025 used genome	Freel et al. 2025 used genome	NA
SAG-MED11	Ia.4.N2	Pelagibacteraceae	Pantolocipelagibacter	NA	Freel et al. 2025 used genome	Freel et al. 2025 used genome	Freel et al. 2025 used genome	NA
AG-916-G19	Ia.4.N2	Pelagibacteraceae	Pantolocipelagibacter	undulae	Freel et al. 2025 Type Strains	Freel et al. 2025 Type Strains	Freel et al. 2025 Type Strains	Freel et al. 2025 Type Strains
AG-893-F11	Ia.4.N3	Pelagibacteraceae	Proventipelagibacter	oceanicus	Freel et al. 2025 Type Strains	Freel et al. 2025 Type Strains	Freel et al. 2025 Type Strains	Freel et al. 2025 Type Strains
AG-892-K05	Ia.4.N3	Pelagibacteraceae	Proventipelagibacter	NA	Freel et al. 2025 used genome	Freel et al. 2025 used genome	Freel et al. 2025 used genome	NA
AG-912-C08	Ia.4.N3	Pelagibacteraceae	Proventipelagibacter	NA	Freel et al. 2025 used genome	Freel et al. 2025 used genome	Freel et al. 2025 used genome	NA
AG-900-K21	Ia.4.N3	Pelagibacteraceae	Proventipelagibacter	NA	Freel et al. 2025 used genome	Freel et al. 2025 used genome	Freel et al. 2025 used genome	NA
AG-908-F20	Ia.4.N3	Pelagibacteraceae	Proventipelagibacter	NA	Freel et al. 2025 used genome	Freel et al. 2025 used genome	Freel et al. 2025 used genome	NA
AG-894-L13	Ia.4.N3	Pelagibacteraceae	Proventipelagibacter	NA	Freel et al. 2025 used genome	Freel et al. 2025 used genome	Freel et al. 2025 used genome	NA
AG-895-J19	Ia.4.N3	Pelagibacteraceae	Proventipelagibacter	NA	Freel et al. 2025 used genome	Freel et al. 2025 used genome	Freel et al. 2025 used genome	NA
AG-461-M18	Ib.4.N8	Pelagibacteraceae	Medipelagibacter	NA	Freel et al. 2025 used genome	Freel et al. 2025 used genome	Freel et al. 2025 used genome	NA
AG-893-K09	Ib.4.N8	Pelagibacteraceae	Medipelagibacter	bermudensis	Freel et al. 2025 Type Strains	Freel et al. 2025 Type Strains	Freel et al. 2025 Type Strains	Freel et al. 2025 Type Strains
AG-901-I21	Ib.4.N8	Pelagibacteraceae	Medipelagibacter	bermudensis	Freel et al. 2025 used genome	Freel et al. 2025 used genome	Freel et al. 2025 used genome	Freel et al. 2025 used genome
AG-917-M15	Ib.4.N8	Pelagibacteraceae	Medipelagibacter	NA	Freel et al. 2025 used genome	Freel et al. 2025 used genome	Freel et al. 2025 used genome	NA
AG-917-B07	Ib.4.N8	Pelagibacteraceae	Medipelagibacter	NA	Freel et al. 2025 used genome	Freel et al. 2025 used genome	Freel et al. 2025 used genome	NA
AG-920-L19	Ib.4.N8	Pelagibacteraceae	Medipelagibacter	NA	Freel et al. 2025 used genome	Freel et al. 2025 used genome	Freel et al. 2025 used genome	NA
AH-324-B10	Ib.4.N8	Pelagibacteraceae	Medipelagibacter	NA	Freel et al. 2025 used genome	Freel et al. 2025 used genome	Freel et al. 2025 used genome	NA
AG-430-F16	Ib.4.N9	Pelagibacteraceae	Amplipelagibacter	globalis	Freel et al. 2025 Type Strains	Freel et al. 2025 Type Strains	Freel et al. 2025 Type Strains	Freel et al. 2025 Type Strains
AG-907-E04	Ib.2.N9	Pelagibacteraceae	Amplipelagibacter	NA	Freel et al. 2025 used genome	Freel et al. 2025 used genome	Freel et al. 2025 used genome	NA
AG-914-A09	Ib.2.N9	Pelagibacteraceae	Amplipelagibacter	NA	Freel et al. 2025 used genome	Freel et al. 2025 used genome	Freel et al. 2025 used genome	NA
AG-916-O13	Ib.2.N9	Pelagibacteraceae	Amplipelagibacter	NA	Freel et al. 2025 used genome	Freel et al. 2025 used genome	Freel et al. 2025 used genome	NA
AG-903-K07	Ib.2.N9	Pelagibacteraceae	Amplipelagibacter	NA	Freel et al. 2025 used genome	Freel et al. 2025 used genome	Freel et al. 2025 used genome	NA
AG-349-I05	Ib.N11	Pelagibacteraceae	Rubripelagibacter	NA	Freel et al. 2025 used genome	Freel et al. 2025 used genome	Freel et al. 2025 used genome	NA
AG-430-I18	Ib.N11	Pelagibacteraceae	Rubripelagibacter	NA	Freel et al. 2025 used genome	Freel et al. 2025 used genome	Freel et al. 2025 used genome	NA
AG-911-N14	Ib.N11	Pelagibacteraceae	Rubripelagibacter	NA	Freel et al. 2025 used genome	Freel et al. 2025 used genome	Freel et al. 2025 used genome	NA
AG-414-E02	Ic	Mesopelagibacteraceae	Mesopelagibacter	NA	Freel et al. 2025 used genome	Freel et al. 2025 used genome	Freel et al. 2025 used genome	NA
AG-343-E17	IIa.A	Cosmipelagibacteraceae	Anoxypelagibacter	NA	Freel et al. 2025 used genome	Freel et al. 2025 used genome	Freel et al. 2025 used genome	NA
AG-414-B15	IIa.A	Cosmipelagibacteraceae	Anoxypelagibacter	NA	Freel et al. 2025 used genome	Freel et al. 2025 used genome	Freel et al. 2025 used genome	NA
AG-426-O05	IIa.A	Cosmipelagibacteraceae	Anoxypelagibacter	NA	Freel et al. 2025 used genome	Freel et al. 2025 used genome	Freel et al. 2025 used genome	NA
AG-426-I15	IIa.A	Cosmipelagibacteraceae	Anoxypelagibacter	NA	Freel et al. 2025 used genome	Freel et al. 2025 used genome	Freel et al. 2025 used genome	NA
AG-430-F03	IIa.A	Cosmipelagibacteraceae	Anoxypelagibacter	NA	Freel et al. 2025 used genome	Freel et al. 2025 used genome	Freel et al. 2025 used genome	NA
AG-325-E20	IIa.A	Cosmipelagibacteraceae	Anoxypelagibacter	NA	Freel et al. 2025 used genome	Freel et al. 2025 used genome	Freel et al. 2025 used genome	NA
AG-920-L07	IIa.A	Cosmipelagibacteraceae	Anoxypelagibacter	NA	Freel et al. 2025 used genome	Freel et al. 2025 used genome	Freel et al. 2025 used genome	NA
AG-422-L15	IIa.A	Cosmipelagibacteraceae	Anoxypelagibacter	NA	Freel et al. 2025 used genome	Freel et al. 2025 used genome	Freel et al. 2025 used genome	NA
AG-912-D10	IIa.A	Cosmipelagibacteraceae	Anoxypelagibacter	NA	Freel et al. 2025 used genome	Freel et al. 2025 used genome	Freel et al. 2025 used genome	NA
AG-313-A04	IIa.B	Cosmipelagibacteraceae	Cosmipelagibacter	NA	Freel et al. 2025 used genome	Freel et al. 2025 used genome	Freel et al. 2025 used genome	NA
AG-918-N23	IIa.B	Cosmipelagibacteraceae	Cosmipelagibacter	NA	Freel et al. 2025 used genome	Freel et al. 2025 used genome	Freel et al. 2025 used genome	NA
HIMB058	IIa.B	Cosmipelagibacteraceae	Cosmipelagibacter	regressus	Freel et al. 2025 Type Strains	Freel et al. 2025 Type Strains	Freel et al. 2025 Type Strains	Freel et al. 2025 Type Strains
AG-422-F15	IIa.B	Cosmipelagibacteraceae	Cosmipelagibacter	NA	Freel et al. 2025 used genome	Freel et al. 2025 used genome	Freel et al. 2025 used genome	NA
AG-453-G04	IIa.B	Cosmipelagibacteraceae	Cosmipelagibacter	NA	Freel et al. 2025 used genome	Freel et al. 2025 used genome	Freel et al. 2025 used genome	NA
AG-891-O15	IIa.B	Cosmipelagibacteraceae	Cosmipelagibacter	NA	Freel et al. 2025 used genome	Freel et al. 2025 used genome	Freel et al. 2025 used genome	NA
AG-917-F18	IIa.B	Cosmipelagibacteraceae	Cosmipelagibacter	NA	Freel et al. 2025 used genome	Freel et al. 2025 used genome	Freel et al. 2025 used genome	NA
AH-287-C13	IIa.B	Cosmipelagibacteraceae	Cosmipelagibacter	NA	Freel et al. 2025 used genome	Freel et al. 2025 used genome	Freel et al. 2025 used genome	NA
AG-910-G11	IIa.B	Cosmipelagibacteraceae	Cosmipelagibacter	NA	Freel et al. 2025 used genome	Freel et al. 2025 used genome	Freel et al. 2025 used genome	NA
AG-919-F21	IIa.B	Cosmipelagibacteraceae	Cosmipelagibacter	NA	Freel et al. 2025 used genome	Freel et al. 2025 used genome	Freel et al. 2025 used genome	NA
AG-917-K20	IIa.B	Cosmipelagibacteraceae	Cosmipelagibacter	NA	Freel et al. 2025 used genome	Freel et al. 2025 used genome	Freel et al. 2025 used genome	NA
SAG-MED28	IIa.B	Cosmipelagibacteraceae	Cosmipelagibacter	NA	Freel et al. 2025 used genome	Freel et al. 2025 used genome	Freel et al. 2025 used genome	NA
AG-337-E15	IIa.B	Cosmipelagibacteraceae	Cosmipelagibacter	NA	Freel et al. 2025 used genome	Freel et al. 2025 used genome	Freel et al. 2025 used genome	NA
AG-911-G13	IIa.B	Cosmipelagibacteraceae	Cosmipelagibacter	NA	Freel et al. 2025 used genome	Freel et al. 2025 used genome	Freel et al. 2025 used genome	NA
AG-914-J05	IIa.B	Cosmipelagibacteraceae	Cosmipelagibacter	NA	Freel et al. 2025 used genome	Freel et al. 2025 used genome	Freel et al. 2025 used genome	NA
AG-918-M15	IIa.B	Cosmipelagibacteraceae	Cosmipelagibacter	NA	Freel et al. 2025 used genome	Freel et al. 2025 used genome	Freel et al. 2025 used genome	NA
AG-919-M05	IIa.B	Cosmipelagibacteraceae	Cosmipelagibacter	NA	Freel et al. 2025 used genome	Freel et al. 2025 used genome	Freel et al. 2025 used genome	NA
AG-912-P19	IIa.B	Cosmipelagibacteraceae	Cosmipelagibacter	NA	Freel et al. 2025 used genome	Freel et al. 2025 used genome	Freel et al. 2025 used genome	NA
AG-916-E17	IIa.B	Cosmipelagibacteraceae	Cosmipelagibacter	NA	Freel et al. 2025 used genome	Freel et al. 2025 used genome	Freel et al. 2025 used genome	NA
AG-913-I14	IIa.B	Cosmipelagibacteraceae	Cosmipelagibacter	NA	Freel et al. 2025 used genome	Freel et al. 2025 used genome	Freel et al. 2025 used genome	NA
AG-903-M21	IIa.B	Cosmipelagibacteraceae	Cosmipelagibacter	NA	Freel et al. 2025 used genome	Freel et al. 2025 used genome	Freel et al. 2025 used genome	NA
AH-287-E19	IIa.B	Cosmipelagibacteraceae	Cosmipelagibacter	NA	Freel et al. 2025 used genome	Freel et al. 2025 used genome	Freel et al. 2025 used genome	NA
AG-919-I13	IIa.B	Cosmipelagibacteraceae	Cosmipelagibacter	NA	Freel et al. 2025 used genome	Freel et al. 2025 used genome	Freel et al. 2025 used genome	NA
AG-390-M15	IIa.B	Cosmipelagibacteraceae	Cosmipelagibacter	NA	Freel et al. 2025 used genome	Freel et al. 2025 used genome	Freel et al. 2025 used genome	NA
SAG-MED05	IIa.B	Cosmipelagibacteraceae	Cosmipelagibacter	NA	Freel et al. 2025 used genome	Freel et al. 2025 used genome	Freel et al. 2025 used genome	NA
AG-461-E04	IIa.B	Cosmipelagibacteraceae	Cosmipelagibacter	NA	Freel et al. 2025 used genome	Freel et al. 2025 used genome	Freel et al. 2025 used genome	NA
AG-337-G11	Ia.4.N3	Pelagibacteraceae	Proventipelagibacter	NA	Freel et al. 2025 used genome	Freel et al. 2025 used genome	Freel et al. 2025 used genome	NA
ETNP2013_S02_SV82_300m_MAG_01	IIa.A	Cosmipelagibacteraceae	Anoxypelagibacter	denitrificans	Freel et al. 2025 Type Strains	Freel et al. 2025 Type Strains	Freel et al. 2025 Type Strains	Freel et al. 2025 Type Strains
GOM-A1	Ib.1.III	Pelagibacteraceae	Copipelagibacter	splendidus	Freel et al. 2025 used genome	Freel et al. 2025 used genome	Freel et al. 2025 used genome	Freel et al. 2025 used genome
HIMB109	NA	Fontibacteriaceae	Elongatipelagibacter	longiformis	NA	Freel et al. 2025 used genome	Freel et al. 2025 used genome	Freel et al. 2025 used genome
HIMB114	NA	Fontibacteriaceae	Elongatipelagibacter	longiformis	NA	Freel et al. 2025 Type Strains	Freel et al. 2025 Type Strains	Freel et al. 2025 Type Strains
HIMB1517	NA	Fontibacteriaceae	Elongatipelagibacter	longiformis	NA	Freel et al. 2025 used genome	Freel et al. 2025 used genome	Freel et al. 2025 used genome
HIMB1565	NA	Fontibacteriaceae	Elongatipelagibacter	longiformis	NA	Freel et al. 2025 used genome	Freel et al. 2025 used genome	Freel et al. 2025 used genome
LSUCC0530	NA	Fontibacteriaceae	Fontibacterium	commune	NA	Freel et al. 2025 Type Strains	Freel et al. 2025 Type Strains	Freel et al. 2025 Type Strains
